event_year,publication_date,document_number,document_type,title,abstract,html_url,pdf_url,is_p3_candidate,candidate_type,matched_terms,country_target,country_target_coding_status,semiconductor_related_manual_status,severity,severity_coding_status,source_flag
2017,2017-01-04,2016-31969,Rule,Addition of Certain Entities to the Entity List,"The Bureau of Industry and Security (BIS) amends the Export Administration Regulations (EAR) by adding five entities to the Entity List. These five entities have been determined by the U.S. Government to be acting contrary to the national security or foreign policy interests of the United States. BIS is taking this action in conjunction with the designations made by the Office of Foreign Asset Controls, Department of the Treasury, under amended Executive Order 13694. This final rule lists these entities on the Entity List under the destination of Russia.",https://www.federalregister.gov/documents/2017/01/04/2016-31969/addition-of-certain-entities-to-the-entity-list,https://www.govinfo.gov/content/pkg/FR-2017-01-04/pdf/2016-31969.pdf,True,entity_list_requires_manual_semiconductor_coding,entity list,,not_coded,not_manually_coded,,not_coded,Federal_Register_BIS_agency_archive
2017,2017-01-06,2017-00007,Notice,"In the Matter of: Robert Luba, Inmate Number: 65986-050, USP Canaan, U.S. Penitentiary, Satellite Camp, P.O. Box 200, Waymart, PA 18472; Order Denying Export Privileges",,https://www.federalregister.gov/documents/2017/01/06/2017-00007/in-the-matter-of-robert-luba-inmate-number-65986-050-usp-canaan-us-penitentiary-satellite-camp-po,https://www.govinfo.gov/content/pkg/FR-2017-01-06/pdf/2017-00007.pdf,False,not_candidate,,,not_coded,not_manually_coded,,not_coded,Federal_Register_BIS_agency_archive
2017,2017-01-06,2017-00015,Notice,"In the Matter of: Dane Francisco Delgado, Inmate Number: 60114-379, Eden, Correctional Institution, P.O. Box 605, Eden, TX 76837; Order Denying Export Privileges",,https://www.federalregister.gov/documents/2017/01/06/2017-00015/in-the-matter-of-dane-francisco-delgado-inmate-number-60114-379-eden-correctional-institution-po-box,https://www.govinfo.gov/content/pkg/FR-2017-01-06/pdf/2017-00015.pdf,False,not_candidate,,,not_coded,not_manually_coded,,not_coded,Federal_Register_BIS_agency_archive
2017,2017-01-06,2017-00016,Notice,"In the Matter of: Kamran Ashfaq Malik, Inmate Number: 57841-037, FCI Fort Dix, Federal Correctional Institution, P.O. Box 2000, Joint Base MDL, NJ 08640; Order Denying Export Privileges",,https://www.federalregister.gov/documents/2017/01/06/2017-00016/in-the-matter-of-kamran-ashfaq-malik-inmate-number-57841-037-fci-fort-dix-federal-correctional,https://www.govinfo.gov/content/pkg/FR-2017-01-06/pdf/2017-00016.pdf,False,not_candidate,,,not_coded,not_manually_coded,,not_coded,Federal_Register_BIS_agency_archive
2017,2017-01-09,2017-00092,Notice,Order Renewing Order Temporarily Denying Export Privileges,,https://www.federalregister.gov/documents/2017/01/09/2017-00092/order-renewing-order-temporarily-denying-export-privileges,https://www.govinfo.gov/content/pkg/FR-2017-01-09/pdf/2017-00092.pdf,False,not_candidate,,,not_coded,not_manually_coded,,not_coded,Federal_Register_BIS_agency_archive
2017,2017-01-10,2016-31755,Rule,Revisions to the Export Administration Regulations (EAR): Control of Spacecraft Systems and Related Items the President Determines No Longer Warrant Control Under the United States Munitions List (USML),"This final rule addresses issues raised in, and public comments on, the interim final rule that was published on May 13, 2014, as well as additional clarifications and corrections. The May 13 rule added controls to the Export Administration Regulations (EAR) for spacecraft and related items that the President has determined no longer warrant control under United States Munitions List (USML) Category XV--spacecraft and related items. This is the third final rule BIS has published related to the May 13 rule and completes the regulatory action for the interim final rule. These changes were also informed by comments received in response to the May 13 rule that included a request for comments, as well as interagency discussions on how best to address the comments. The changes made in this final rule are grouped into four types of changes: Changes to address the movement of additional spacecraft and related items from the USML to the Commerce Control List (CCL), as a result of changes in aperture size for spacecraft that warrant ITAR control, in response to public comments and further U.S. Government review; changes to address the movement of the James Webb Space Telescope (JWST) from the USML to the CCL; other corrections and clarifications to the spacecraft interim final rule; and addition of .y items to Export Control Classification Number 9A515. This final rule is being published in conjunction with the publication of a Department of State, Directorate of Defense Trade Controls (DDTC) final rule, which makes changes, including corrections and clarifications, to the provisions adopted in the State Department's own May 13, 2014 rule. The State May 13 rule revised USML Category XV (22 CFR 121.1) to control those articles the President has determined warrant control on the USML. Both May 13 rules and the subsequent related rules are part of the President's Export Control Reform Initiative. This rule is also part of Commerce's retrospective regulatory review plan under Executive Order (EO) 13563 (see the SUPPLEMENTARY INFORMATION section of this rule for information on the availability of the plan).",https://www.federalregister.gov/documents/2017/01/10/2016-31755/revisions-to-the-export-administration-regulations-ear-control-of-spacecraft-systems-and-related,https://www.govinfo.gov/content/pkg/FR-2017-01-10/pdf/2016-31755.pdf,False,not_candidate,,,not_coded,not_manually_coded,,not_coded,Federal_Register_BIS_agency_archive
2017,2017-01-10,2016-31833,Rule,Addition of Certain Persons and Revisions to Entries on the Entity List; and Removal of a Person From the Entity List,"This rule amends the Export Administration Regulations (EAR) by adding five persons to the Entity List. The five persons who are added to the Entity List have been determined by the U.S. Government to be acting contrary to the national security or foreign policy interests of the United States. These five persons will be listed on the Entity List under the destination of Turkey. This final rule also removes one entity from the Entity List under the destination of India as the result of a request for removal received by BIS and a review of information provided in the removal request in accordance with the procedure for requesting removal or modification of an Entity List entity. Finally, this rule is also revising five existing entries in the Entity List, under the destinations of Armenia, Greece, Pakistan, Russia and the United Kingdom (U.K.). Four of these entries are modified to reflect the removal from the Entity List of the entity located in India. The license requirement for the entry under the destination of Russia is being revised to conform with a general license issued by the Department of the Treasury's Office of Foreign Assets Control on December 20, 2016.",https://www.federalregister.gov/documents/2017/01/10/2016-31833/addition-of-certain-persons-and-revisions-to-entries-on-the-entity-list-and-removal-of-a-person-from,https://www.govinfo.gov/content/pkg/FR-2017-01-10/pdf/2016-31833.pdf,True,entity_list_requires_manual_semiconductor_coding,entity list,,not_coded,not_manually_coded,,not_coded,Federal_Register_BIS_agency_archive
2017,2017-01-11,2017-00338,Notice,Information Systems; Technical Advisory Committee; Notice of Open Meeting,,https://www.federalregister.gov/documents/2017/01/11/2017-00338/information-systems-technical-advisory-committee-notice-of-open-meeting,https://www.govinfo.gov/content/pkg/FR-2017-01-11/pdf/2017-00338.pdf,False,not_candidate,,,not_coded,not_manually_coded,,not_coded,Federal_Register_BIS_agency_archive
2017,2017-01-11,2017-00339,Notice,Sensors and Instrumentation Technical Advisory Committee; Notice of Open Meeting,,https://www.federalregister.gov/documents/2017/01/11/2017-00339/sensors-and-instrumentation-technical-advisory-committee-notice-of-open-meeting,https://www.govinfo.gov/content/pkg/FR-2017-01-11/pdf/2017-00339.pdf,False,not_candidate,,,not_coded,not_manually_coded,,not_coded,Federal_Register_BIS_agency_archive
2017,2017-01-13,2017-00652,Notice,Increase of Controls: Infrared Detection Items,"On October 12, 2016, the Bureau of Industry and Security (BIS) published a final rule entitled ""Revisions to the Export Administration Regulations (EAR): Control of Fire Control, Laser, Imaging, and Guidance Equipment the President Determines No Longer Warrant Control Under the United States Munitions List (USML)."" This notice of inquiry is published to request comments from the public on the impact of further increasing certain controls implemented by that final rule.",https://www.federalregister.gov/documents/2017/01/13/2017-00652/increase-of-controls-infrared-detection-items,https://www.govinfo.gov/content/pkg/FR-2017-01-13/pdf/2017-00652.pdf,False,not_candidate,,,not_coded,not_manually_coded,,not_coded,Federal_Register_BIS_agency_archive
2017,2017-01-17,2017-00836,Rule,Revisions to Sudan Licensing Policy,"This rule revises the policy of review for applications for licenses to export or reexport to Sudan certain items that are intended to ensure the safety of civil aviation or the safe operation of fixed- wing, commercial passenger aircraft. Such applications will now be reviewed under a general policy of approval rather than a general policy of denial. This rule also revises the review policy from a general policy of denial to a general policy of approval for applications for licenses to export or reexport to Sudan certain items for use to inspect, design, construct, operate, improve, maintain, repair, overhaul or refurbish railroads in Sudan. This rule does not create any new license requirements or remove any existing license requirements for exports or reexports to Sudan. BIS is making these licensing policy changes in connection with ongoing U.S.-Sudan bilateral engagement, and with the aim of enhancing the safety of Sudan's civil aviation and improving the country's railroads. This action takes into account the United States' goals to improve regional peace and security. This rule also removes two instances of ""contract sanctity dates"" pertaining to the export and reexport of certain items to Sudan from the EAR that currently serve no practical purpose. BIS is taking these actions in coordination with the Department of the Treasury's Office of Foreign Assets Control (OFAC), which is amending the Sudanese Sanctions Regulations.",https://www.federalregister.gov/documents/2017/01/17/2017-00836/revisions-to-sudan-licensing-policy,https://www.govinfo.gov/content/pkg/FR-2017-01-17/pdf/2017-00836.pdf,False,not_candidate,,,not_coded,not_manually_coded,,not_coded,Federal_Register_BIS_agency_archive
2017,2017-01-17,2017-00893,Notice,Order Relating To Berty Tyloo,,https://www.federalregister.gov/documents/2017/01/17/2017-00893/order-relating-to-berty-tyloo,https://www.govinfo.gov/content/pkg/FR-2017-01-17/pdf/2017-00893.pdf,False,not_candidate,,,not_coded,not_manually_coded,,not_coded,Federal_Register_BIS_agency_archive
2017,2017-01-19,2017-00439,Rule,Amendments to the Export Administration Regulations Implementing an Additional Phase of India-U.S. Export Control Cooperation,"In this final rule, the Bureau of Industry and Security (BIS) amends the Export Administration Regulations (EAR) to implement the India-U.S. Joint Statement of June 7, 2016 (June Statement), which recognized the United States and India as Major Defense Partners. This rule amends the EAR by establishing a licensing policy of general approval for exports or reexports to or transfers within India of items subject to the EAR and controlled only for National Security or Regional Stability reasons. In addition, BIS amends the end use and end user provisions of the Validated End User (VEU) authorization to state that items obtained under authorization VEU in India may be used for either civil or military end uses other than those that are for use in nuclear, ""missile,"" or chemical or biological weapons activities.",https://www.federalregister.gov/documents/2017/01/19/2017-00439/amendments-to-the-export-administration-regulations-implementing-an-additional-phase-of-india-us,https://www.govinfo.gov/content/pkg/FR-2017-01-19/pdf/2017-00439.pdf,False,not_candidate,,,not_coded,not_manually_coded,,not_coded,Federal_Register_BIS_agency_archive
2017,2017-01-19,2017-00446,Rule,Support Document Requirements With Respect to Hong Kong,"This rule requires persons intending to export or reexport to Hong Kong any item subject to the Export Administration Regulations (EAR) and controlled on the Commerce Control List (CCL) for national security (NS), missile technology (MT), nuclear nonproliferation (NP column 1), or chemical and biological weapons (CB) reasons to obtain, prior to such export or reexport, a copy of a Hong Kong import license or a written statement from the Hong Kong government that such a license is not required. This rule also requires persons intending to reexport from Hong Kong any item subject to the EAR and controlled for NS, MT, NP column 1, or CB reasons to obtain a Hong Kong export license or a statement from the Hong Kong government that such a license is not required.",https://www.federalregister.gov/documents/2017/01/19/2017-00446/support-document-requirements-with-respect-to-hong-kong,https://www.govinfo.gov/content/pkg/FR-2017-01-19/pdf/2017-00446.pdf,False,not_candidate,,,not_coded,not_manually_coded,,not_coded,Federal_Register_BIS_agency_archive
2017,2017-01-23,2017-00443,Rule,Updated Statements of Legal Authority for the Export Administration Regulations,"This rule updates the Code of Federal Regulations (CFR) legal authority citations in the Export Administration Regulations (EAR) to cite the most recent Presidential notice continuing an emergency declared pursuant to the International Emergency Economic Powers Act. This is a non-substantive rule that only updates authority paragraphs of the EAR. It does not alter any right, obligation or prohibition that applies to any person under the EAR.",https://www.federalregister.gov/documents/2017/01/23/2017-00443/updated-statements-of-legal-authority-for-the-export-administration-regulations,https://www.govinfo.gov/content/pkg/FR-2017-01-23/pdf/2017-00443.pdf,False,not_candidate,,,not_coded,not_manually_coded,,not_coded,Federal_Register_BIS_agency_archive
2017,2017-01-23,2017-01423,Notice,Information Systems Technical Advisory Committee; Notice of Partially Closed Meeting,,https://www.federalregister.gov/documents/2017/01/23/2017-01423/information-systems-technical-advisory-committee-notice-of-partially-closed-meeting,https://www.govinfo.gov/content/pkg/FR-2017-01-23/pdf/2017-01423.pdf,False,not_candidate,,,not_coded,not_manually_coded,,not_coded,Federal_Register_BIS_agency_archive
2017,2017-01-23,2017-01425,Notice,Sensors and Instrumentation Technical Advisory Committee; Notice of Partially Closed Meeting,,https://www.federalregister.gov/documents/2017/01/23/2017-01425/sensors-and-instrumentation-technical-advisory-committee-notice-of-partially-closed-meeting,https://www.govinfo.gov/content/pkg/FR-2017-01-23/pdf/2017-01425.pdf,False,not_candidate,,,not_coded,not_manually_coded,,not_coded,Federal_Register_BIS_agency_archive
2017,2017-02-01,2017-02164,Rule,Commerce Control List: Removal of Certain Nuclear Nonproliferation (NP) Column 2 Controls,"In accordance with the memorandum of January 20, 2017, from the Assistant to the President and Chief of Staff, entitled ""Regulatory Freeze Pending Review,"" published in the Federal Register on January 24, 2017 (the Memorandum), this action temporarily delays the implementation date of one revision implemented by the final rule entitled ""Commerce Control List: Removal of Certain Nuclear Nonproliferation (NP) Column 2 Controls"" published by the Bureau of Industry and Security (BIS) in the Federal Register on November 25, 2016. The final rule amended the Export Administration Regulations (EAR) to remove nuclear nonproliferation (NP) Column 2 license requirements from certain pressure tubes, pipes, fittings, pipe valves, pumps, numerically controlled machine tools, oscilloscopes, and transient recorders on the Commerce Control List (CCL).",https://www.federalregister.gov/documents/2017/02/01/2017-02164/commerce-control-list-removal-of-certain-nuclear-nonproliferation-np-column-2-controls,https://www.govinfo.gov/content/pkg/FR-2017-02-01/pdf/2017-02164.pdf,False,not_candidate,,,not_coded,not_manually_coded,,not_coded,Federal_Register_BIS_agency_archive
2017,2017-02-21,2017-03348,Notice,Materials Processing Equipment Technical Advisory Committee: Notice of Partially Closed Meeting,,https://www.federalregister.gov/documents/2017/02/21/2017-03348/materials-processing-equipment-technical-advisory-committee-notice-of-partially-closed-meeting,https://www.govinfo.gov/content/pkg/FR-2017-02-21/pdf/2017-03348.pdf,False,not_candidate,,,not_coded,not_manually_coded,,not_coded,Federal_Register_BIS_agency_archive
2017,2017-02-21,2017-03351,Notice,Transportation and Related Equipment Technical Advisory Committee: Notice of Partially Closed Meeting,,https://www.federalregister.gov/documents/2017/02/21/2017-03351/transportation-and-related-equipment-technical-advisory-committee-notice-of-partially-closed-meeting,https://www.govinfo.gov/content/pkg/FR-2017-02-21/pdf/2017-03351.pdf,False,not_candidate,,,not_coded,not_manually_coded,,not_coded,Federal_Register_BIS_agency_archive
2017,2017-02-21,2017-03374,Notice,Materials Technical Advisory Committee; Notice of Partially Closed Meeting,,https://www.federalregister.gov/documents/2017/02/21/2017-03374/materials-technical-advisory-committee-notice-of-partially-closed-meeting,https://www.govinfo.gov/content/pkg/FR-2017-02-21/pdf/2017-03374.pdf,False,not_candidate,,,not_coded,not_manually_coded,,not_coded,Federal_Register_BIS_agency_archive
2017,2017-02-21,2017-03377,Notice,Emerging Technology and Research Advisory Committee; Notice of Partially Closed Meeting,,https://www.federalregister.gov/documents/2017/02/21/2017-03377/emerging-technology-and-research-advisory-committee-notice-of-partially-closed-meeting,https://www.govinfo.gov/content/pkg/FR-2017-02-21/pdf/2017-03377.pdf,False,not_candidate,,,not_coded,not_manually_coded,,not_coded,Federal_Register_BIS_agency_archive
2017,2017-02-24,2017-03664,Rule,Temporary General License: Extension of Validity,"On March 24, 2016, the Bureau of Industry and Security (BIS) published a final rule, Temporary General License. The March 24 final rule created a temporary general license that restored, for a specified time period, the licensing requirements and policies under the Export Administration Regulations (EAR) for exports, reexports, and transfers (in-country) as of March 7, 2016, to two entities (ZTE Corporation and ZTE Kangxun) that were added to the Entity List on March 8, 2016. At this time, the U.S. Government has decided to extend the temporary general license until March 29, 2017. In order to implement this decision, this final rule revises the temporary general license to remove the expiration date of February 27, 2017, and to substitute the date of March 29, 2017. This final rule makes no other changes to the EAR.",https://www.federalregister.gov/documents/2017/02/24/2017-03664/temporary-general-license-extension-of-validity,https://www.govinfo.gov/content/pkg/FR-2017-02-24/pdf/2017-03664.pdf,True,entity_list_requires_manual_semiconductor_coding,entity list,,not_coded,not_manually_coded,,not_coded,Federal_Register_BIS_agency_archive
2017,2017-03-06,2017-04298,Notice,Submission for OMB Review; Comment Request; Technical Data Letter of Explanation,,https://www.federalregister.gov/documents/2017/03/06/2017-04298/submission-for-omb-review-comment-request-technical-data-letter-of-explanation,https://www.govinfo.gov/content/pkg/FR-2017-03-06/pdf/2017-04298.pdf,False,not_candidate,,,not_coded,not_manually_coded,,not_coded,Federal_Register_BIS_agency_archive
2017,2017-03-07,2017-04459,Notice,Technical Advisory Committees; Notice of Recruitment of Private-Sector Members,"Seven Technical Advisory Committees (TACs) advise the Department of Commerce on the technical parameters for export controls applicable to dual-use commodities and technology and on the administration of those controls. The TACs are composed of representatives from industry representatives, academic leaders and U.S. Government representing diverse points of view on the concerns of the exporting community. Industry representatives are selected from firms producing a broad range of goods, technologies, and software presently controlled for national security, non-proliferation, foreign policy, and short supply reasons or that are proposed for such controls, balanced to the extent possible among large and small firms. TAC members are appointed by the Secretary of Commerce and serve terms of not more than four consecutive years. The membership reflects the Department's commitment to attaining balance and diversity. TAC members must obtain secret-level clearances prior to appointment. These clearances are necessary so that members may be permitted access to the classified information needed to formulate recommendations to the Department of Commerce. Each TAC meets approximately four times per year. Members of the Committees will not be compensated for their services. The seven TACs are responsible for advising the Department of Commerce on the technical parameters for export controls and the administration of those controls within the following areas: Information Systems TAC: Control List Categories 3 (electronics), 4 (computers), and 5 (telecommunications and information security); Materials TAC: Control List Category 1 (materials, chemicals, microorganisms, and toxins); Materials Processing Equipment TAC: Control List Category 2 (materials processing); Regulations and Procedures TAC: The Export Administration Regulations (EAR) and Procedures for implementing the EAR; Sensors and Instrumentation TAC: Control List Category 6 (sensors and lasers); Transportation and Related Equipment TAC: Control List Categories 7 (navigation and avionics), 8 (marine), and 9 (propulsion systems, space vehicles, and related equipment) and the Emerging Technology and Research Advisory Committee: (1) The identification of emerging technologies and research and development activities that may be of interest from a dual-use perspective; (2) the prioritization of new and existing controls to determine which are of greatest consequence to national security; (3) the potential impact of dual-use export control requirements on research activities; and (4) the threat to national security posed by the unauthorized exports of technologies. To respond to this recruitment notice, please send a copy of your resume to Ms. Yvette Springer at Yvette.Springer@bis.doc.gov. Deadline: This Notice of Recruitment will be open for one year from its date of publication in the Federal Register.",https://www.federalregister.gov/documents/2017/03/07/2017-04459/technical-advisory-committees-notice-of-recruitment-of-private-sector-members,https://www.govinfo.gov/content/pkg/FR-2017-03-07/pdf/2017-04459.pdf,False,not_candidate,,,not_coded,not_manually_coded,,not_coded,Federal_Register_BIS_agency_archive
2017,2017-03-07,2017-04460,Notice,Emerging Technology and Research Advisory Committee; Notice of Partially Closed Meeting,,https://www.federalregister.gov/documents/2017/03/07/2017-04460/emerging-technology-and-research-advisory-committee-notice-of-partially-closed-meeting,https://www.govinfo.gov/content/pkg/FR-2017-03-07/pdf/2017-04460.pdf,False,not_candidate,,,not_coded,not_manually_coded,,not_coded,Federal_Register_BIS_agency_archive
2017,2017-03-07,2017-04461,Notice,Sensors and Instrumentation Technical Advisory Committee; Notice of Partially Closed Meeting,,https://www.federalregister.gov/documents/2017/03/07/2017-04461/sensors-and-instrumentation-technical-advisory-committee-notice-of-partially-closed-meeting,https://www.govinfo.gov/content/pkg/FR-2017-03-07/pdf/2017-04461.pdf,False,not_candidate,,,not_coded,not_manually_coded,,not_coded,Federal_Register_BIS_agency_archive
2017,2017-03-07,2017-04462,Notice,Regulations And Procedures Technical Advisory Committee; Notice of Partially Closed Meeting,,https://www.federalregister.gov/documents/2017/03/07/2017-04462/regulations-and-procedures-technical-advisory-committee-notice-of-partially-closed-meeting,https://www.govinfo.gov/content/pkg/FR-2017-03-07/pdf/2017-04462.pdf,False,not_candidate,,,not_coded,not_manually_coded,,not_coded,Federal_Register_BIS_agency_archive
2017,2017-03-17,2017-05356,Notice,Order Denying Export Privileges,,https://www.federalregister.gov/documents/2017/03/17/2017-05356/order-denying-export-privileges,https://www.govinfo.gov/content/pkg/FR-2017-03-17/pdf/2017-05356.pdf,False,not_candidate,,,not_coded,not_manually_coded,,not_coded,Federal_Register_BIS_agency_archive
2017,2017-03-29,2017-06227,Rule,Removal of Certain Persons From the Entity List; Addition of a Person to the Entity List; and EAR Conforming Change,"This rule amends the Export Administration Regulations (EAR) by removing two persons listed under the destination of China from the Entity List. The two removals are the result of a request for removal received by BIS pursuant to the section of the EAR used for requesting removal or modification of an Entity List entry and a review of information provided in the removal request in accordance with the procedure for requesting removal or modification of an Entity List entity. In light of the recent settlement of administrative and criminal enforcement actions against ZTE Corporation and ZTE Kangxun, the End-User Review Committee (ERC) has determined that these two persons being removed have performed their undertakings to the U.S. Government in a timely manner and have otherwise cooperated with the U.S. Government in resolving the matter which led to the two entities' listing. This final rule also adds one person to the Entity List. This person who is added to the Entity List has been determined by the U.S. Government to be acting contrary to the national security or foreign policy interests of the United States. This person will be listed on the Entity List under the destination of China. Lastly, this final rule makes a conforming change to the EAR as a result of the removal of these two persons from the Entity List.",https://www.federalregister.gov/documents/2017/03/29/2017-06227/removal-of-certain-persons-from-the-entity-list-addition-of-a-person-to-the-entity-list-and-ear,https://www.govinfo.gov/content/pkg/FR-2017-03-29/pdf/2017-06227.pdf,True,entity_list_requires_manual_semiconductor_coding,entity list,,not_coded,not_manually_coded,,not_coded,Federal_Register_BIS_agency_archive
2017,2017-03-29,2017-06228,Rule,Removal of Certain Persons From the Entity List,"This rule amends the Export Administration Regulations (EAR) by removing seven persons under ten entries from the Entity List. This rule removes four persons listed under the destination of Germany, one person listed under the destination of Hong Kong, one person listed under the destination of India, one person listed under the destination of Singapore, one person listed under the destination of Switzerland, and two persons under the destination of the United Arab Emirates from the Entity List. The three additional entries are being removed to account for two persons listed under more than one destination on the Entity List. All seven of the removals are the result of requests for removal received by BIS pursuant to the section of the EAR used for requesting removal or modification of an Entity List entity and a review of information provided in the removal requests in accordance with the procedure for requesting removal or modification of an Entity List entity.",https://www.federalregister.gov/documents/2017/03/29/2017-06228/removal-of-certain-persons-from-the-entity-list,https://www.govinfo.gov/content/pkg/FR-2017-03-29/pdf/2017-06228.pdf,True,entity_list_requires_manual_semiconductor_coding,entity list,,not_coded,not_manually_coded,,not_coded,Federal_Register_BIS_agency_archive
2017,2017-04-06,2017-06810,Notice,"In the Matter of: Amin Al-Baroudi, a/k/a Abu al-Jud, Inmate Number: 87450-083, FCI Victorville Medium II, Federal Correctional Institution, P.O. Box 3850, Adelanto, CA 92301; Order Denying Export Privileges",,https://www.federalregister.gov/documents/2017/04/06/2017-06810/in-the-matter-of-amin-al-baroudi-aka-abu-al-jud-inmate-number-87450-083-fci-victorville-medium-ii,https://www.govinfo.gov/content/pkg/FR-2017-04-06/pdf/2017-06810.pdf,False,not_candidate,,,not_coded,not_manually_coded,,not_coded,Federal_Register_BIS_agency_archive
2017,2017-04-06,2017-06811,Notice,"In the Matter of: Sihai Cheng, a/k/a Alex Cheng, a/k/a Chun Hai Cheng, Inmate Number: 96454-038, FCI Terminal Island, Federal Correctional Institution, P.O. Box 3007, San Pedro, CA 90733; Order Denying Export Privileges",,https://www.federalregister.gov/documents/2017/04/06/2017-06811/in-the-matter-of-sihai-cheng-aka-alex-cheng-aka-chun-hai-cheng-inmate-number-96454-038-fci-terminal,https://www.govinfo.gov/content/pkg/FR-2017-04-06/pdf/2017-06811.pdf,False,not_candidate,,,not_coded,not_manually_coded,,not_coded,Federal_Register_BIS_agency_archive
2017,2017-04-06,2017-06812,Notice,"In the Matter of: Song II Kim, a/k/a Kim Song Il, Inmate Number-07778-122, Moshannon Valley, Correctional Institution, 555 Geo Drive, Philipsburg, PA 16866; Order Denying Export Privileges",,https://www.federalregister.gov/documents/2017/04/06/2017-06812/in-the-matter-of-song-ii-kim-aka-kim-song-il-inmate-number-07778-122-moshannon-valley-correctional,https://www.govinfo.gov/content/pkg/FR-2017-04-06/pdf/2017-06812.pdf,False,not_candidate,,,not_coded,not_manually_coded,,not_coded,Federal_Register_BIS_agency_archive
2017,2017-04-06,2017-06819,Notice,"In the Matter of: Juan Jose Estrada, Inmate Number: 53358-379, Big Spring, Correctional Institution, 2001 Rickabaugh Drive, Big Spring, TX 79720; Order Denying Export Privileges",,https://www.federalregister.gov/documents/2017/04/06/2017-06819/in-the-matter-of-juan-jose-estrada-inmate-number-53358-379-big-spring-correctional-institution-2001,https://www.govinfo.gov/content/pkg/FR-2017-04-06/pdf/2017-06819.pdf,False,not_candidate,,,not_coded,not_manually_coded,,not_coded,Federal_Register_BIS_agency_archive
2017,2017-04-06,2017-06857,Rule,Revisions to the Unverified List (UVL),"The Bureau of Industry and Security (BIS) is amending the Export Administration Regulations (EAR) by adding six (6) persons to the Unverified List (the ""Unverified List"" or UVL); revising two addresses and adding an alternate name, or a.k.a., for one (1) person currently listed on the UVL; and revising three addresses, adding three additional addresses, and adding an alternate name, or a.k.a, for one (1) person currently listed on the UVL. The six persons are being added to the UVL on the basis that BIS could not verify their bona fides because an end-use check could not be completed satisfactorily for reasons outside the U.S. Government's control. Two addresses are revised for one person currently listed on the UVL to add the official Hong Kong district name. In addition, this rule adds an alternate name for this person. This rule also revises three addresses for an additional person currently listed on the UVL to add the official Hong Kong district names and correct a previous error. Finally, this rule adds three additional addresses and an alternate name for this person, as BIS has determined this person is receiving U.S. exports at additional addresses and using an additional name.",https://www.federalregister.gov/documents/2017/04/06/2017-06857/revisions-to-the-unverified-list-uvl,https://www.govinfo.gov/content/pkg/FR-2017-04-06/pdf/2017-06857.pdf,False,not_candidate,,,not_coded,not_manually_coded,,not_coded,Federal_Register_BIS_agency_archive
2017,2017-04-10,2017-06813,Notice,"Order Denying Export Privileges In the Matter of: Sam Rafic Ghanem, 6714 Forsythia Street, Springfield, VA 22150",,https://www.federalregister.gov/documents/2017/04/10/2017-06813/order-denying-export-privileges-in-the-matter-of-sam-rafic-ghanem-6714-forsythia-street-springfield,https://www.govinfo.gov/content/pkg/FR-2017-04-10/pdf/2017-06813.pdf,False,not_candidate,,,not_coded,not_manually_coded,,not_coded,Federal_Register_BIS_agency_archive
2017,2017-04-11,2017-07218,Notice,Notice of Partially Closed Meeting of the Information Systems Technical Advisory Committee,,https://www.federalregister.gov/documents/2017/04/11/2017-07218/notice-of-partially-closed-meeting-of-the-information-systems-technical-advisory-committee,https://www.govinfo.gov/content/pkg/FR-2017-04-11/pdf/2017-07218.pdf,False,not_candidate,,,not_coded,not_manually_coded,,not_coded,Federal_Register_BIS_agency_archive
2017,2017-04-18,2017-07833,Rule,Revision to an Entry on the Entity List,"This rule amends the Export Administration Regulations (EAR) by revising one existing entry in the Entity List, under the destination of Russia. The license requirement for the entry is being revised to conform with a general license issued by the Department of the Treasury's Office of Foreign Assets Control on February 2, 2017.",https://www.federalregister.gov/documents/2017/04/18/2017-07833/revision-to-an-entry-on-the-entity-list,https://www.govinfo.gov/content/pkg/FR-2017-04-18/pdf/2017-07833.pdf,True,entity_list_requires_manual_semiconductor_coding,entity list,,not_coded,not_manually_coded,,not_coded,Federal_Register_BIS_agency_archive
2017,2017-04-25,2017-08264,Notice,Transportation and Related Equipment Technical Advisory Committee; Notice of Partially Closed Meeting,,https://www.federalregister.gov/documents/2017/04/25/2017-08264/transportation-and-related-equipment-technical-advisory-committee-notice-of-partially-closed-meeting,https://www.govinfo.gov/content/pkg/FR-2017-04-25/pdf/2017-08264.pdf,False,not_candidate,,,not_coded,not_manually_coded,,not_coded,Federal_Register_BIS_agency_archive
2017,2017-04-25,2017-08270,Notice,Notice of Partially Closed Meeting of the Materials Processing Equipment Technical Advisory Committee,,https://www.federalregister.gov/documents/2017/04/25/2017-08270/notice-of-partially-closed-meeting-of-the-materials-processing-equipment-technical-advisory,https://www.govinfo.gov/content/pkg/FR-2017-04-25/pdf/2017-08270.pdf,False,not_candidate,,,not_coded,not_manually_coded,,not_coded,Federal_Register_BIS_agency_archive
2017,2017-04-26,2017-08387,Notice,Materials Technical Advisory Committee; Notice of Partially Closed Meeting,,https://www.federalregister.gov/documents/2017/04/26/2017-08387/materials-technical-advisory-committee-notice-of-partially-closed-meeting,https://www.govinfo.gov/content/pkg/FR-2017-04-26/pdf/2017-08387.pdf,False,not_candidate,,,not_coded,not_manually_coded,,not_coded,Federal_Register_BIS_agency_archive
2017,2017-04-26,2017-08499,Notice,Notice Request for Public Comments and Public Hearing on Section 232 National Security Investigation of Imports of Steel,"The Secretary of Commerce initiated an investigation to determine the effects on the national security of imports of steel. This investigation has been initiated under section 232 of the Trade Expansion Act of 1962, as amended. Interested parties are invited to submit written comments, data, analyses, or other information pertinent to the investigation to the Department of Commerce's Bureau of Industry and Security. The Department of Commerce will also hold a public hearing on the investigation on May 24, 2017 in Washington, DC. This notice identifies the issues on which the Department is interested in obtaining the public's views. It also sets forth the procedures for public participation in the hearing.",https://www.federalregister.gov/documents/2017/04/26/2017-08499/notice-request-for-public-comments-and-public-hearing-on-section-232-national-security-investigation,https://www.govinfo.gov/content/pkg/FR-2017-04-26/pdf/2017-08499.pdf,False,not_candidate,,,not_coded,not_manually_coded,,not_coded,Federal_Register_BIS_agency_archive
2017,2017-05-09,2017-09328,Notice,Notice of Request for Public Comments and Public Hearing on Section 232 National Security Investigation of Imports of Aluminum,"The Secretary of Commerce initiated an investigation to determine the effects on the national security of imports of aluminum. This investigation has been initiated under section 232 of the Trade Expansion Act of 1962, as amended. Interested parties are invited to submit written comments, data, analyses, or other information pertinent to the investigation to the Department of Commerce's Bureau of Industry and Security. The Department of Commerce will also hold a public hearing on the investigation on June 22, 2017, in Washington, DC. This notice identifies the issues on which the Department is interested in obtaining the public's views. It also sets forth the procedures for public participation in the hearing.",https://www.federalregister.gov/documents/2017/05/09/2017-09328/notice-of-request-for-public-comments-and-public-hearing-on-section-232-national-security,https://www.govinfo.gov/content/pkg/FR-2017-05-09/pdf/2017-09328.pdf,False,not_candidate,,,not_coded,not_manually_coded,,not_coded,Federal_Register_BIS_agency_archive
2017,2017-05-23,2017-10444,Notice,Notice on Procedures for Attending or Viewing Remotely the Public Hearing on Section 232 National Security Investigation of Imports of Steel,"On April 26, 2017, the Bureau of Industry and Security (BIS), published the Notice Request for Public Comments and Public Hearing on Section 232 National Security Investigation of Imports of Steel. The April 26 notice specified that the Secretary of Commerce initiated an investigation to determine the effects on the national security of imports of steel. This investigation has been initiated under section 232 of the Trade Expansion Act of 1962, as amended. (See the April 26 notice for additional details on the investigation and the request for public comments.) The April 26 notice also announced that the Department of Commerce will hold a public hearing on the investigation on May 24, 2017 in Washington, DC. Today's notice provides additional details on the procedures for attending the hearing and for viewing the hearing, via webcast.",https://www.federalregister.gov/documents/2017/05/23/2017-10444/notice-on-procedures-for-attending-or-viewing-remotely-the-public-hearing-on-section-232-national,https://www.govinfo.gov/content/pkg/FR-2017-05-23/pdf/2017-10444.pdf,False,not_candidate,,,not_coded,not_manually_coded,,not_coded,Federal_Register_BIS_agency_archive
2017,2017-05-26,2017-10804,Rule,Addition of Certain Persons and Revisions to Entries on the Entity List,"This rule amends the Export Administration Regulations (EAR) by adding sixteen persons to the Entity List. The sixteen persons who are added to the Entity List have been determined by the U.S. Government to be acting contrary to the national security or foreign policy interests of the United States. These sixteen persons will be listed on the Entity List under the destinations of Pakistan, Turkey and the United Arab Emirates. This final rule is also modifying two existing entries in the Entity List under the destinations of China and Hong Kong.",https://www.federalregister.gov/documents/2017/05/26/2017-10804/addition-of-certain-persons-and-revisions-to-entries-on-the-entity-list,https://www.govinfo.gov/content/pkg/FR-2017-05-26/pdf/2017-10804.pdf,True,entity_list_requires_manual_semiconductor_coding,entity list,,not_coded,not_manually_coded,,not_coded,Federal_Register_BIS_agency_archive
2017,2017-05-31,2017-11175,Notice,Regulations and Procedures Technical Advisory Committee; Notice of Partially Closed Meeting,,https://www.federalregister.gov/documents/2017/05/31/2017-11175/regulations-and-procedures-technical-advisory-committee-notice-of-partially-closed-meeting,https://www.govinfo.gov/content/pkg/FR-2017-05-31/pdf/2017-11175.pdf,False,not_candidate,,,not_coded,not_manually_coded,,not_coded,Federal_Register_BIS_agency_archive
2017,2017-06-02,2017-11557,Notice,Change in Comment Deadline for Section 232 National Security Investigation of Imports of Aluminum,"On May 9, 2017, the Bureau of Industry and Security (BIS), published the Notice of Request for Public Comments and Public Hearing on Section 232 National Security Investigation of Imports of Aluminum. The May 9 notice specified that the Secretary of Commerce initiated an investigation to determine the effects on the national security of imports of aluminum. This investigation has been initiated under section 232 of the Trade Expansion Act of 1962, as amended. (See the May 9 notice for additional details on the investigation and the request for public comments.) The May 9 notice also announced that the Department of Commerce will hold a public hearing on the investigation on June 22, 2017 in Washington, DC (See the May 9 notice for additional details on the public hearing.) The deadline for the written comments was June 29, 2017. Today's notice moves the deadline for all written submissions up by six calendar days. Commenters now are encouraged to submit their comments by June 20, 2017, but all written submissions must be received by no later than June 23, 2017 to be considered in the drafting of the final report.",https://www.federalregister.gov/documents/2017/06/02/2017-11557/change-in-comment-deadline-for-section-232-national-security-investigation-of-imports-of-aluminum,https://www.govinfo.gov/content/pkg/FR-2017-06-02/pdf/2017-11557.pdf,False,not_candidate,,,not_coded,not_manually_coded,,not_coded,Federal_Register_BIS_agency_archive
2017,2017-06-09,2017-11981,Notice,Reminder of Offsets Reporting Requirements for Calendar Year 2016,"This notice is intended to remind the public that U.S. companies are required, pursuant to the Defense Production Act of 1950, as amended (DPA), to report annually to the Department of Commerce (Commerce) information on contracts for the sale of defense articles or defense services to foreign countries or foreign companies that are subject to offsets agreements exceeding $5,000,000 in value. Consistent with the DPA, U.S. companies are also required to report annually to Commerce information on offsets transactions completed in performance of existing offsets commitments for which an offsets credit of $250,000 or more has been claimed from the foreign representative. Such reports from calendar year 2016 must include relevant information and must be submitted to Commerce no later than June 15, 2017.",https://www.federalregister.gov/documents/2017/06/09/2017-11981/reminder-of-offsets-reporting-requirements-for-calendar-year-2016,https://www.govinfo.gov/content/pkg/FR-2017-06-09/pdf/2017-11981.pdf,False,not_candidate,,,not_coded,not_manually_coded,,not_coded,Federal_Register_BIS_agency_archive
2017,2017-06-14,2017-12269,Rule,"Wassenaar Arrangement 2015 Plenary Agreements Implementation, Removal of Foreign National Review Requirements, and Information Security Updates; Corrections","The Bureau of Industry and Security (BIS) maintains, as part of its Export Administration Regulations (EAR), the Commerce Control List (CCL), which identifies certain items subject to Department of Commerce jurisdiction. This rule corrects citations, replaces text that was inadvertently removed, and corrects other errors associated with the ""Wassenaar Arrangement 2015 Plenary Agreements Implementation, Removal of Foreign National Review Requirements, and Information Security Updates"" final rule published on September 20, 2016 (WA15 rule).",https://www.federalregister.gov/documents/2017/06/14/2017-12269/wassenaar-arrangement-2015-plenary-agreements-implementation-removal-of-foreign-national-review,https://www.govinfo.gov/content/pkg/FR-2017-06-14/pdf/2017-12269.pdf,False,not_candidate,,,not_coded,not_manually_coded,,not_coded,Federal_Register_BIS_agency_archive
2017,2017-06-16,2017-12497,Notice,Proposed Information Collection; Comment Request; Procedures for Acceptance or Rejection of a Rated Order,"The Department of Commerce, as part of its continuing effort to reduce paperwork and respondent burden, invites the general public and other Federal agencies to take this opportunity to comment on proposed and/or continuing information collections, as required by the Paperwork Reduction Act of 1995.",https://www.federalregister.gov/documents/2017/06/16/2017-12497/proposed-information-collection-comment-request-procedures-for-acceptance-or-rejection-of-a-rated,https://www.govinfo.gov/content/pkg/FR-2017-06-16/pdf/2017-12497.pdf,False,not_candidate,,,not_coded,not_manually_coded,,not_coded,Federal_Register_BIS_agency_archive
2017,2017-06-16,2017-12498,Notice,Proposed Information Collection; Comment Request; Additional Protocol to the U.S.-IAEA Safeguards Agreement Report Forms,"The Department of Commerce, as part of its continuing effort to reduce paperwork and respondent burden, invites the general public and other Federal agencies to take this opportunity to comment on proposed and/or continuing information collections, as required by the Paperwork Reduction Act of 1995.",https://www.federalregister.gov/documents/2017/06/16/2017-12498/proposed-information-collection-comment-request-additional-protocol-to-the-us-iaea-safeguards,https://www.govinfo.gov/content/pkg/FR-2017-06-16/pdf/2017-12498.pdf,False,not_candidate,,,not_coded,not_manually_coded,,not_coded,Federal_Register_BIS_agency_archive
2017,2017-06-16,2017-12501,Notice,Proposed Information Collection; Comment Request; Competitive Enhancement Needs Assessment Survey Program,"The Department of Commerce, as part of its continuing effort to reduce paperwork and respondent burden, invites the general public and other Federal agencies to take this opportunity to comment on proposed and/or continuing information collections, as required by the Paperwork Reduction Act of 1995.",https://www.federalregister.gov/documents/2017/06/16/2017-12501/proposed-information-collection-comment-request-competitive-enhancement-needs-assessment-survey,https://www.govinfo.gov/content/pkg/FR-2017-06-16/pdf/2017-12501.pdf,False,not_candidate,,,not_coded,not_manually_coded,,not_coded,Federal_Register_BIS_agency_archive
2017,2017-06-16,2017-12502,Notice,"Proposed Information Collection; Comment Request; Import, End-User, and Delivery Verification Certificates","The Department of Commerce, as part of its continuing effort to reduce paperwork and respondent burden, invites the general public and other Federal agencies to take this opportunity to comment on proposed and/or continuing information collections, as required by the Paperwork Reduction Act of 1995.",https://www.federalregister.gov/documents/2017/06/16/2017-12502/proposed-information-collection-comment-request-import-end-user-and-delivery-verification,https://www.govinfo.gov/content/pkg/FR-2017-06-16/pdf/2017-12502.pdf,False,not_candidate,,,not_coded,not_manually_coded,,not_coded,Federal_Register_BIS_agency_archive
2017,2017-06-19,2017-12729,Notice,Notice on Procedures for Attending or Viewing Remotely the Public Hearing on Section 232 National Security Investigation of Imports of Aluminum,"On May 9, 2017 (82 FR 21509), the Bureau of Industry and Security (BIS), published the Notice of Request for Public Comments and Public Hearing on Section 232 National Security Investigation of Imports of Aluminum. The May 9 notice specified that the Secretary of Commerce initiated an investigation to determine the effects on the national security of imports of aluminum. This investigation has been initiated under section 232 of the Trade Expansion Act of 1962, as amended. (See the May 9 notice for additional details on the investigation and the request for public comments.) The May 9 notice also announced that the Department of Commerce will hold a public hearing on the investigation on June 22, 2017 in Washington, DC. Today's notice provides additional details on the procedures for attending the hearing and for viewing the hearing, via webcast.",https://www.federalregister.gov/documents/2017/06/19/2017-12729/notice-on-procedures-for-attending-or-viewing-remotely-the-public-hearing-on-section-232-national,https://www.govinfo.gov/content/pkg/FR-2017-06-19/pdf/2017-12729.pdf,False,not_candidate,,,not_coded,not_manually_coded,,not_coded,Federal_Register_BIS_agency_archive
2017,2017-06-22,2017-12857,Notice,Order Denying Export Privileges,,https://www.federalregister.gov/documents/2017/06/22/2017-12857/order-denying-export-privileges,https://www.govinfo.gov/content/pkg/FR-2017-06-22/pdf/2017-12857.pdf,False,not_candidate,,,not_coded,not_manually_coded,,not_coded,Federal_Register_BIS_agency_archive
2017,2017-06-22,2017-13167,Rule,Russian Sanctions: Addition of Certain Entities to the Entity List,The Bureau of Industry and Security (BIS) amends the Export Administration Regulations (EAR) by adding ten entities to the Entity List. The ten entities that are added to the Entity List have been determined by the U.S. Government to be acting contrary to the national security or foreign policy interests of the United States. BIS is taking this action to ensure the efficacy of existing sanctions on the Russian Federation (Russia) for violating international law and fueling the conflict in eastern Ukraine. These entities will be listed on the Entity List under the destinations of the Crimea region of Ukraine and Russia.,https://www.federalregister.gov/documents/2017/06/22/2017-13167/russian-sanctions-addition-of-certain-entities-to-the-entity-list,https://www.govinfo.gov/content/pkg/FR-2017-06-22/pdf/2017-13167.pdf,True,entity_list_requires_manual_semiconductor_coding,entity list,,not_coded,not_manually_coded,,not_coded,Federal_Register_BIS_agency_archive
2017,2017-06-30,2017-13802,Rule,Control Policy: End-User and End-Use Based,,https://www.federalregister.gov/documents/2017/06/30/2017-13802/control-policy-end-user-and-end-use-based,https://www.govinfo.gov/content/pkg/FR-2017-06-30/pdf/2017-13802.pdf,False,not_candidate,,,not_coded,not_manually_coded,,not_coded,Federal_Register_BIS_agency_archive
2017,2017-07-03,2017-13869,Notice,Notice of Partially Closed Meeting of the Materials Technical Advisory Committee,,https://www.federalregister.gov/documents/2017/07/03/2017-13869/notice-of-partially-closed-meeting-of-the-materials-technical-advisory-committee,https://www.govinfo.gov/content/pkg/FR-2017-07-03/pdf/2017-13869.pdf,False,not_candidate,,,not_coded,not_manually_coded,,not_coded,Federal_Register_BIS_agency_archive
2017,2017-07-03,2017-13870,Notice,Sensors and Instrumentation Technical Advisory Committee; Notice of Partially Closed Meeting,,https://www.federalregister.gov/documents/2017/07/03/2017-13870/sensors-and-instrumentation-technical-advisory-committee-notice-of-partially-closed-meeting,https://www.govinfo.gov/content/pkg/FR-2017-07-03/pdf/2017-13870.pdf,False,not_candidate,,,not_coded,not_manually_coded,,not_coded,Federal_Register_BIS_agency_archive
2017,2017-07-03,2017-13871,Notice,Information Systems Technical Advisory Committee; Notice of Partially Closed Meeting,,https://www.federalregister.gov/documents/2017/07/03/2017-13871/information-systems-technical-advisory-committee-notice-of-partially-closed-meeting,https://www.govinfo.gov/content/pkg/FR-2017-07-03/pdf/2017-13871.pdf,False,not_candidate,,,not_coded,not_manually_coded,,not_coded,Federal_Register_BIS_agency_archive
2017,2017-07-03,2017-13872,Notice,Emerging Technology and Research Advisory Committee; Notice of Partially Closed Meeting,,https://www.federalregister.gov/documents/2017/07/03/2017-13872/emerging-technology-and-research-advisory-committee-notice-of-partially-closed-meeting,https://www.govinfo.gov/content/pkg/FR-2017-07-03/pdf/2017-13872.pdf,False,not_candidate,,,not_coded,not_manually_coded,,not_coded,Federal_Register_BIS_agency_archive
2017,2017-07-03,2017-13874,Notice,Materials Processing Equipment Technical Advisory Committee; Notice of Partially Closed Meeting,,https://www.federalregister.gov/documents/2017/07/03/2017-13874/materials-processing-equipment-technical-advisory-committee-notice-of-partially-closed-meeting,https://www.govinfo.gov/content/pkg/FR-2017-07-03/pdf/2017-13874.pdf,False,not_candidate,,,not_coded,not_manually_coded,,not_coded,Federal_Register_BIS_agency_archive
2017,2017-07-03,2017-13875,Notice,Notice of Partially Closed Meeting of the Transportation and Related Equipment Technical Advisory Committee,,https://www.federalregister.gov/documents/2017/07/03/2017-13875/notice-of-partially-closed-meeting-of-the-transportation-and-related-equipment-technical-advisory,https://www.govinfo.gov/content/pkg/FR-2017-07-03/pdf/2017-13875.pdf,False,not_candidate,,,not_coded,not_manually_coded,,not_coded,Federal_Register_BIS_agency_archive
2017,2017-07-03,2017-13969,Notice,Order Denying Export Privileges,,https://www.federalregister.gov/documents/2017/07/03/2017-13969/order-denying-export-privileges,https://www.govinfo.gov/content/pkg/FR-2017-07-03/pdf/2017-13969.pdf,False,not_candidate,,,not_coded,not_manually_coded,,not_coded,Federal_Register_BIS_agency_archive
2017,2017-07-03,2017-13970,Notice,Order Denying Export Privileges,,https://www.federalregister.gov/documents/2017/07/03/2017-13970/order-denying-export-privileges,https://www.govinfo.gov/content/pkg/FR-2017-07-03/pdf/2017-13970.pdf,False,not_candidate,,,not_coded,not_manually_coded,,not_coded,Federal_Register_BIS_agency_archive
2017,2017-07-03,2017-13971,Notice,Order Denying Export Privileges,,https://www.federalregister.gov/documents/2017/07/03/2017-13971/order-denying-export-privileges,https://www.govinfo.gov/content/pkg/FR-2017-07-03/pdf/2017-13971.pdf,False,not_candidate,,,not_coded,not_manually_coded,,not_coded,Federal_Register_BIS_agency_archive
2017,2017-07-03,2017-13972,Notice,Order Renewing Order Temporarily Denying Export Privileges,,https://www.federalregister.gov/documents/2017/07/03/2017-13972/order-renewing-order-temporarily-denying-export-privileges,https://www.govinfo.gov/content/pkg/FR-2017-07-03/pdf/2017-13972.pdf,False,not_candidate,,,not_coded,not_manually_coded,,not_coded,Federal_Register_BIS_agency_archive
2017,2017-07-07,2017-14312,Rule,Revisions to the Export Administration Regulations Based on the 2016 Missile Technology Control Regime Plenary Agreements,"The Bureau of Industry and Security (BIS) is amending the Export Administration Regulations (EAR) to reflect changes to the Missile Technology Control Regime (MTCR) Annex that were agreed to by MTCR member countries at the October 2016 Plenary in Busan, South Korea, and the March 2016 Technical Experts Meeting (TEM) in Luxembourg City, Luxembourg. This final rule revises thirteen Export Control Classification Numbers (ECCNs), adds one ECCN, revises two EAR defined terms (including making other EAR conforming changes for the use of these two terms) and makes conforming EAR changes where needed to implement the changes that were agreed to at the meetings and to better align the missile technology (MT) controls on the Commerce Control List (CCL) with the MTCR Annex.",https://www.federalregister.gov/documents/2017/07/07/2017-14312/revisions-to-the-export-administration-regulations-based-on-the-2016-missile-technology-control,https://www.govinfo.gov/content/pkg/FR-2017-07-07/pdf/2017-14312.pdf,False,not_candidate,,,not_coded,not_manually_coded,,not_coded,Federal_Register_BIS_agency_archive
2017,2017-08-15,2017-16904,Rule,Wassenaar Arrangement 2016 Plenary Agreements Implementation,"The Bureau of Industry and Security (BIS) maintains, as part of its Export Administration Regulations (EAR), the Commerce Control List (CCL), which identifies certain items subject to Department of Commerce jurisdiction. This final rule revises the CCL, as well as corresponding parts of the EAR, to implement changes made to the Wassenaar Arrangement List of Dual-Use Goods and Technologies (WA List) maintained and agreed to by governments participating in the Wassenaar Arrangement on Export Controls for Conventional Arms and Dual-Use Goods and Technologies (Wassenaar Arrangement, or WA) at the December 2016 WA Plenary meeting. The Wassenaar Arrangement advocates implementation of effective export controls on strategic items with the objective of improving regional and international security and stability. This rule harmonizes the CCL with the agreements reached at the 2016 Plenary meeting by revising Export Control Classification Numbers (ECCNs) controlled for national security reasons in each category of the CCL, as well as making other associated changes to the EAR.",https://www.federalregister.gov/documents/2017/08/15/2017-16904/wassenaar-arrangement-2016-plenary-agreements-implementation,https://www.govinfo.gov/content/pkg/FR-2017-08-15/pdf/2017-16904.pdf,False,not_candidate,,,not_coded,not_manually_coded,,not_coded,Federal_Register_BIS_agency_archive
2017,2017-08-17,2017-17368,Notice,"In the Matter of: Alexandre Dos Anjos Oliveira, Inmate Number: 05753-104, McRae Federal Correctional Institution, P.O. Drawer 55030, McRae Helena, GA 31055; Order Denying Export Privileges",,https://www.federalregister.gov/documents/2017/08/17/2017-17368/in-the-matter-of-alexandre-dos-anjos-oliveira-inmate-number-05753-104-mcrae-federal-correctional,https://www.govinfo.gov/content/pkg/FR-2017-08-17/pdf/2017-17368.pdf,False,not_candidate,,,not_coded,not_manually_coded,,not_coded,Federal_Register_BIS_agency_archive
2017,2017-08-17,2017-17369,Notice,"In the Matter of: Mansour Moghtaderi Zadeh, a/k/a Mansour Zadeh, a/k/a Mita Zarek, a/k/a Mita Zadeh currently incarcerated at: Inmate Number: 43594-013, Rivers Correctional Institution, P.O. Box 630, Winton, NC 27986, and with prior known addresses at: 16 Kyraikou Matsi Ave., 3rd Floor, 1082 Nicosia, Cyprus, and Strovolou 77, Strovolos Center Suite 202, Strovolos P.C. 2018, Nicosia, Cyprus and P.O. Box 23973, 1687 Nicosia, Cyprus",,https://www.federalregister.gov/documents/2017/08/17/2017-17369/in-the-matter-of-mansour-moghtaderi-zadeh-aka-mansour-zadeh-aka-mita-zarek-aka-mita-zadeh-currently,https://www.govinfo.gov/content/pkg/FR-2017-08-17/pdf/2017-17369.pdf,False,not_candidate,,,not_coded,not_manually_coded,,not_coded,Federal_Register_BIS_agency_archive
2017,2017-08-17,2017-17371,Notice,"In the Matter of: David L. Maricola, Inmate Number: 96672-038, FCI Fort Dix, P.O. Box 2000, Joint Base MDL, NJ 08640",,https://www.federalregister.gov/documents/2017/08/17/2017-17371/in-the-matter-of-david-l-maricola-inmate-number-96672-038-fci-fort-dix-po-box-2000-joint-base-mdl-nj,https://www.govinfo.gov/content/pkg/FR-2017-08-17/pdf/2017-17371.pdf,False,not_candidate,,,not_coded,not_manually_coded,,not_coded,Federal_Register_BIS_agency_archive
2017,2017-08-17,2017-17372,Notice,"In the Matter of: Wenxia Man, a/k/a Wency Man, Inmate Number: 50772-298, FCI Dublin, 5701 8th Street-Camp Parks, Dublin, CA 94568",,https://www.federalregister.gov/documents/2017/08/17/2017-17372/in-the-matter-of-wenxia-man-aka-wency-man-inmate-number-50772-298-fci-dublin-5701-8th-street-camp,https://www.govinfo.gov/content/pkg/FR-2017-08-17/pdf/2017-17372.pdf,False,not_candidate,,,not_coded,not_manually_coded,,not_coded,Federal_Register_BIS_agency_archive
2017,2017-08-17,2017-17373,Notice,"In the Matter of: Ricardo Humberto Varela, Inmate Number: 85044-379, Federal Correctional Institution Bastrop, P.O. Box 1010, Bastrop, TX 78602",,https://www.federalregister.gov/documents/2017/08/17/2017-17373/in-the-matter-of-ricardo-humberto-varela-inmate-number-85044-379-federal-correctional-institution,https://www.govinfo.gov/content/pkg/FR-2017-08-17/pdf/2017-17373.pdf,False,not_candidate,,,not_coded,not_manually_coded,,not_coded,Federal_Register_BIS_agency_archive
2017,2017-08-17,2017-17374,Notice,"In the Matter of: Jose Luis Benavides-Cira, Inmate Number: 85055-379, Great Plains Correctional Institution, P.O. Box 400, Hinton, OK 73047",,https://www.federalregister.gov/documents/2017/08/17/2017-17374/in-the-matter-of-jose-luis-benavides-cira-inmate-number-85055-379-great-plains-correctional,https://www.govinfo.gov/content/pkg/FR-2017-08-17/pdf/2017-17374.pdf,False,not_candidate,,,not_coded,not_manually_coded,,not_coded,Federal_Register_BIS_agency_archive
2017,2017-08-17,2017-17375,Notice,"In the Matter of: Yasser Ahmad Obeid, Inmate Number: 60923-018, FCI Yazoo City Medium, Federal Correctional Institution, P.O. Box 5888, Yazoo City, MS 39194",,https://www.federalregister.gov/documents/2017/08/17/2017-17375/in-the-matter-of-yasser-ahmad-obeid-inmate-number-60923-018-fci-yazoo-city-medium-federal,https://www.govinfo.gov/content/pkg/FR-2017-08-17/pdf/2017-17375.pdf,False,not_candidate,,,not_coded,not_manually_coded,,not_coded,Federal_Register_BIS_agency_archive
2017,2017-08-23,2017-17868,Notice,Materials Technical Advisory Committee; Notice of Partially Closed Meeting,,https://www.federalregister.gov/documents/2017/08/23/2017-17868/materials-technical-advisory-committee-notice-of-partially-closed-meeting,https://www.govinfo.gov/content/pkg/FR-2017-08-23/pdf/2017-17868.pdf,False,not_candidate,,,not_coded,not_manually_coded,,not_coded,Federal_Register_BIS_agency_archive
2017,2017-08-24,2017-17975,Notice,Submission for OMB Review; Comment Request,,https://www.federalregister.gov/documents/2017/08/24/2017-17975/submission-for-omb-review-comment-request,https://www.govinfo.gov/content/pkg/FR-2017-08-24/pdf/2017-17975.pdf,False,not_candidate,,,not_coded,not_manually_coded,,not_coded,Federal_Register_BIS_agency_archive
2017,2017-08-29,2017-18215,Notice,Regulations and Procedures Technical Advisory Committee; Notice of Partially Closed Meeting,,https://www.federalregister.gov/documents/2017/08/29/2017-18215/regulations-and-procedures-technical-advisory-committee-notice-of-partially-closed-meeting,https://www.govinfo.gov/content/pkg/FR-2017-08-29/pdf/2017-18215.pdf,False,not_candidate,,,not_coded,not_manually_coded,,not_coded,Federal_Register_BIS_agency_archive
2017,2017-09-05,2017-18664,Notice,National Defense Stockpile Market Impact Committee Request for Public Comments on the Potential Market Impact of the Proposed Fiscal Year 2019 Annual Materials Plan,"The purpose of this notice is to advise the public that the National Defense Stockpile Market Impact Committee, co-chaired by the Departments of Commerce and State, is seeking public comments on the potential market impact of the proposed Fiscal Year 2019 National Defense Stockpile Annual Materials Plan. The role of the Market Impact Committee is to advise the National Defense Stockpile Manager on the projected domestic and foreign economic effects of all acquisitions, conversions, and disposals involving the stockpile and related material research and development projects. Public comments are an important element of the Committee's market impact review process.",https://www.federalregister.gov/documents/2017/09/05/2017-18664/national-defense-stockpile-market-impact-committee-request-for-public-comments-on-the-potential,https://www.govinfo.gov/content/pkg/FR-2017-09-05/pdf/2017-18664.pdf,False,not_candidate,,,not_coded,not_manually_coded,,not_coded,Federal_Register_BIS_agency_archive
2017,2017-09-07,2017-19010,Notice,Effects of Extending Foreign Policy-Based Export Controls Through 2018,The Bureau of Industry and Security (BIS) is seeking public comments on the effect of existing foreign policy-based export controls in the Export Administration Regulations. Section 6 of the Export Administration Act requires BIS to consult with industry on the effect of such controls and to report the results of the consultations to Congress. BIS is conducting the consultations through this request for public comments. Comments from all interested persons are welcome and will help BIS determine whether its foreign policy-based export controls should be continued for another year. All comments will be made available for public inspection and copying and included in a report to be submitted to Congress.,https://www.federalregister.gov/documents/2017/09/07/2017-19010/effects-of-extending-foreign-policy-based-export-controls-through-2018,https://www.govinfo.gov/content/pkg/FR-2017-09-07/pdf/2017-19010.pdf,False,not_candidate,,,not_coded,not_manually_coded,,not_coded,Federal_Register_BIS_agency_archive
2017,2017-09-14,2017-19526,Notice,Order Denying Export Privileges,,https://www.federalregister.gov/documents/2017/09/14/2017-19526/order-denying-export-privileges,https://www.govinfo.gov/content/pkg/FR-2017-09-14/pdf/2017-19526.pdf,False,not_candidate,,,not_coded,not_manually_coded,,not_coded,Federal_Register_BIS_agency_archive
2017,2017-09-14,2017-19527,Notice,"In the Matter of: Dmitrii Karpenko, a/k/a Simon Fox, Pavlova St 11-75, Nevinnomyssk, Stavropol Region, Russia; Order Denying Export Privileges",,https://www.federalregister.gov/documents/2017/09/14/2017-19527/in-the-matter-of-dmitrii-karpenko-aka-simon-fox-pavlova-st-11-75-nevinnomyssk-stavropol-region,https://www.govinfo.gov/content/pkg/FR-2017-09-14/pdf/2017-19527.pdf,False,not_candidate,,,not_coded,not_manually_coded,,not_coded,Federal_Register_BIS_agency_archive
2017,2017-09-14,2017-19528,Notice,"In the Matter of: Alexey Krutilin, a/k/a David Powell, 16 Melioratorov Street, Ivanovskoe Village, Stavropol Region, Russia 357020; Order Denying Export Privileges",,https://www.federalregister.gov/documents/2017/09/14/2017-19528/in-the-matter-of-alexey-krutilin-aka-david-powell-16-melioratorov-street-ivanovskoe-village,https://www.govinfo.gov/content/pkg/FR-2017-09-14/pdf/2017-19528.pdf,False,not_candidate,,,not_coded,not_manually_coded,,not_coded,Federal_Register_BIS_agency_archive
2017,2017-09-25,2017-20406,Rule,Removal of Certain Entities From the Entity List; and Revisions of Entries on the Entity List,"This rule amends the Export Administration Regulations (EAR) by removing three entities under four entries from the Entity List. This rule removes one entity listed under the destination of Australia, one entity listed under the destination of China, and one entity listed under the destinations of Iran and the United Arab Emirates from the Entity List. The one additional entry is being removed to account for one entity listed under more than one destination on the Entity List. All three of the removals are the result of requests for removal received by BIS pursuant to the section of the EAR used for requesting removal or modification of an Entity List entity and a review of information provided in the removal requests in accordance with the procedure for requesting removal or modification of an Entity List entity. Finally, this final rule modifies five existing entries on the Entity List consisting of five entries under Pakistan to provide additional or modified addresses and/or names for these persons.",https://www.federalregister.gov/documents/2017/09/25/2017-20406/removal-of-certain-entities-from-the-entity-list-and-revisions-of-entries-on-the-entity-list,https://www.govinfo.gov/content/pkg/FR-2017-09-25/pdf/2017-20406.pdf,True,entity_list_requires_manual_semiconductor_coding,entity list,,not_coded,not_manually_coded,,not_coded,Federal_Register_BIS_agency_archive
2017,2017-10-03,2017-21003,Rule,Updated Statements of Legal Authority for the Export Administration Regulations,"This rule updates the Code of Federal Regulations (CFR) legal authority paragraphs in the Export Administration Regulations (EAR) to cite the most recent Presidential notice continuing a national emergency declared pursuant to the International Emergency Economic Powers Act. This is a procedural, non-substantive rule that only updates authority paragraphs of the EAR. It does not alter any right, obligation or prohibition that applies to any person under the EAR.",https://www.federalregister.gov/documents/2017/10/03/2017-21003/updated-statements-of-legal-authority-for-the-export-administration-regulations,https://www.govinfo.gov/content/pkg/FR-2017-10-03/pdf/2017-21003.pdf,False,not_candidate,,,not_coded,not_manually_coded,,not_coded,Federal_Register_BIS_agency_archive
2017,2017-10-05,2017-21471,Notice,Order Denying Export Privileges,,https://www.federalregister.gov/documents/2017/10/05/2017-21471/order-denying-export-privileges,https://www.govinfo.gov/content/pkg/FR-2017-10-05/pdf/2017-21471.pdf,False,not_candidate,,,not_coded,not_manually_coded,,not_coded,Federal_Register_BIS_agency_archive
2017,2017-10-05,2017-21472,Notice,"In the Matter of: Shehzad John, Currently Incarcerated at: Inmate Number: 91045-054, FCI Ashland, Federal Correctional Institution, P.O. Box 6001, Ashland, KY 41105, and With an Address at: 207 Border Street, Columbus, OH 43207",,https://www.federalregister.gov/documents/2017/10/05/2017-21472/in-the-matter-of-shehzad-john-currently-incarcerated-at-inmate-number-91045-054-fci-ashland-federal,https://www.govinfo.gov/content/pkg/FR-2017-10-05/pdf/2017-21472.pdf,False,not_candidate,,,not_coded,not_manually_coded,,not_coded,Federal_Register_BIS_agency_archive
2017,2017-10-05,2017-21473,Notice,"In the Matter of: Robert J. Shubert, Sr., Currently Incarcerated at: Inmate Number: 96749-020, FCI Coleman Low, P.O. Box 1031, Coleman, FL 33521; and With a Prior Known Address at: 417 Hedlund Drive, Warner Robbins, GA 31088",,https://www.federalregister.gov/documents/2017/10/05/2017-21473/in-the-matter-of-robert-j-shubert-sr-currently-incarcerated-at-inmate-number-96749-020-fci-coleman,https://www.govinfo.gov/content/pkg/FR-2017-10-05/pdf/2017-21473.pdf,False,not_candidate,,,not_coded,not_manually_coded,,not_coded,Federal_Register_BIS_agency_archive
2017,2017-10-05,2017-21474,Notice,Order Denying Export Privileges,,https://www.federalregister.gov/documents/2017/10/05/2017-21474/order-denying-export-privileges,https://www.govinfo.gov/content/pkg/FR-2017-10-05/pdf/2017-21474.pdf,False,not_candidate,,,not_coded,not_manually_coded,,not_coded,Federal_Register_BIS_agency_archive
2017,2017-10-05,2017-21475,Notice,"In the Matter of: Mark Henry (a/k/a Weida Zheng, a/k/a Scott Russel, a/k/a Bob Wilson, a/k/a Joanna Zhong), Inmate Number: 75602-053, FCI Schuylkill, Federal Correctional Institution, Satellite Camp, P.O. Box 670, Minersville, PA 17954; Respondent; Dahua Electronics Corporation (a/k/a Bao An Corporation), 134-12 59th Avenue, Flushing, NY 11355, Related Person Order Denying Privileges",,https://www.federalregister.gov/documents/2017/10/05/2017-21475/in-the-matter-of-mark-henry-aka-weida-zheng-aka-scott-russel-aka-bob-wilson-aka-joanna-zhong-inmate,https://www.govinfo.gov/content/pkg/FR-2017-10-05/pdf/2017-21475.pdf,False,not_candidate,,,not_coded,not_manually_coded,,not_coded,Federal_Register_BIS_agency_archive
2017,2017-10-05,2017-21476,Notice,"In the Matter of: Tayabi Fazal Hussain, Lathifa Tower, Apt #1107, Al Nahda 1, Dubai, UAE",,https://www.federalregister.gov/documents/2017/10/05/2017-21476/in-the-matter-of-tayabi-fazal-hussain-lathifa-tower-apt-1107-al-nahda-1-dubai-uae,https://www.govinfo.gov/content/pkg/FR-2017-10-05/pdf/2017-21476.pdf,False,not_candidate,,,not_coded,not_manually_coded,,not_coded,Federal_Register_BIS_agency_archive
2017,2017-10-13,2017-22193,Notice,Materials Processing Equipment Technical Advisory Committee; Notice of Open Meeting,,https://www.federalregister.gov/documents/2017/10/13/2017-22193/materials-processing-equipment-technical-advisory-committee-notice-of-open-meeting,https://www.govinfo.gov/content/pkg/FR-2017-10-13/pdf/2017-22193.pdf,False,not_candidate,,,not_coded,not_manually_coded,,not_coded,Federal_Register_BIS_agency_archive
2017,2017-10-13,2017-22194,Notice,Sensors and Instrumentation Technical Advisory Committee; Notice of Partially Closed Meeting,,https://www.federalregister.gov/documents/2017/10/13/2017-22194/sensors-and-instrumentation-technical-advisory-committee-notice-of-partially-closed-meeting,https://www.govinfo.gov/content/pkg/FR-2017-10-13/pdf/2017-22194.pdf,False,not_candidate,,,not_coded,not_manually_coded,,not_coded,Federal_Register_BIS_agency_archive
2017,2017-10-18,2017-22575,Notice,Information Systems; Technical Advisory Committee; Notice of Partially Closed Meeting,,https://www.federalregister.gov/documents/2017/10/18/2017-22575/information-systems-technical-advisory-committee-notice-of-partially-closed-meeting,https://www.govinfo.gov/content/pkg/FR-2017-10-18/pdf/2017-22575.pdf,False,not_candidate,,,not_coded,not_manually_coded,,not_coded,Federal_Register_BIS_agency_archive
2017,2017-10-20,2017-22792,Notice,"Membership of the Performance Review Board for EDA, NTIA and BIS","The EDA, NTIA and BIS, Department of Commerce (DOC), announce the appointment of those individuals who have been selected to serve as members of the Performance Review Board. The Performance Review Board is responsible for (1) reviewing performance appraisals and ratings of Senior Executive Service (SES) members and Senior Level (SL) members and (2) making recommendations to the appointing authority on other performance management issues, such as pay adjustments, bonuses and Presidential Rank Awards for SES and SL members. The appointment of these members to the Performance Review Board will be for a period of twenty-four (24) months.",https://www.federalregister.gov/documents/2017/10/20/2017-22792/membership-of-the-performance-review-board-for-eda-ntia-and-bis,https://www.govinfo.gov/content/pkg/FR-2017-10-20/pdf/2017-22792.pdf,False,not_candidate,,,not_coded,not_manually_coded,,not_coded,Federal_Register_BIS_agency_archive
2017,2017-10-20,2017-22821,Notice,"In the Matter of: Martin Jan Leff, 3708 Ascot Bend Ct., Bonita Springs, FL 34134 and 4100 Spring Street #303, Spring Park, MN 55384; Order Denying Export Privileges",,https://www.federalregister.gov/documents/2017/10/20/2017-22821/in-the-matter-of-martin-jan-leff-3708-ascot-bend-ct-bonita-springs-fl-34134-and-4100-spring-street,https://www.govinfo.gov/content/pkg/FR-2017-10-20/pdf/2017-22821.pdf,False,not_candidate,,,not_coded,not_manually_coded,,not_coded,Federal_Register_BIS_agency_archive
2017,2017-10-20,2017-22826,Notice,"In the Matter of: Rodrigo Chico-Rodriguez, Inmate Number: 69032-179, Reeves III Correctional Institution, Box 2038, Pecos, TX 79772; Order Denying Export Privileges",,https://www.federalregister.gov/documents/2017/10/20/2017-22826/in-the-matter-of-rodrigo-chico-rodriguez-inmate-number-69032-179-reeves-iii-correctional-institution,https://www.govinfo.gov/content/pkg/FR-2017-10-20/pdf/2017-22826.pdf,False,not_candidate,,,not_coded,not_manually_coded,,not_coded,Federal_Register_BIS_agency_archive
2017,2017-10-20,2017-22827,Notice,"In the Matter of: Marleen Rochin, 3037 S. 69th Drive, Phoenix, AZ 85043; Order Denying Export Privileges",,https://www.federalregister.gov/documents/2017/10/20/2017-22827/in-the-matter-of-marleen-rochin-3037-s-69th-drive-phoenix-az-85043-order-denying-export-privileges,https://www.govinfo.gov/content/pkg/FR-2017-10-20/pdf/2017-22827.pdf,False,not_candidate,,,not_coded,not_manually_coded,,not_coded,Federal_Register_BIS_agency_archive
2017,2017-10-20,2017-22828,Notice,"In the Matter of: Adrian Manuel Hernandez, 3037 S. 69th Drive, Phoenix, AZ 85043; Order Denying Export Privileges",,https://www.federalregister.gov/documents/2017/10/20/2017-22828/in-the-matter-of-adrian-manuel-hernandez-3037-s-69th-drive-phoenix-az-85043-order-denying-export,https://www.govinfo.gov/content/pkg/FR-2017-10-20/pdf/2017-22828.pdf,False,not_candidate,,,not_coded,not_manually_coded,,not_coded,Federal_Register_BIS_agency_archive
2017,2017-10-20,2017-22829,Notice,"In the Matter of: Jimmy Rojas, a/k/a Jim Rojas, Currently Incarcerated at: Inmate Number: 49932-018, FCI Miami, P.O. Box 779800, Miami, FL 33177, and With a Prior Known Address at: 8002 Cornwall Lane, Tampa, FL 33615; Order Denying Export Privileges",,https://www.federalregister.gov/documents/2017/10/20/2017-22829/in-the-matter-of-jimmy-rojas-aka-jim-rojas-currently-incarcerated-at-inmate-number-49932-018-fci,https://www.govinfo.gov/content/pkg/FR-2017-10-20/pdf/2017-22829.pdf,False,not_candidate,,,not_coded,not_manually_coded,,not_coded,Federal_Register_BIS_agency_archive
2017,2017-10-23,2017-22649,Rule,"Amendments to Existing Validated End-User Authorization in the People's Republic of China: Lam Research Service Co., Ltd.","In this rule, the Bureau of Industry and Security (BIS) amends the Export Administration Regulations (EAR) to revise the existing Validated End-User (VEU) list for the People's Republic of China (PRC) by updating the list of eligible destinations (facilities) and eligible items in Supplement No. 7 to part 748 for Lam Research Service Co., Ltd. (Lam). The End-User Review Committee (ERC) reviewed and authorized the amendments to the eligible facilities in response to a request made by Lam and in accordance with established procedures. Changes to the list of eligible items are technical corrections intended to improve clarity. As a consequence of these amendments, the EAR will include an updated and accurate list of eligible items (items that may be exported, reexported and transferred (in-country)), and eligible Lam facilities in the PRC. Publication of this rule supports the VEU program by providing information that assists the exporting public.",https://www.federalregister.gov/documents/2017/10/23/2017-22649/amendments-to-existing-validated-end-user-authorization-in-the-peoples-republic-of-china-lam,https://www.govinfo.gov/content/pkg/FR-2017-10-23/pdf/2017-22649.pdf,False,not_candidate,,,not_coded,not_manually_coded,,not_coded,Federal_Register_BIS_agency_archive
2017,2017-10-25,2017-23220,Notice,Information Systems Technical Advisory Committee: Notice of Partially Closed Meeting-Revised,,https://www.federalregister.gov/documents/2017/10/25/2017-23220/information-systems-technical-advisory-committee-notice-of-partially-closed-meeting-revised,https://www.govinfo.gov/content/pkg/FR-2017-10-25/pdf/2017-23220.pdf,False,not_candidate,,,not_coded,not_manually_coded,,not_coded,Federal_Register_BIS_agency_archive
2017,2017-11-01,2017-23712,Rule,Clarifications to the Export Administration Regulations for the Use of License Exceptions,"This final rule makes clarifications to the Export Administration Regulations (EAR) to provide guidance based on existing agency understanding and practice on the use of two license exceptions. Specifically, this final rule makes three clarifications to License Exception Governments, International Organizations, International Inspections under the Chemical Weapons Convention, and the International Space Station (GOV) and adds five notes, along with making other minor clarifications, to License Exception Strategic Trade Authorization (STA). These revisions respond to questions BIS has received about the use of these two EAR license exceptions and provide the general public answers to frequently asked questions based on existing agency interpretive practice. Therefore, the clarifications in this final rule do not change the EAR requirements for the use of the license exceptions but are intended to assist exporters new to the EAR.",https://www.federalregister.gov/documents/2017/11/01/2017-23712/clarifications-to-the-export-administration-regulations-for-the-use-of-license-exceptions,https://www.govinfo.gov/content/pkg/FR-2017-11-01/pdf/2017-23712.pdf,False,not_candidate,,,not_coded,not_manually_coded,,not_coded,Federal_Register_BIS_agency_archive
2017,2017-11-01,2017-23727,Notice,Materials Technical Advisory Committee; Notice of Open Meeting,,https://www.federalregister.gov/documents/2017/11/01/2017-23727/materials-technical-advisory-committee-notice-of-open-meeting,https://www.govinfo.gov/content/pkg/FR-2017-11-01/pdf/2017-23727.pdf,False,not_candidate,,,not_coded,not_manually_coded,,not_coded,Federal_Register_BIS_agency_archive
2017,2017-11-09,2017-24448,Rule,Amendments To Implement United States Policy Toward Cuba,"This rule amends the licensing policy for Cuba and portions of three license exceptions available for exports and reexports to Cuba: License Exceptions Gift Parcels and Humanitarian Donations (""GFT""), Consumer Communications Devices (""CCD""), and Support for the Cuban People (""SCP""). The Bureau of Industry and Security is publishing this rule to implement portions of the National Security Presidential Memorandum on Strengthening the Policy of the United States Toward Cuba, dated June 16, 2017.",https://www.federalregister.gov/documents/2017/11/09/2017-24448/amendments-to-implement-united-states-policy-toward-cuba,https://www.govinfo.gov/content/pkg/FR-2017-11-09/pdf/2017-24448.pdf,False,not_candidate,,,not_coded,not_manually_coded,,not_coded,Federal_Register_BIS_agency_archive
2017,2017-11-29,2017-25742,Notice,"Impact of the Implementation of the Chemical Weapons Convention (CWC) on Legitimate Commercial Chemical, Biotechnology, and Pharmaceutical Activities Involving “Schedule 1” Chemicals (Including Schedule 1 Chemicals Produced as Intermediates) Through Calendar Year 2017","The Bureau of Industry and Security (BIS) is seeking public comments on the impact that implementation of the Chemical Weapons Convention (CWC), through the Chemical Weapons Convention Implementation Act (CWCIA) and the Chemical Weapons Convention Regulations (CWCR), has had on commercial activities involving ""Schedule 1"" chemicals during calendar year 2017. The purpose of this notice of inquiry is to collect information to assist BIS in its preparation of the annual certification to Congress on whether the legitimate commercial activities and interests of chemical, biotechnology, and pharmaceutical firms are being harmed by such implementation. This certification is required under Condition 9 of Senate Resolution 75, April 24, 1997, in which the Senate gave its advice and consent to the ratification of the CWC.",https://www.federalregister.gov/documents/2017/11/29/2017-25742/impact-of-the-implementation-of-the-chemical-weapons-convention-cwc-on-legitimate-commercial,https://www.govinfo.gov/content/pkg/FR-2017-11-29/pdf/2017-25742.pdf,False,not_candidate,,,not_coded,not_manually_coded,,not_coded,Federal_Register_BIS_agency_archive
2017,2017-11-30,2017-25789,Notice,Regulations and Procedures Technical Advisory Committee; Notice of Partially Closed Meeting,,https://www.federalregister.gov/documents/2017/11/30/2017-25789/regulations-and-procedures-technical-advisory-committee-notice-of-partially-closed-meeting,https://www.govinfo.gov/content/pkg/FR-2017-11-30/pdf/2017-25789.pdf,False,not_candidate,,,not_coded,not_manually_coded,,not_coded,Federal_Register_BIS_agency_archive
2017,2017-12-04,2017-25964,Notice,"Modification of June 27, 2017 Renewal of Temporary Denial Order",,https://www.federalregister.gov/documents/2017/12/04/2017-25964/modification-of-june-27-2017-renewal-of-temporary-denial-order,https://www.govinfo.gov/content/pkg/FR-2017-12-04/pdf/2017-25964.pdf,False,not_candidate,,,not_coded,not_manually_coded,,not_coded,Federal_Register_BIS_agency_archive
2017,2017-12-11,2017-26564,Notice,"In the Matter of: Shantia Hassanshahi, a/k/a Shantia Hassan Shahi, a/k/a Shahi, a/k/a Shantia Haas, a/k/a Sean Haas, 6041 Weeping Banyan Lane, Woodland Hills, CA 91367; Amended Order Denying Export Privileges",,https://www.federalregister.gov/documents/2017/12/11/2017-26564/in-the-matter-of-shantia-hassanshahi-aka-shantia-hassan-shahi-aka-shahi-aka-shantia-haas-aka-sean,https://www.govinfo.gov/content/pkg/FR-2017-12-11/pdf/2017-26564.pdf,False,not_candidate,,,not_coded,not_manually_coded,,not_coded,Federal_Register_BIS_agency_archive
2017,2017-12-20,2017-27388,Rule,Addition of Certain Entities to the Entity List,This rule amends the Export Administration Regulations (EAR) by adding two entities to the Entity List. The two entities being added to the Entity List have been determined by the U.S. Government to be acting contrary to the national security or foreign policy interests of the United States. These two entities will be listed on the Entity List under the destination of Russia.,https://www.federalregister.gov/documents/2017/12/20/2017-27388/addition-of-certain-entities-to-the-entity-list,https://www.govinfo.gov/content/pkg/FR-2017-12-20/pdf/2017-27388.pdf,True,entity_list_requires_manual_semiconductor_coding,entity list,,not_coded,not_manually_coded,,not_coded,Federal_Register_BIS_agency_archive
2017,2017-12-27,2017-27616,Rule,"Revisions, Clarifications, and Technical Corrections to the Export Administration Regulations","In this final rule, the Bureau of Industry and Security corrects certain provisions in the Export Administration Regulations (EAR) to provide accurate references and fix typographical errors, and amend several Export Control Classification Numbers (ECCNs) to enhance consistency with the other ECCNs on the Commerce Control List (CCL). The corrections are editorial in nature and do not affect license requirements.",https://www.federalregister.gov/documents/2017/12/27/2017-27616/revisions-clarifications-and-technical-corrections-to-the-export-administration-regulations,https://www.govinfo.gov/content/pkg/FR-2017-12-27/pdf/2017-27616.pdf,False,not_candidate,,,not_coded,not_manually_coded,,not_coded,Federal_Register_BIS_agency_archive
2017,2017-12-28,2017-28003,Notice,"In the Matter of: Gerardo Trevino-Moncivais, Inmate Number: 13375-479, D. Ray James Correctional Institution, P.O. Box 2000, Folkston, GA 31537; Order Denying Export Privileges",,https://www.federalregister.gov/documents/2017/12/28/2017-28003/in-the-matter-of-gerardo-trevino-moncivais-inmate-number-13375-479-d-ray-james-correctional,https://www.govinfo.gov/content/pkg/FR-2017-12-28/pdf/2017-28003.pdf,False,not_candidate,,,not_coded,not_manually_coded,,not_coded,Federal_Register_BIS_agency_archive
2017,2017-12-28,2017-28004,Notice,"In the Matter of: Papa Faal, 6308 Decatur Avenue North, Brooklyn Park, MN 55428; Order Denying Export Privileges",,https://www.federalregister.gov/documents/2017/12/28/2017-28004/in-the-matter-of-papa-faal-6308-decatur-avenue-north-brooklyn-park-mn-55428-order-denying-export,https://www.govinfo.gov/content/pkg/FR-2017-12-28/pdf/2017-28004.pdf,False,not_candidate,,,not_coded,not_manually_coded,,not_coded,Federal_Register_BIS_agency_archive
2017,2017-12-28,2017-28005,Notice,"In the Matter of: Hunter Perry, 173 Red Hawk Drive, Vine Grove, KY 40175; Order Denying Export Privileges",,https://www.federalregister.gov/documents/2017/12/28/2017-28005/in-the-matter-of-hunter-perry-173-red-hawk-drive-vine-grove-ky-40175-order-denying-export-privileges,https://www.govinfo.gov/content/pkg/FR-2017-12-28/pdf/2017-28005.pdf,False,not_candidate,,,not_coded,not_manually_coded,,not_coded,Federal_Register_BIS_agency_archive
2017,2017-12-28,2017-28006,Notice,"In the Matter of: Joseph Esequiel-Gonzalez, Inmate Number: 04655-479, FCI Bastrop Federal Correctional Institution, P.O. Box 1010, Bastrop, TX 78602; Order Denying Export Privileges",,https://www.federalregister.gov/documents/2017/12/28/2017-28006/in-the-matter-of-joseph-esequiel-gonzalez-inmate-number-04655-479-fci-bastrop-federal-correctional,https://www.govinfo.gov/content/pkg/FR-2017-12-28/pdf/2017-28006.pdf,False,not_candidate,,,not_coded,not_manually_coded,,not_coded,Federal_Register_BIS_agency_archive
2017,2017-12-28,2017-28112,Notice,"In the Matter of: Saeid Yahya Charkhian, Villa 5, Street 1, Arabian Ranches, Dubai, United Arab Emirates, and Caspian Industrial Machinery Supply LLC, No. 2509 Churchill Executive Tower, Business Bay, Dubai, United Arab Emirates, Attention: Saeid Yahya Charkhian; Respondents; Order Relating to Saeid Yahya Charkhian and Caspian Industrial Machinery Supply LLC",,https://www.federalregister.gov/documents/2017/12/28/2017-28112/in-the-matter-of-saeid-yahya-charkhian-villa-5-street-1-arabian-ranches-dubai-united-arab-emirates,https://www.govinfo.gov/content/pkg/FR-2017-12-28/pdf/2017-28112.pdf,False,not_candidate,,,not_coded,not_manually_coded,,not_coded,Federal_Register_BIS_agency_archive
2017,2017-12-29,2017-28113,Notice,Order Renewing Order Temporarily Denying Export Privileges,,https://www.federalregister.gov/documents/2017/12/29/2017-28113/order-renewing-order-temporarily-denying-export-privileges,https://www.govinfo.gov/content/pkg/FR-2017-12-29/pdf/2017-28113.pdf,False,not_candidate,,,not_coded,not_manually_coded,,not_coded,Federal_Register_BIS_agency_archive
2022,2022-01-06,2021-28444,Rule,Export Control Classification Number 0Y521 Series Supplement-Extension of Controls on an Emerging Technology (Software Specially Designed To Automate the Analysis of Geospatial Imagery Classification),"On January 6, 2020, the Bureau of Industry and Security (BIS) amended the Export Administration Regulations (EAR) to add Software Specially Designed to Automate the Analysis of Geospatial Imagery to the 0Y521 Temporary Export Control Classification Numbers (ECCN) Series as 0D521. BIS first extended controls on this emerging technology for a second year pursuant to the 0Y521 series extension procedures on January 6, 2021, and in this action extends these controls a second time for an additional year for a total of three years of this control since it was added to the EAR on January 6, 2020.",https://www.federalregister.gov/documents/2022/01/06/2021-28444/export-control-classification-number-0y521-series-supplement-extension-of-controls-on-an-emerging,https://www.govinfo.gov/content/pkg/FR-2022-01-06/pdf/2021-28444.pdf,False,not_candidate,,,not_coded,not_manually_coded,,not_coded,Federal_Register_BIS_agency_archive
2022,2022-01-07,2022-00104,Notice,Agency Information Collection Activities; Submission to the Office of Management and Budget (OMB) for Review and Approval; Comment Request; License Transfer,,https://www.federalregister.gov/documents/2022/01/07/2022-00104/agency-information-collection-activities-submission-to-the-office-of-management-and-budget-omb-for,https://www.govinfo.gov/content/pkg/FR-2022-01-07/pdf/2022-00104.pdf,False,not_candidate,,,not_coded,not_manually_coded,,not_coded,Federal_Register_BIS_agency_archive
2022,2022-01-11,2022-00243,Notice,Sensors and Instrumentation Technical Advisory Committee; Notice of Open Meeting,,https://www.federalregister.gov/documents/2022/01/11/2022-00243/sensors-and-instrumentation-technical-advisory-committee-notice-of-open-meeting,https://www.govinfo.gov/content/pkg/FR-2022-01-11/pdf/2022-00243.pdf,False,not_candidate,,,not_coded,not_manually_coded,,not_coded,Federal_Register_BIS_agency_archive
2022,2022-01-12,2022-00392,Notice,Agency Information Collection Activities; Submission to the Office of Management and Budget (OMB) for Review and Approval; Comment Request; Chemical Weapons Convention Declaration and Report Handbook and Forms & Chemical Weapons Convention Regulations (CWCR),"The Department of Commerce, in accordance with the Paperwork Reduction Act of 1995 (PRA), invites the general public and other Federal agencies to comment on proposed, and continuing information collections, which helps us assess the impact of our information collection requirements and minimize the public's reporting burden. The purpose of this notice is to allow for 60 days of public comment preceding submission of the collection to OMB.",https://www.federalregister.gov/documents/2022/01/12/2022-00392/agency-information-collection-activities-submission-to-the-office-of-management-and-budget-omb-for,https://www.govinfo.gov/content/pkg/FR-2022-01-12/pdf/2022-00392.pdf,False,not_candidate,,,not_coded,not_manually_coded,,not_coded,Federal_Register_BIS_agency_archive
2022,2022-01-12,2022-00448,Rule,Information Security Controls: Cybersecurity Items; Delay of Effective Date,"On October 21, 2021, the Bureau of Industry and Security (BIS) published an interim final rule that establishes new controls on certain cybersecurity items for National Security (NS) and Anti- terrorism (AT) reasons, along with a new License Exception, Authorized Cybersecurity Exports (ACE), that authorizes exports of these items to most destinations except in the circumstances described in that rule. That rule was published with a 45-day comment period, which ended on December 12, 2021, and a 90-day delayed effective date (January 19, 2022). This rule delays the effective date of the interim final rule by 45 days.",https://www.federalregister.gov/documents/2022/01/12/2022-00448/information-security-controls-cybersecurity-items-delay-of-effective-date,https://www.govinfo.gov/content/pkg/FR-2022-01-12/pdf/2022-00448.pdf,False,not_candidate,,,not_coded,not_manually_coded,,not_coded,Federal_Register_BIS_agency_archive
2022,2022-01-14,2022-00727,Notice,Agency Information Collection Activities; Submission to the Office of Management and Budget (OMB) for Review and Approval; Comment Request; Offsets in Military Exports,"The Department of Commerce, in accordance with the Paperwork Reduction Act of 1995 (PRA), invites the general public and other Federal agencies to comment on proposed, and continuing information collections, which helps us assess the impact of our information collection requirements and minimize the public's reporting burden. The purpose of this notice is to allow for 60 days of public comment preceding submission of the collection to OMB.",https://www.federalregister.gov/documents/2022/01/14/2022-00727/agency-information-collection-activities-submission-to-the-office-of-management-and-budget-omb-for,https://www.govinfo.gov/content/pkg/FR-2022-01-14/pdf/2022-00727.pdf,False,not_candidate,,,not_coded,not_manually_coded,,not_coded,Federal_Register_BIS_agency_archive
2022,2022-01-18,2022-00764,Notice,Sensors and Instrumentation Technical Advisory Committee; Revised-Notice of Open Meeting,,https://www.federalregister.gov/documents/2022/01/18/2022-00764/sensors-and-instrumentation-technical-advisory-committee-revised-notice-of-open-meeting,https://www.govinfo.gov/content/pkg/FR-2022-01-18/pdf/2022-00764.pdf,False,not_candidate,,,not_coded,not_manually_coded,,not_coded,Federal_Register_BIS_agency_archive
2022,2022-01-18,2022-00799,Notice,"In the Matter of: Irving Aaron Rodriguez-Solis, 2013 East 29th Street, Mission, TX 78574; Order Denying Export Privileges",,https://www.federalregister.gov/documents/2022/01/18/2022-00799/in-the-matter-of-irving-aaron-rodriguez-solis-2013-east-29th-street-mission-tx-78574-order-denying,https://www.govinfo.gov/content/pkg/FR-2022-01-18/pdf/2022-00799.pdf,False,not_candidate,,,not_coded,not_manually_coded,,not_coded,Federal_Register_BIS_agency_archive
2022,2022-01-18,2022-00800,Notice,"In the Matter of: Ernestina Hernandez-Juarez, 208 E Martinez Street, Pharr, TX 78577; Order Denying Export Privileges",,https://www.federalregister.gov/documents/2022/01/18/2022-00800/in-the-matter-of-ernestina-hernandez-juarez-208-e-martinez-street-pharr-tx-78577-order-denying,https://www.govinfo.gov/content/pkg/FR-2022-01-18/pdf/2022-00800.pdf,False,not_candidate,,,not_coded,not_manually_coded,,not_coded,Federal_Register_BIS_agency_archive
2022,2022-01-18,2022-00801,Notice,"In the Matter of: Consuelo Teresita Zamarripa, a/k/a Consuelo Teresita Ramirez, 4984 N FM 755, Rio Grande City, TX 78582-9309; Order Denying Export Privileges",,https://www.federalregister.gov/documents/2022/01/18/2022-00801/in-the-matter-of-consuelo-teresita-zamarripa-aka-consuelo-teresita-ramirez-4984-n-fm-755-rio-grande,https://www.govinfo.gov/content/pkg/FR-2022-01-18/pdf/2022-00801.pdf,False,not_candidate,,,not_coded,not_manually_coded,,not_coded,Federal_Register_BIS_agency_archive
2022,2022-01-18,2022-00803,Notice,"In the Matter of: Edna Yaritza Zamarripa, 4984 N FM 755, Rio Grande City, TX 78582-9309; Order Denying Export Privileges",,https://www.federalregister.gov/documents/2022/01/18/2022-00803/in-the-matter-of-edna-yaritza-zamarripa-4984-n-fm-755-rio-grande-city-tx-78582-9309-order-denying,https://www.govinfo.gov/content/pkg/FR-2022-01-18/pdf/2022-00803.pdf,False,not_candidate,,,not_coded,not_manually_coded,,not_coded,Federal_Register_BIS_agency_archive
2022,2022-01-19,2022-00885,Notice,Information Systems Technical Advisory Committee; Notice of Partially Closed Meeting,,https://www.federalregister.gov/documents/2022/01/19/2022-00885/information-systems-technical-advisory-committee-notice-of-partially-closed-meeting,https://www.govinfo.gov/content/pkg/FR-2022-01-19/pdf/2022-00885.pdf,False,not_candidate,,,not_coded,not_manually_coded,,not_coded,Federal_Register_BIS_agency_archive
2022,2022-01-25,2022-01427,Notice,"In the Matter of: Khaldoun Hejazi, 1112 West Howe Street, Boise, ID 83706 Order Denying Export Privileges",,https://www.federalregister.gov/documents/2022/01/25/2022-01427/in-the-matter-of-khaldoun-hejazi-1112-west-howe-street-boise-id-83706-order-denying-export,https://www.govinfo.gov/content/pkg/FR-2022-01-25/pdf/2022-01427.pdf,False,not_candidate,,,not_coded,not_manually_coded,,not_coded,Federal_Register_BIS_agency_archive
2022,2022-02-03,2022-02302,Rule,"Foreign-Direct Product Rules: Organization, Clarification, and Correction","The Bureau of Industry and Security (BIS) is clarifying, reorganizing, and making minor corrections to the provisions of the foreign-direct product (FDP) rules. Before this final rule, the FDP rules appeared in parts 736 and 744 of the Export Administration Regulations (EAR); now, the rules are consolidated in part 734 of the EAR. These revisions clarify the applicability of the FDP rules and make one correction applicable to the FDP rules as to the term ""U.S.- origin technology and software.""",https://www.federalregister.gov/documents/2022/02/03/2022-02302/foreign-direct-product-rules-organization-clarification-and-correction,https://www.govinfo.gov/content/pkg/FR-2022-02-03/pdf/2022-02302.pdf,False,not_candidate,,,not_coded,not_manually_coded,,not_coded,Federal_Register_BIS_agency_archive
2022,2022-02-08,2022-02530,Notice,Emerging Technology Technical Advisory Committee; Notice of Partially Closed Meeting,,https://www.federalregister.gov/documents/2022/02/08/2022-02530/emerging-technology-technical-advisory-committee-notice-of-partially-closed-meeting,https://www.govinfo.gov/content/pkg/FR-2022-02-08/pdf/2022-02530.pdf,False,not_candidate,,,not_coded,not_manually_coded,,not_coded,Federal_Register_BIS_agency_archive
2022,2022-02-08,2022-02536,Rule,Revisions to the Unverified List,The Bureau of Industry and Security (BIS) is amending the Export Administration Regulations (EAR) by adding thirty-three (33) persons to the Unverified List (UVL). The thirty-three persons are added to the UVL on the basis that BIS was unable to verify their bona fides because an end-use check could not be completed satisfactorily for reasons outside the U.S. Government's control.,https://www.federalregister.gov/documents/2022/02/08/2022-02536/revisions-to-the-unverified-list,https://www.govinfo.gov/content/pkg/FR-2022-02-08/pdf/2022-02536.pdf,False,not_candidate,,,not_coded,not_manually_coded,,not_coded,Federal_Register_BIS_agency_archive
2022,2022-02-10,2022-02870,Proposed Rule,Request for Public Comments on the Section 232 Exclusions Process,"The Bureau of Industry and Security (BIS) is hereby seeking public comments regarding the Section 232 exclusions process. A presidential proclamation (Adjusting Imports of Steel into the United States), published on January 3, 2022, directed the Secretary of Commerce to seek public comment on the Section 232 exclusions process, including the responsiveness of the exclusions process to market demand and enhanced consultation with U.S. firms and labor organizations.",https://www.federalregister.gov/documents/2022/02/10/2022-02870/request-for-public-comments-on-the-section-232-exclusions-process,https://www.govinfo.gov/content/pkg/FR-2022-02-10/pdf/2022-02870.pdf,False,not_candidate,,,not_coded,not_manually_coded,,not_coded,Federal_Register_BIS_agency_archive
2022,2022-02-14,2022-03029,Rule,Addition of Certain Entities to the Entity List,"This final rule amends the Export Administration Regulations (EAR) by adding seven entities under seven entries to the Entity List. These seven entities have been determined by the U.S. Government to be acting contrary to the foreign policy or national security interests of the United States and will be listed on the Entity List under the destinations of the People's Republic of China (China), Pakistan, and the United Arab Emirates (UAE). This final rule also modifies four existing entries on the Entity List under the destination of China.",https://www.federalregister.gov/documents/2022/02/14/2022-03029/addition-of-certain-entities-to-the-entity-list,https://www.govinfo.gov/content/pkg/FR-2022-02-14/pdf/2022-03029.pdf,True,entity_list_requires_manual_semiconductor_coding,entity list,,not_coded,not_manually_coded,,not_coded,Federal_Register_BIS_agency_archive
2022,2022-02-17,2022-03413,Notice,"Order Denying Export Privileges; In the Matter of: Abdiel Padron Madrid, Inmate Number: 42167-480, FCI La Tuna, Federal Correctional Institution, P.O. Box 3000, Anthony, NM 88021",,https://www.federalregister.gov/documents/2022/02/17/2022-03413/order-denying-export-privileges-in-the-matter-of-abdiel-padron-madrid-inmate-number-42167-480-fci-la,https://www.govinfo.gov/content/pkg/FR-2022-02-17/pdf/2022-03413.pdf,False,not_candidate,,,not_coded,not_manually_coded,,not_coded,Federal_Register_BIS_agency_archive
2022,2022-02-17,2022-03414,Notice,"Order Denying Export Privileges; In the Matter of: Luis Curiel-Trevino, Inmate Number: 97081-479, Giles W. Dalby, CI, 805 North Avenue F, Post, TX 79356",,https://www.federalregister.gov/documents/2022/02/17/2022-03414/order-denying-export-privileges-in-the-matter-of-luis-curiel-trevino-inmate-number-97081-479-giles-w,https://www.govinfo.gov/content/pkg/FR-2022-02-17/pdf/2022-03414.pdf,False,not_candidate,,,not_coded,not_manually_coded,,not_coded,Federal_Register_BIS_agency_archive
2022,2022-02-17,2022-03416,Notice,"In the Matter of: Ramon Aguilar-Manriquez, 1655 West Monroe Street, Apt. 21, Brownsville, TX 78520; Order Denying Export Privileges",,https://www.federalregister.gov/documents/2022/02/17/2022-03416/in-the-matter-of-ramon-aguilar-manriquez-1655-west-monroe-street-apt-21-brownsville-tx-78520-order,https://www.govinfo.gov/content/pkg/FR-2022-02-17/pdf/2022-03416.pdf,False,not_candidate,,,not_coded,not_manually_coded,,not_coded,Federal_Register_BIS_agency_archive
2022,2022-02-17,2022-03417,Notice,"In the Matter of: Bianca Garcia-Rodriguez, 3134 East 25th Street, Brownsville, TX 78521; Order Denying Export Privileges",,https://www.federalregister.gov/documents/2022/02/17/2022-03417/in-the-matter-of-bianca-garcia-rodriguez-3134-east-25th-street-brownsville-tx-78521-order-denying,https://www.govinfo.gov/content/pkg/FR-2022-02-17/pdf/2022-03417.pdf,False,not_candidate,,,not_coded,not_manually_coded,,not_coded,Federal_Register_BIS_agency_archive
2022,2022-02-25,2022-03970,Notice,Regulations and Procedures Technical Advisory Committee; Notice of Partially Closed Meeting,,https://www.federalregister.gov/documents/2022/02/25/2022-03970/regulations-and-procedures-technical-advisory-committee-notice-of-partially-closed-meeting,https://www.govinfo.gov/content/pkg/FR-2022-02-25/pdf/2022-03970.pdf,False,not_candidate,,,not_coded,not_manually_coded,,not_coded,Federal_Register_BIS_agency_archive
2022,2022-02-25,2022-03971,Notice,Transportation and Related Equipment Technical Advisory Committee; Notice of Partially Closed Meeting,,https://www.federalregister.gov/documents/2022/02/25/2022-03971/transportation-and-related-equipment-technical-advisory-committee-notice-of-partially-closed-meeting,https://www.govinfo.gov/content/pkg/FR-2022-02-25/pdf/2022-03971.pdf,False,not_candidate,,,not_coded,not_manually_coded,,not_coded,Federal_Register_BIS_agency_archive
2022,2022-02-28,2022-04163,Notice,Materials and Equipment Technical Advisory Committee,,https://www.federalregister.gov/documents/2022/02/28/2022-04163/materials-and-equipment-technical-advisory-committee,https://www.govinfo.gov/content/pkg/FR-2022-02-28/pdf/2022-04163.pdf,False,not_candidate,,,not_coded,not_manually_coded,,not_coded,Federal_Register_BIS_agency_archive
2022,2022-03-03,2022-04300,Rule,Implementation of Sanctions Against Russia Under the Export Administration Regulations (EAR),"In response to the Russian Federation's (Russia's) further invasion of Ukraine, with this final rule, the Department of Commerce is adding new Russia license requirements and licensing policies to the Export Administration Regulations (EAR) to protect U.S. national security and foreign policy interests. These new Russia measures: Impose new Commerce Control List (CCL)-based license requirements for Russia; add two new foreign ""direct product"" rules (FDP rules) specific to Russia and Russian `military end users;' specify a license review policy of denial applicable to all of the license requirements being added in this rule, with certain limited exceptions; significantly restrict the use of EAR license exceptions; expand the existing Russia `military end use' and `military end user' control scope to all items ""subject to the EAR"" other than food and medicine designated EAR99, or ECCN 5A992.c and 5D992.c unless for Russian ""government end users"" and Russian state-owned enterprises (SoEs); transfer forty-five Russian entities from the Military End-User (MEU) List to the Entity List with an expanded license requirement of all items subject to the EAR (including foreign-produced items subject to the Russia-MEU FDP rules); and add two new Russia entities and revise two Russia entities to the Entity List. Lastly, this rule imposes comprehensive export, reexport and transfer (in-country) restrictions for the so-called Donetsk People's Republic (DNR) and Luhansk People's Republics (LNR) regions of Ukraine (""Covered Regions of Ukraine"") and makes conforming revisions to export, reexport transfer (in-country) restrictions for Crimea Region of Ukraine provisions.",https://www.federalregister.gov/documents/2022/03/03/2022-04300/implementation-of-sanctions-against-russia-under-the-export-administration-regulations-ear,https://www.govinfo.gov/content/pkg/FR-2022-03-03/pdf/2022-04300.pdf,True,entity_list_requires_manual_semiconductor_coding,entity list,,not_coded,not_manually_coded,,not_coded,Federal_Register_BIS_agency_archive
2022,2022-03-08,2022-04819,Rule,Imposition of Sanctions Against Belarus Under the Export Administration Regulations (EAR),"In response to Belarus's substantial enabling of the Russian Federation's (Russia)'s further invasion of Ukraine, this rule is adding new license requirements and review policies for Belarus to the Export Administration Regulations (EAR) to render Belarus subject to the same sanctions that were imposed on Russia under the EAR effective February 24, 2022. These new sanctions impose new Commerce Control List (CCL)-based license requirements for Belarus; revise the two foreign ""direct product"" rules (FDP rules) that are specific to Russia and Russian `military end users' to make them also applicable to Belarus and Belarusian `military end users;' specify a license review policy of denial applicable to all of the license requirements on Belarus that are being added in this rule, with certain limited exceptions; significantly restrict the use of EAR license exceptions; expand the existing `military end use' and `military end user' control scope to include Belarus for all items ""subject to the EAR"" other than food and medicine designated EAR99; and add two new Belarusian entities to the Entity List as `military end users.' This rule also imposes a license requirement for nuclear nonproliferation items for exports and reexports to Belarus and removes Belarus from Country Group A:4 under the EAR. In addition, for Belarus and Russia, this rule amends the availability of License Exceptions AVS and ENC and includes clarifying guidance on the availability of CCD.",https://www.federalregister.gov/documents/2022/03/08/2022-04819/imposition-of-sanctions-against-belarus-under-the-export-administration-regulations-ear,https://www.govinfo.gov/content/pkg/FR-2022-03-08/pdf/2022-04819.pdf,True,entity_list_requires_manual_semiconductor_coding,entity list,,not_coded,not_manually_coded,,not_coded,Federal_Register_BIS_agency_archive
2022,2022-03-08,2022-04912,Rule,Expansion of Sanctions Against the Russian Industry Sector Under the Export Administration Regulations (EAR),"In response to the Russian Federation's (Russia's) further invasion of Ukraine, the Department of Commerce is expanding the existing sanctions against the Russian industry sector by adding a new prohibition under the Export Administration Regulations (EAR) that targets the oil refinery sector in Russia. These new export controls will further limit revenue that could support the military capabilities of Russia.",https://www.federalregister.gov/documents/2022/03/08/2022-04912/expansion-of-sanctions-against-the-russian-industry-sector-under-the-export-administration,https://www.govinfo.gov/content/pkg/FR-2022-03-08/pdf/2022-04912.pdf,False,not_candidate,,,not_coded,not_manually_coded,,not_coded,Federal_Register_BIS_agency_archive
2022,2022-03-09,2022-04925,Rule,Further Imposition of Sanctions Against Russia With the Addition of Certain Entities to the Entity List,"In response to the Russian Federation's (Russia's) further invasion of Ukraine on February 24, 2022, the Department of Commerce is amending the Export Administration Regulations (EAR) by adding 91 new entities to the Entity List under the destinations of Belize, Estonia, Kazakhstan, Latvia, Malta, Russia, Singapore, Slovakia, Spain, and United Kingdom with this final rule. These 91 entities have been determined by the U.S. Government to be acting contrary to the foreign policy or national security interests of the United States.",https://www.federalregister.gov/documents/2022/03/09/2022-04925/further-imposition-of-sanctions-against-russia-with-the-addition-of-certain-entities-to-the-entity,https://www.govinfo.gov/content/pkg/FR-2022-03-09/pdf/2022-04925.pdf,True,entity_list_requires_manual_semiconductor_coding,entity list,,not_coded,not_manually_coded,,not_coded,Federal_Register_BIS_agency_archive
2022,2022-03-10,2022-05025,Rule,Addition to the List of Countries Excluded From Certain License Requirements Under the Export Administration Regulations (EAR),"In response to the Russian Federation's (Russia's) further invasion of Ukraine, and to protect U.S. national security and foreign policy interests, the Department of Commerce has added new and highly restrictive license requirements and policies for certain transactions involving Russia and Belarus under the Export Administration Regulations (EAR). In order to recognize partner countries that have committed to implementing substantially similar new export controls on Russia and Belarus in their domestic laws, the Department of Commerce has published a list of countries excluded from portions of these new U.S. export controls. These exclusions apply specifically to certain requirements under the EAR related to foreign-produced items. In this rule, the Department of Commerce adds the Republic of Korea (South Korea) to the list of excluded countries.",https://www.federalregister.gov/documents/2022/03/10/2022-05025/addition-to-the-list-of-countries-excluded-from-certain-license-requirements-under-the-export,https://www.govinfo.gov/content/pkg/FR-2022-03-10/pdf/2022-05025.pdf,False,not_candidate,,,not_coded,not_manually_coded,,not_coded,Federal_Register_BIS_agency_archive
2022,2022-03-16,2022-05511,Notice,Agency Information Collection Activities; Submission to the Office of Management and Budget (OMB) for Review and Approval; Comment Request; Procedures for Submitting Requests for Objections From the Section 232 National Security Adjustments of Imports of Steel and Aluminum,,https://www.federalregister.gov/documents/2022/03/16/2022-05511/agency-information-collection-activities-submission-to-the-office-of-management-and-budget-omb-for,https://www.govinfo.gov/content/pkg/FR-2022-03-16/pdf/2022-05511.pdf,False,not_candidate,,,not_coded,not_manually_coded,,not_coded,Federal_Register_BIS_agency_archive
2022,2022-03-16,2022-05604,Rule,Imposition of Sanctions on `Luxury Goods' Destined for Russia and Belarus and for Russian and Belarusian Oligarchs and Malign Actors Under the Export Administration Regulations (EAR),"In response to the Russian Federation's (Russia's) further invasion of Ukraine, and Belarus's substantial enabling of Russia's invasion, the Department of Commerce is imposing restrictions on the export, reexport, or transfer (in-country) to or within Russia or Belarus of `luxury goods' under the Export Administration Regulations (EAR) and for exports, reexports and transfers (in-country) worldwide to certain Russian or Belarusian oligarchs and other malign actors supporting the Russian or Belarusian governments. Taken together, these new export controls will significantly limit financially elite individuals' and organizations' access to luxury goods and thereby accentuate the consequences of providing such support.",https://www.federalregister.gov/documents/2022/03/16/2022-05604/imposition-of-sanctions-on-luxury-goods-destined-for-russia-and-belarus-and-for-russian-and,https://www.govinfo.gov/content/pkg/FR-2022-03-16/pdf/2022-05604.pdf,False,not_candidate,,,not_coded,not_manually_coded,,not_coded,Federal_Register_BIS_agency_archive
2022,2022-03-17,2022-05678,Notice,Agency Information Collection Activities; Submission to the Office of Management and Budget (OMB) for Review and Approval; Comment Request; Procedures for Submitting Request for Exclusions From the Section 232 National Security Adjustments of Imports of Steel and Aluminum,,https://www.federalregister.gov/documents/2022/03/17/2022-05678/agency-information-collection-activities-submission-to-the-office-of-management-and-budget-omb-for,https://www.govinfo.gov/content/pkg/FR-2022-03-17/pdf/2022-05678.pdf,False,not_candidate,,,not_coded,not_manually_coded,,not_coded,Federal_Register_BIS_agency_archive
2022,2022-03-21,2022-05856,Notice,Emerging Technology Technical Advisory Committee; Notice of Partially Closed Meeting,,https://www.federalregister.gov/documents/2022/03/21/2022-05856/emerging-technology-technical-advisory-committee-notice-of-partially-closed-meeting,https://www.govinfo.gov/content/pkg/FR-2022-03-21/pdf/2022-05856.pdf,False,not_candidate,,,not_coded,not_manually_coded,,not_coded,Federal_Register_BIS_agency_archive
2022,2022-03-22,2022-05992,Notice,Agency Information Collection Activities; Submission to the Office of Management and Budget (OMB) for Review and Approval; Comment Request; Procedures for Submitting Rebuttals and Surrebuttals Requests for Exclusions From and Objections to the Section 232 National Security Adjustments of Imports of Steel and Aluminum,,https://www.federalregister.gov/documents/2022/03/22/2022-05992/agency-information-collection-activities-submission-to-the-office-of-management-and-budget-omb-for,https://www.govinfo.gov/content/pkg/FR-2022-03-22/pdf/2022-05992.pdf,False,not_candidate,,,not_coded,not_manually_coded,,not_coded,Federal_Register_BIS_agency_archive
2022,2022-03-25,2022-06334,Notice,Agency Information Collection Activities; Submission to the Office of Management and Budget (OMB) for Review and Approval; Comment Request; Simple Network Application Process and Multipurpose Application Form,"The Department of Commerce, in accordance with the Paperwork Reduction Act of 1995 (PRA), invites the general public and other Federal agencies to comment on proposed, and continuing information collections, which helps us assess the impact of our information collection requirements and minimize the public's reporting burden. The purpose of this notice is to allow for 60 days of public comment preceding submission of the collection to OMB.",https://www.federalregister.gov/documents/2022/03/25/2022-06334/agency-information-collection-activities-submission-to-the-office-of-management-and-budget-omb-for,https://www.govinfo.gov/content/pkg/FR-2022-03-25/pdf/2022-06334.pdf,False,not_candidate,,,not_coded,not_manually_coded,,not_coded,Federal_Register_BIS_agency_archive
2022,2022-03-28,2022-06272,Notice,Reporting for Calendar Year 2021 on Offsets Agreements Related to Sales of Defense Articles or Defense Services to Foreign Countries or Foreign Firms,"This notice is to remind the public that U.S. firms are required to report annually to the Department of Commerce (Commerce) information on contracts for the sale of defense articles or defense services to foreign countries or foreign firms that are subject to offsets agreements exceeding $5,000,000 in value. U.S. firms are also required to report annually to Commerce information on offsets transactions completed in performance of existing offsets commitments for which offsets credit of $250,000 or more has been claimed from the foreign representative. This year, such reports must include relevant information from calendar year 2021 and must be submitted to Commerce no later than June 15, 2022.",https://www.federalregister.gov/documents/2022/03/28/2022-06272/reporting-for-calendar-year-2021-on-offsets-agreements-related-to-sales-of-defense-articles-or,https://www.govinfo.gov/content/pkg/FR-2022-03-28/pdf/2022-06272.pdf,False,not_candidate,,,not_coded,not_manually_coded,,not_coded,Federal_Register_BIS_agency_archive
2022,2022-04-04,2022-07044,Notice,"In the Matter of: Sergio Eduardo Perez-Barragan, Altamira 411 Poniente, Tampico, Tamaulipas, 89137, Mexico; Order Denying Export Privileges",,https://www.federalregister.gov/documents/2022/04/04/2022-07044/in-the-matter-of-sergio-eduardo-perez-barragan-altamira-411-poniente-tampico-tamaulipas-89137-mexico,https://www.govinfo.gov/content/pkg/FR-2022-04-04/pdf/2022-07044.pdf,False,not_candidate,,,not_coded,not_manually_coded,,not_coded,Federal_Register_BIS_agency_archive
2022,2022-04-04,2022-07045,Notice,"In the Matter of: Andrew Estrada, 1402 W Jeff Drive, Pharr, TX 78577-9659; Order Denying Export Privileges",,https://www.federalregister.gov/documents/2022/04/04/2022-07045/in-the-matter-of-andrew-estrada-1402-w-jeff-drive-pharr-tx-78577-9659-order-denying-export,https://www.govinfo.gov/content/pkg/FR-2022-04-04/pdf/2022-07045.pdf,False,not_candidate,,,not_coded,not_manually_coded,,not_coded,Federal_Register_BIS_agency_archive
2022,2022-04-04,2022-07046,Notice,"In the Matter of: Guadalupe Horacio Garza-Cavazos, Inmate Number: 87312-479, FCI Butner Low, Federal Correctional Institution, P.O. Box 999, Butner, NC 27509; Order Denying Export Privileges",,https://www.federalregister.gov/documents/2022/04/04/2022-07046/in-the-matter-of-guadalupe-horacio-garza-cavazos-inmate-number-87312-479-fci-butner-low-federal,https://www.govinfo.gov/content/pkg/FR-2022-04-04/pdf/2022-07046.pdf,False,not_candidate,,,not_coded,not_manually_coded,,not_coded,Federal_Register_BIS_agency_archive
2022,2022-04-04,2022-07047,Notice,"In the Matter of: Hicham Diab, Mar Maroun Street, Tedros Building, 6th Floor, Tripoli, Lebanon; Order Denying Export Privileges",,https://www.federalregister.gov/documents/2022/04/04/2022-07047/in-the-matter-of-hicham-diab-mar-maroun-street-tedros-building-6th-floor-tripoli-lebanon-order,https://www.govinfo.gov/content/pkg/FR-2022-04-04/pdf/2022-07047.pdf,False,not_candidate,,,not_coded,not_manually_coded,,not_coded,Federal_Register_BIS_agency_archive
2022,2022-04-04,2022-07048,Notice,"In the Matter of: Nafez El Mir, 10630 Place De L'Acadie, Apartment 12, Montreal, Quebec, Canada H4N1A2; Order Denying Export Privileges",,https://www.federalregister.gov/documents/2022/04/04/2022-07048/in-the-matter-of-nafez-el-mir-10630-place-de-lacadie-apartment-12-montreal-quebec-canada-h4n1a2,https://www.govinfo.gov/content/pkg/FR-2022-04-04/pdf/2022-07048.pdf,False,not_candidate,,,not_coded,not_manually_coded,,not_coded,Federal_Register_BIS_agency_archive
2022,2022-04-04,2022-07062,Notice,Agency Information Collection Activities; Submission to the Office of Management and Budget (OMB) for Review and Approval; Comment Request; National Security and Critical Technology Assessments of the U.S. Industrial Base,"The Department of Commerce, in accordance with the Paperwork Reduction Act of 1995 (PRA), invites the general public and other Federal agencies to comment on proposed, and continuing information collections, which helps us assess the impact of our information collection requirements and minimize the public's reporting burden. The purpose of this notice is to allow for 60 days of public comment preceding submission of the collection to OMB.",https://www.federalregister.gov/documents/2022/04/04/2022-07062/agency-information-collection-activities-submission-to-the-office-of-management-and-budget-omb-for,https://www.govinfo.gov/content/pkg/FR-2022-04-04/pdf/2022-07062.pdf,False,not_candidate,,,not_coded,not_manually_coded,,not_coded,Federal_Register_BIS_agency_archive
2022,2022-04-05,2022-07105,Notice,Agency Information Collection Activities; Submission to the Office of Management and Budget (OMB) for Review and Approval; Comment Request; Chemical Weapons Convention Declaration and Report Handbook and Forms & Chemical Weapons Convention Regulations (CWCR),,https://www.federalregister.gov/documents/2022/04/05/2022-07105/agency-information-collection-activities-submission-to-the-office-of-management-and-budget-omb-for,https://www.govinfo.gov/content/pkg/FR-2022-04-05/pdf/2022-07105.pdf,False,not_candidate,,,not_coded,not_manually_coded,,not_coded,Federal_Register_BIS_agency_archive
2022,2022-04-06,2022-07211,Notice,Request for Public Comments on Supply Chain Issues To Support the U.S.-EU Trade and Technology Council Secure Supply Chains Working Group,"The Bureau of Industry and Security (BIS) requests public comments regarding how to advance supply chain resilience and security in key sectors: Semiconductors; solar photovoltaics; \1\ critical minerals and materials including rare earth magnets,\2\ lithium-ion batteries,\3\ and material inputs to semiconductors; \4\ and pharmaceuticals \5\ to inform the work of the United States-European Union (EU) Trade and Technology Council (TTC) Secure Supply Chains Working Group. The Working Group is tasked with increasing transparency of supply and demand, mapping respective existing sectoral capabilities, exchanging information on policy measures and research and development priorities, and cooperating on strategies to promote supply chain resilience and diversification. ---------------------------------------------------------------------------",https://www.federalregister.gov/documents/2022/04/06/2022-07211/request-for-public-comments-on-supply-chain-issues-to-support-the-us-eu-trade-and-technology-council,https://www.govinfo.gov/content/pkg/FR-2022-04-06/pdf/2022-07211.pdf,True,direct_semiconductor_or_advanced_computing,semiconductor,,not_coded,not_manually_coded,,not_coded,Federal_Register_BIS_agency_archive
2022,2022-04-07,2022-07284,Rule,Additions of Entities to the Entity List,"In response to the Russian Federation's (Russia's) further invasion of Ukraine on February 24, 2022, the Department of Commerce is amending the Export Administration Regulations (EAR) by adding 120 entities under 120 entries to the Entity List. These 120 entities have been determined by the U.S. Government to be acting contrary to the national security interests or foreign policy of the United States and will be listed on the Entity List under the destinations of Belarus and Russia.",https://www.federalregister.gov/documents/2022/04/07/2022-07284/additions-of-entities-to-the-entity-list,https://www.govinfo.gov/content/pkg/FR-2022-04-07/pdf/2022-07284.pdf,True,entity_list_requires_manual_semiconductor_coding,entity list,,not_coded,not_manually_coded,,not_coded,Federal_Register_BIS_agency_archive
2022,2022-04-07,2022-07359,Notice,Technical Advisory Committees; Notice of Recruitment of Members,,https://www.federalregister.gov/documents/2022/04/07/2022-07359/technical-advisory-committees-notice-of-recruitment-of-members,https://www.govinfo.gov/content/pkg/FR-2022-04-07/pdf/2022-07359.pdf,False,not_candidate,,,not_coded,not_manually_coded,,not_coded,Federal_Register_BIS_agency_archive
2022,2022-04-08,2022-07474,Notice,Sensors and Instrumentation Technical Advisory Committee; Notice of Partially Closed Meeting,,https://www.federalregister.gov/documents/2022/04/08/2022-07474/sensors-and-instrumentation-technical-advisory-committee-notice-of-partially-closed-meeting,https://www.govinfo.gov/content/pkg/FR-2022-04-08/pdf/2022-07474.pdf,False,not_candidate,,,not_coded,not_manually_coded,,not_coded,Federal_Register_BIS_agency_archive
2022,2022-04-08,2022-07475,Notice,Information Systems Technical Advisory Committee; Notice of Partially Closed Meeting,,https://www.federalregister.gov/documents/2022/04/08/2022-07475/information-systems-technical-advisory-committee-notice-of-partially-closed-meeting,https://www.govinfo.gov/content/pkg/FR-2022-04-08/pdf/2022-07475.pdf,False,not_candidate,,,not_coded,not_manually_coded,,not_coded,Federal_Register_BIS_agency_archive
2022,2022-04-11,2022-07643,Rule,Addition of Certain Entities to the Entity List; Correction,"The Bureau of Industry and Security (BIS) publishes these amendments to correct three errors contained in the revisions to the Entity List that were published in a final rule on February 14, 2022. That final rule amended the Export Administration Regulations (EAR) by revising the Entity List entry for ""Huawei Cloud Brazil"" (under Brazil) and by adding a new entry for ""Huawei Technologies Co., Ltd."" (under China, People's Republic of). However, the references to the foreign direct product provisions in the EAR that apply to these two entities were incorrect. This rule amends the entries for the two entities to include the correct references to these EAR provisions and also corrects a typographical error in one of these entries.",https://www.federalregister.gov/documents/2022/04/11/2022-07643/addition-of-certain-entities-to-the-entity-list-correction,https://www.govinfo.gov/content/pkg/FR-2022-04-11/pdf/2022-07643.pdf,True,entity_list_requires_manual_semiconductor_coding,entity list,,not_coded,not_manually_coded,,not_coded,Federal_Register_BIS_agency_archive
2022,2022-04-12,2022-07768,Notice,"PJSC Aeroflot, 1 Arbat St., 119019, Moscow, Russia; Order Temporarily Denying Export Privileges",,https://www.federalregister.gov/documents/2022/04/12/2022-07768/pjsc-aeroflot-1-arbat-st-119019-moscow-russia-order-temporarily-denying-export-privileges,https://www.govinfo.gov/content/pkg/FR-2022-04-12/pdf/2022-07768.pdf,False,not_candidate,,,not_coded,not_manually_coded,,not_coded,Federal_Register_BIS_agency_archive
2022,2022-04-12,2022-07769,Notice,"Azur Air, Sharypovo Airport, 404/1 Kozhevnicheskiy Lane, Moscow, Russia; Order Temporarily Denying Export Privileges",,https://www.federalregister.gov/documents/2022/04/12/2022-07769/azur-air-sharypovo-airport-4041-kozhevnicheskiy-lane-moscow-russia-order-temporarily-denying-export,https://www.govinfo.gov/content/pkg/FR-2022-04-12/pdf/2022-07769.pdf,False,not_candidate,,,not_coded,not_manually_coded,,not_coded,Federal_Register_BIS_agency_archive
2022,2022-04-12,2022-07770,Notice,"UTair Aviation JSC, Khanty-Mansiysk Airport, Tyumen Region, Russia 628012; Order Temporarily Denying Export Privileges",,https://www.federalregister.gov/documents/2022/04/12/2022-07770/utair-aviation-jsc-khanty-mansiysk-airport-tyumen-region-russia-628012-order-temporarily-denying,https://www.govinfo.gov/content/pkg/FR-2022-04-12/pdf/2022-07770.pdf,False,not_candidate,,,not_coded,not_manually_coded,,not_coded,Federal_Register_BIS_agency_archive
2022,2022-04-12,2022-07801,Notice,Information Systems Technical Advisory Committee; Notice of Partially Closed Meeting-Revised,,https://www.federalregister.gov/documents/2022/04/12/2022-07801/information-systems-technical-advisory-committee-notice-of-partially-closed-meeting-revised,https://www.govinfo.gov/content/pkg/FR-2022-04-12/pdf/2022-07801.pdf,False,not_candidate,,,not_coded,not_manually_coded,,not_coded,Federal_Register_BIS_agency_archive
2022,2022-04-12,2022-07836,Rule,Additions to the List of Countries Excluded From Certain License Requirements Under the Export Administration Regulations (EAR),"In response to the Russian Federation's (Russia's) further invasion of Ukraine and to protect U.S. national security and foreign policy interests, the Department of Commerce established highly restrictive license requirements and policies for certain transactions involving Russia and Belarus under the Export Administration Regulations (EAR). To recognize partner countries implementing substantially similar export controls on Russia and Belarus, the Department of Commerce published a list of countries excluded from certain U.S. export controls related to foreign-produced items. In this rule, the Department of Commerce adds Iceland, Liechtenstein, Norway, and Switzerland to the list of excluded countries.",https://www.federalregister.gov/documents/2022/04/12/2022-07836/additions-to-the-list-of-countries-excluded-from-certain-license-requirements-under-the-export,https://www.govinfo.gov/content/pkg/FR-2022-04-12/pdf/2022-07836.pdf,False,not_candidate,,,not_coded,not_manually_coded,,not_coded,Federal_Register_BIS_agency_archive
2022,2022-04-14,2022-07937,Rule,Expansion of Sanctions Against Russia and Belarus Under the Export Administration Regulations (EAR),"In response to the Russian Federation's (Russia) ongoing aggression in Ukraine following its further invasion of the country, as substantially enabled by Belarus, this rule expands license requirements for Russia and Belarus under the Export Administration Regulations (EAR) to all items on the Commerce Control List (CCL). It also removes license exception eligibility for aircraft registered in, owned or controlled by, or under charter or lease by Belarus or a national of Belarus.",https://www.federalregister.gov/documents/2022/04/14/2022-07937/expansion-of-sanctions-against-russia-and-belarus-under-the-export-administration-regulations-ear,https://www.govinfo.gov/content/pkg/FR-2022-04-14/pdf/2022-07937.pdf,False,not_candidate,,,not_coded,not_manually_coded,,not_coded,Federal_Register_BIS_agency_archive
2022,2022-04-26,2022-08793,Notice,"In the Matter of: Arnoldo Vidaurri, 113 Coronado Ave., Laredo, TX 78043; Order Denying Export Privileges",,https://www.federalregister.gov/documents/2022/04/26/2022-08793/in-the-matter-of-arnoldo-vidaurri-113-coronado-ave-laredo-tx-78043-order-denying-export-privileges,https://www.govinfo.gov/content/pkg/FR-2022-04-26/pdf/2022-08793.pdf,False,not_candidate,,,not_coded,not_manually_coded,,not_coded,Federal_Register_BIS_agency_archive
2022,2022-04-26,2022-08885,Notice,"Aviastar-TU, 5 b. 7 Leningradsky Prospekt, g. Moskva, 125040, Moscow, Russia; Order Temporarily Denying Export Privileges",,https://www.federalregister.gov/documents/2022/04/26/2022-08885/aviastar-tu-5-b-7-leningradsky-prospekt-g-moskva-125040-moscow-russia-order-temporarily-denying,https://www.govinfo.gov/content/pkg/FR-2022-04-26/pdf/2022-08885.pdf,False,not_candidate,,,not_coded,not_manually_coded,,not_coded,Federal_Register_BIS_agency_archive
2022,2022-04-28,2022-09095,Notice,Transportation and Related Equipment Technical Advisory Committee; Notice of Partially Closed Meeting,,https://www.federalregister.gov/documents/2022/04/28/2022-09095/transportation-and-related-equipment-technical-advisory-committee-notice-of-partially-closed-meeting,https://www.govinfo.gov/content/pkg/FR-2022-04-28/pdf/2022-09095.pdf,False,not_candidate,,,not_coded,not_manually_coded,,not_coded,Federal_Register_BIS_agency_archive
2022,2022-04-28,2022-09097,Notice,Materials and Equipment Technical Advisory Committee; Notice of Partially Closed Meeting,,https://www.federalregister.gov/documents/2022/04/28/2022-09097/materials-and-equipment-technical-advisory-committee-notice-of-partially-closed-meeting,https://www.govinfo.gov/content/pkg/FR-2022-04-28/pdf/2022-09097.pdf,False,not_candidate,,,not_coded,not_manually_coded,,not_coded,Federal_Register_BIS_agency_archive
2022,2022-05-10,2022-10033,Notice,Request for Public Comments on Supply Chain Issues To Support the U.S.-EU Trade and Technology Council Secure Supply Chains Working Group,"On April 6, 2022, the Bureau of Industry and Security (BIS) published the notice Request for Public Comments on Supply Chain Issues To Support the U.S.-EU Trade and Technology Council Secure Supply Chains Working Group. Today's notice extends the deadline for written comments to June 23, 2022. This extension is being made to allow for commenters to take into account any developments or announcements that may occur as a result of the United States-EU TTC second leaders' meeting scheduled for May 15-16, 2022 in France.",https://www.federalregister.gov/documents/2022/05/10/2022-10033/request-for-public-comments-on-supply-chain-issues-to-support-the-us-eu-trade-and-technology-council,https://www.govinfo.gov/content/pkg/FR-2022-05-10/pdf/2022-10033.pdf,False,not_candidate,,,not_coded,not_manually_coded,,not_coded,Federal_Register_BIS_agency_archive
2022,2022-05-11,2022-10099,Rule,Expansion of Sanctions Against Russian Industry Sectors Under the Export Administration Regulations (EAR),"In response to the Russian Federation's (Russia's) ongoing aggression against Ukraine, the Department of Commerce is expanding the existing sanctions against Russian industry sectors by imposing a license requirement for exports, reexports, or transfers (in-country) to and within Russia for additional items subject to the Export Administration Regulations (EAR) identified under specific Schedule B numbers or Harmonized Tariff Schedule codes. The Bureau of Industry and Security (BIS) is taking these actions to further restrict Russia's ability to withstand the economic impact of the multilateral sanctions, further limit sources of revenue that could support Russia's military capabilities, and to better align with the European Union's controls.",https://www.federalregister.gov/documents/2022/05/11/2022-10099/expansion-of-sanctions-against-russian-industry-sectors-under-the-export-administration-regulations,https://www.govinfo.gov/content/pkg/FR-2022-05-11/pdf/2022-10099.pdf,False,not_candidate,,,not_coded,not_manually_coded,,not_coded,Federal_Register_BIS_agency_archive
2022,2022-05-18,2022-10674,Notice,Order Renewing Order Temporarily Denying Export Privileges,,https://www.federalregister.gov/documents/2022/05/18/2022-10674/order-renewing-order-temporarily-denying-export-privileges,https://www.govinfo.gov/content/pkg/FR-2022-05-18/pdf/2022-10674.pdf,False,not_candidate,,,not_coded,not_manually_coded,,not_coded,Federal_Register_BIS_agency_archive
2022,2022-05-23,2022-10907,Proposed Rule,Commerce Control List: Controls on Certain Marine Toxins,"The Bureau of Industry and Security (BIS), Department of Commerce, maintains controls on the export, reexport and transfer (in- country) of dual-use items and less sensitive military items through the Export Administration Regulations (EAR), including the Commerce Control List (CCL). This rule proposes new unilateral export controls on four naturally occurring, dual-use biological toxins (specifically, the marine toxins brevetoxin, gonyautoxin, nodularin and palytoxin), the synthesis and collection of which BIS has identified for evaluation according to the criteria in Section 1758 of the Export Control Reform Act of 2018 (ECRA) pertaining to emerging and foundational technologies. These toxins have the potential (through either accidental or deliberate release) to cause casualties in humans or animals, degrade equipment, or damage crops or the environment. As these toxins are now capable of being more easily isolated and purified due to novel synthesis methods and equipment, the absence of export controls on such toxins could be exploited for biological weapons purposes. To address this concern, BIS proposes to amend the CCL by adding these toxins to Export Control Classification Number (ECCN) 1C351. This rule also proposes several conforming changes to the EAR to reflect the proposed addition of these marine toxins to ECCN 1C351. In addition, this document requests public comments to ensure that the scope of these proposed controls will be effective and appropriate (with respect to their potential impact on legitimate commercial or scientific applications).",https://www.federalregister.gov/documents/2022/05/23/2022-10907/commerce-control-list-controls-on-certain-marine-toxins,https://www.govinfo.gov/content/pkg/FR-2022-05-23/pdf/2022-10907.pdf,False,not_candidate,,,not_coded,not_manually_coded,,not_coded,Federal_Register_BIS_agency_archive
2022,2022-05-25,2022-11214,Notice,"Rossiya Airlines, Pilotov St 18-4, St. Petersburg, Russia, 196210; Order Temporarily Denying Export Privileges",,https://www.federalregister.gov/documents/2022/05/25/2022-11214/rossiya-airlines-pilotov-st-18-4-st-petersburg-russia-196210-order-temporarily-denying-export,https://www.govinfo.gov/content/pkg/FR-2022-05-25/pdf/2022-11214.pdf,False,not_candidate,,,not_coded,not_manually_coded,,not_coded,Federal_Register_BIS_agency_archive
2022,2022-05-26,2022-11282,Rule,Information Security Controls: Cybersecurity Items,"BIS is finalizing changes to License Exception ACE and corresponding changes in the definition section of the Export Administration Regulations (EAR) in response to public comments to an October 21, 2021 interim rule. That rule established a new control on certain cybersecurity items for National Security (NS) and Anti- terrorism (AT) reasons, as well as adding a new License Exception Authorized Cybersecurity Exports (ACE) that authorizes exports of these items to most destinations except in certain circumstances. These items warrant controls because these tools could be used for surveillance, espionage, or other actions that disrupt, deny or degrade the network or devices on it. This rule also corrects Export Control Classification Number (ECCN) 5D001 in the Commerce Control List.",https://www.federalregister.gov/documents/2022/05/26/2022-11282/information-security-controls-cybersecurity-items,https://www.govinfo.gov/content/pkg/FR-2022-05-26/pdf/2022-11282.pdf,False,not_candidate,,,not_coded,not_manually_coded,,not_coded,Federal_Register_BIS_agency_archive
2022,2022-05-26,2022-11299,Notice,Regulations and Procedures Technical Advisory Committee; Notice of Partially Closed Meeting,,https://www.federalregister.gov/documents/2022/05/26/2022-11299/regulations-and-procedures-technical-advisory-committee-notice-of-partially-closed-meeting,https://www.govinfo.gov/content/pkg/FR-2022-05-26/pdf/2022-11299.pdf,False,not_candidate,,,not_coded,not_manually_coded,,not_coded,Federal_Register_BIS_agency_archive
2022,2022-05-27,2022-11465,Notice,Agency Information Collection Activities; Submission to the Office of Management and Budget (OMB) for Review and Approval; Comment Request; Offsets in Military Exports,,https://www.federalregister.gov/documents/2022/05/27/2022-11465/agency-information-collection-activities-submission-to-the-office-of-management-and-budget-omb-for,https://www.govinfo.gov/content/pkg/FR-2022-05-27/pdf/2022-11465.pdf,False,not_candidate,,,not_coded,not_manually_coded,,not_coded,Federal_Register_BIS_agency_archive
2022,2022-05-27,2022-11492,Notice,Emerging Technology Technical Advisory Committee; Notice of Partially Closed Meeting,,https://www.federalregister.gov/documents/2022/05/27/2022-11492/emerging-technology-technical-advisory-committee-notice-of-partially-closed-meeting,https://www.govinfo.gov/content/pkg/FR-2022-05-27/pdf/2022-11492.pdf,False,not_candidate,,,not_coded,not_manually_coded,,not_coded,Federal_Register_BIS_agency_archive
2022,2022-06-01,2022-11614,Rule,Control Policy: End-User and End-Use Based,,https://www.federalregister.gov/documents/2022/06/01/2022-11614/control-policy-end-user-and-end-use-based,https://www.govinfo.gov/content/pkg/FR-2022-06-01/pdf/2022-11614.pdf,False,not_candidate,,,not_coded,not_manually_coded,,not_coded,Federal_Register_BIS_agency_archive
2022,2022-06-01,2022-11761,Rule,Adoption of Congressional Notification Requirement for Certain Semiautomatic Firearms Exports Under the Export Administration Regulations (EAR),"In this final rule, the Bureau of Industry and Security (BIS) is amending the Export Administration Regulations (EAR) to add a new section to the EAR to adopt a congressional notification requirement for certain license applications of semiautomatic firearms meeting certain value and destination requirements. This rule does not change the interagency license process for these firearms or how license applicants currently structure or generally apply for BIS licenses.",https://www.federalregister.gov/documents/2022/06/01/2022-11761/adoption-of-congressional-notification-requirement-for-certain-semiautomatic-firearms-exports-under,https://www.govinfo.gov/content/pkg/FR-2022-06-01/pdf/2022-11761.pdf,False,not_candidate,,,not_coded,not_manually_coded,,not_coded,Federal_Register_BIS_agency_archive
2022,2022-06-03,2022-11955,Notice,Agency Information Collection Activities; Submission to the Office of Management and Budget (OMB) for Review and Approval; Comment Request; Simple Network Application Process and Multipurpose Application Form,,https://www.federalregister.gov/documents/2022/06/03/2022-11955/agency-information-collection-activities-submission-to-the-office-of-management-and-budget-omb-for,https://www.govinfo.gov/content/pkg/FR-2022-06-03/pdf/2022-11955.pdf,False,not_candidate,,,not_coded,not_manually_coded,,not_coded,Federal_Register_BIS_agency_archive
2022,2022-06-06,2022-11885,Rule,"Export Administration Regulations: Revisions to Russia and Belarus Sanctions and Related Provisions; Other Revisions, Corrections, and Clarifications","Between February and May 2022, the Bureau of Industry and Security (BIS) has published a series of amendments to the Export Administration Regulations (EAR) that have increasingly tightened export controls on the Russian Federation (Russia) and Belarus in response to Russia's further invasion of Ukraine, as substantially enabled by Belarus. This rule revises, corrects, and clarifies certain provisions of the EAR that pertain to these controls and related provisions. First, this rule makes certain revisions to the EAR's military end use and military end user controls as they apply to Russia and Belarus, as well as related modifications to the entries for entities on the Entity List that are Russian and Belarusian military end users. Second, it revises restrictions that apply to items destined for certain regions in Ukraine by clarifying the categories of license applications that BIS subjects to case-by-case review. Third, this rule clarifies and corrects provisions of the EAR that pertain to luxury goods destined for Russia and Belarus and items for use in Russia's oil refinery sector. Fourth, it makes a technical correction to an EAR provision describing items and activities subject to the EAR by adding a cross-reference to the Foreign Direct Product Rules of the EAR, which were updated shortly before the Russia and Belarus export controls were imposed. Finally, with regard to export control enforcement, including enforcement of the Russia and Belarus controls, this rule revises the EAR to allow export enforcement case charging letters to be made available to the public prior to the final administrative disposition of such cases.",https://www.federalregister.gov/documents/2022/06/06/2022-11885/export-administration-regulations-revisions-to-russia-and-belarus-sanctions-and-related-provisions,https://www.govinfo.gov/content/pkg/FR-2022-06-06/pdf/2022-11885.pdf,True,entity_list_requires_manual_semiconductor_coding,entity list,,not_coded,not_manually_coded,,not_coded,Federal_Register_BIS_agency_archive
2022,2022-06-06,2022-12144,Rule,Additions of Entities to the Entity List,"In response to the Russian Federation's (Russia's) further invasion of Ukraine on February 24, 2022, the Department of Commerce is amending the Export Administration Regulations (EAR) by adding 71 entities under 71 entries to the Entity List. These entities have been determined by the U.S. Government to be acting contrary to the national security interests or foreign policy of the United States and will be listed on the Entity List under the destinations of Belarus and Russia.",https://www.federalregister.gov/documents/2022/06/06/2022-12144/additions-of-entities-to-the-entity-list,https://www.govinfo.gov/content/pkg/FR-2022-06-06/pdf/2022-12144.pdf,True,entity_list_requires_manual_semiconductor_coding,entity list,,not_coded,not_manually_coded,,not_coded,Federal_Register_BIS_agency_archive
2022,2022-06-09,2022-12455,Notice,Agency Information Collection Activities; Submission to the Office of Management and Budget (OMB) for Review and Approval; Comment Request; BIS Program Evaluation,"The Department of Commerce, in accordance with the Paperwork Reduction Act of 1995 (PRA), invites the general public and other Federal agencies to comment on proposed, and continuing information collections, which helps us assess the impact of our information collection requirements and minimize the public's reporting burden. The purpose of this notice is to allow for 60 days of public comment preceding submission of the collection to OMB.",https://www.federalregister.gov/documents/2022/06/09/2022-12455/agency-information-collection-activities-submission-to-the-office-of-management-and-budget-omb-for,https://www.govinfo.gov/content/pkg/FR-2022-06-09/pdf/2022-12455.pdf,False,not_candidate,,,not_coded,not_manually_coded,,not_coded,Federal_Register_BIS_agency_archive
2022,2022-06-13,2022-12683,Notice,Agency Information Collection Activities; Submission to the Office of Management and Budget (OMB) for Review and Approval; Comment Request; International Import Certificate,"The Department of Commerce, in accordance with the Paperwork Reduction Act of 1995 (PRA), invites the general public and other Federal agencies to comment on proposed, and continuing information collections, which helps us assess the impact of our information collection requirements and minimize the public's reporting burden. The purpose of this notice is to allow for 60 days of public comment preceding submission of the collection to OMB.",https://www.federalregister.gov/documents/2022/06/13/2022-12683/agency-information-collection-activities-submission-to-the-office-of-management-and-budget-omb-for,https://www.govinfo.gov/content/pkg/FR-2022-06-13/pdf/2022-12683.pdf,False,not_candidate,,,not_coded,not_manually_coded,,not_coded,Federal_Register_BIS_agency_archive
2022,2022-06-14,2022-12820,Notice,Agency Information Collection Activities; Submission to the Office of Management and Budget (OMB) for Review and Approval; Comment Request; Special Priorities Assistance,"The Department of Commerce, in accordance with the Paperwork Reduction Act of 1995 (PRA), invites the general public and other Federal agencies to comment on proposed, and continuing information collections, which helps us assess the impact of our information collection requirements and minimize the public's reporting burden. The purpose of this notice is to allow for 60 days of public comment preceding submission of the collection to OMB.",https://www.federalregister.gov/documents/2022/06/14/2022-12820/agency-information-collection-activities-submission-to-the-office-of-management-and-budget-omb-for,https://www.govinfo.gov/content/pkg/FR-2022-06-14/pdf/2022-12820.pdf,False,not_candidate,,,not_coded,not_manually_coded,,not_coded,Federal_Register_BIS_agency_archive
2022,2022-06-15,2022-12826,Notice,"Quicksilver Manufacturing, Inc., 8209 Market St. #A173, Wilmington, NC 28411; Rapid Cut LLC, 8209 Market St. #A173, Wilmington, NC 28411; U.S. Prototype, Inc., 8209 Market St. #A173, Wilmington, NC 28411; Order Temporarily Denying Export Privileges",,https://www.federalregister.gov/documents/2022/06/15/2022-12826/quicksilver-manufacturing-inc-8209-market-st-a173-wilmington-nc-28411-rapid-cut-llc-8209-market-st,https://www.govinfo.gov/content/pkg/FR-2022-06-15/pdf/2022-12826.pdf,False,not_candidate,,,not_coded,not_manually_coded,,not_coded,Federal_Register_BIS_agency_archive
2022,2022-06-15,2022-12898,Notice,Agency Information Collection Activities; Submission to the Office of Management and Budget (OMB) for Review and Approval; Comment Request; License Exemptions and Exclusions,"The Department of Commerce, in accordance with the Paperwork Reduction Act of 1995 (PRA), invites the general public and other Federal agencies to comment on proposed, and continuing information collections, which helps us assess the impact of our information collection requirements and minimize the public's reporting burden. The purpose of this notice is to allow for 60 days of public comment preceding submission of the collection to OMB.",https://www.federalregister.gov/documents/2022/06/15/2022-12898/agency-information-collection-activities-submission-to-the-office-of-management-and-budget-omb-for,https://www.govinfo.gov/content/pkg/FR-2022-06-15/pdf/2022-12898.pdf,False,not_candidate,,,not_coded,not_manually_coded,,not_coded,Federal_Register_BIS_agency_archive
2022,2022-06-22,2022-13293,Notice,"Belavia Belarusian Airlines, 14A Nemiga str., Minsk, Belarus, 220004; Order Temporarily Denying Export Privileges",,https://www.federalregister.gov/documents/2022/06/22/2022-13293/belavia-belarusian-airlines-14a-nemiga-str-minsk-belarus-220004-order-temporarily-denying-export,https://www.govinfo.gov/content/pkg/FR-2022-06-22/pdf/2022-13293.pdf,False,not_candidate,,,not_coded,not_manually_coded,,not_coded,Federal_Register_BIS_agency_archive
2022,2022-06-29,2022-13875,Notice,"Washington, DC 20230; Pobeda Airlines, 108811, Russian Federation, Moscow, p. Moskovskiy, Kievskoe shosse, 22nd km, 4/1. Moscow, Russia; Order Temporarily Denying Export Privileges",,https://www.federalregister.gov/documents/2022/06/29/2022-13875/washington-dc-20230-pobeda-airlines-108811-russian-federation-moscow-p-moskovskiy-kievskoe-shosse,https://www.govinfo.gov/content/pkg/FR-2022-06-29/pdf/2022-13875.pdf,False,not_candidate,,,not_coded,not_manually_coded,,not_coded,Federal_Register_BIS_agency_archive
2022,2022-06-29,2022-13876,Notice,"Nordwind Airlines, Leningradskaya str., building 25, office 27. 28, Moscow region, Khimki city, 141402, Russia; Order Temporarily Denying Export Privileges",,https://www.federalregister.gov/documents/2022/06/29/2022-13876/nordwind-airlines-leningradskaya-str-building-25-office-27-28-moscow-region-khimki-city-141402,https://www.govinfo.gov/content/pkg/FR-2022-06-29/pdf/2022-13876.pdf,False,not_candidate,,,not_coded,not_manually_coded,,not_coded,Federal_Register_BIS_agency_archive
2022,2022-06-29,2022-13881,Notice,"Siberian Airlines d/b/a S7 Airlines 633104, Novosibirskaya obl., g. Ob, prospekt Mozzherina, d. 10 ofis 201; Order Temporarily Denying Export Privileges",,https://www.federalregister.gov/documents/2022/06/29/2022-13881/siberian-airlines-dba-s7-airlines-633104-novosibirskaya-obl-g-ob-prospekt-mozzherina-d-10-ofis-201,https://www.govinfo.gov/content/pkg/FR-2022-06-29/pdf/2022-13881.pdf,False,not_candidate,,,not_coded,not_manually_coded,,not_coded,Federal_Register_BIS_agency_archive
2022,2022-06-30,2022-14069,Rule,"Addition of Entities, Revision and Correction of Entries, and Removal of Entities From the Entity List","In this rule, the Bureau of Industry and Security (BIS) amends the Export Administration Regulations (EAR) by adding 36 entities under 41 entries to the Entity List. These 36 entities have been determined by the U.S. Government to be acting contrary to the national security or foreign policy interests of the United States. These entities will be listed on the Entity List under the destinations of the People's Republic of China (China), Lithuania, Pakistan, the Russian Federation (Russia), Singapore, the United Arab Emirates (UAE), the United Kingdom, Uzbekistan, and Vietnam. Some entities are added under multiple entries, accounting for the difference in the total number of entities and entries in this rule. This rule also revises eleven existing entries under the destinations of Belarus, China, Russia, and Slovakia and corrects one existing entry on the Entity List under the destination of Pakistan. Lastly, this rule removes two entities and one address for a non-listed entity, consisting of one removal of an entity and one removal of an address under the destination of China, and one removal under the destination of Pakistan. The removals from the Entity List are made in connection with requests for removal that BIS received pursuant to the EAR and a review of the information provided in those requests.",https://www.federalregister.gov/documents/2022/06/30/2022-14069/addition-of-entities-revision-and-correction-of-entries-and-removal-of-entities-from-the-entity-list,https://www.govinfo.gov/content/pkg/FR-2022-06-30/pdf/2022-14069.pdf,True,entity_list_requires_manual_semiconductor_coding,entity list,,not_coded,not_manually_coded,,not_coded,Federal_Register_BIS_agency_archive
2022,2022-07-07,2022-14402,Notice,Sensors and Instrumentation Technical Advisory Committee; Notice of Partially Closed Meeting,,https://www.federalregister.gov/documents/2022/07/07/2022-14402/sensors-and-instrumentation-technical-advisory-committee-notice-of-partially-closed-meeting,https://www.govinfo.gov/content/pkg/FR-2022-07-07/pdf/2022-14402.pdf,False,not_candidate,,,not_coded,not_manually_coded,,not_coded,Federal_Register_BIS_agency_archive
2022,2022-07-13,2022-14936,Notice,"In the Matter of: Hassan Ali Moshir-Fatemi, 290 Summit Road, Watsonville, CA 95076; Order Denying Export Privileges",,https://www.federalregister.gov/documents/2022/07/13/2022-14936/in-the-matter-of-hassan-ali-moshir-fatemi-290-summit-road-watsonville-ca-95076-order-denying-export,https://www.govinfo.gov/content/pkg/FR-2022-07-13/pdf/2022-14936.pdf,False,not_candidate,,,not_coded,not_manually_coded,,not_coded,Federal_Register_BIS_agency_archive
2022,2022-07-13,2022-14957,Notice,"Washington, D.C. 20230; In the Matter of: Usama Darwich Hamade, Beirut, Galerie Semaan, Behind Karout Mall, Kalaa Building 3rd Floor, Beirut, Lebanon; Order Denying Export Privileges",,https://www.federalregister.gov/documents/2022/07/13/2022-14957/washington-dc-20230-in-the-matter-of-usama-darwich-hamade-beirut-galerie-semaan-behind-karout-mall,https://www.govinfo.gov/content/pkg/FR-2022-07-13/pdf/2022-14957.pdf,False,not_candidate,,,not_coded,not_manually_coded,,not_coded,Federal_Register_BIS_agency_archive
2022,2022-07-13,2022-14958,Notice,"In the Matter of: Amilkar Murillo, Inmate Number: 45586-480, FCI Beaumont Low, Federal Correctional Institution, P.O. Box 26020, Beaumont, TX 77720; Order Denying Export Privileges",,https://www.federalregister.gov/documents/2022/07/13/2022-14958/in-the-matter-of-amilkar-murillo-inmate-number-45586-480-fci-beaumont-low-federal-correctional,https://www.govinfo.gov/content/pkg/FR-2022-07-13/pdf/2022-14958.pdf,False,not_candidate,,,not_coded,not_manually_coded,,not_coded,Federal_Register_BIS_agency_archive
2022,2022-07-13,2022-14960,Notice,"In the Matter of: Jason Wayne Jarvis, 6108 Shanda Drive, Apt. F, Raleigh, NC 27609-3394; Order Denying Export Privileges",,https://www.federalregister.gov/documents/2022/07/13/2022-14960/in-the-matter-of-jason-wayne-jarvis-6108-shanda-drive-apt-f-raleigh-nc-27609-3394-order-denying,https://www.govinfo.gov/content/pkg/FR-2022-07-13/pdf/2022-14960.pdf,False,not_candidate,,,not_coded,not_manually_coded,,not_coded,Federal_Register_BIS_agency_archive
2022,2022-07-18,2022-15238,Notice,Agency Information Collection Activities; Submission to the Office of Management and Budget (OMB) for Review and Approval; Comment Request; Delivery Verification Procedures for Imports,"The Department of Commerce, in accordance with the Paperwork Reduction Act of 1995 (PRA), invites the general public and other Federal agencies to comment on proposed, and continuing information collections, which helps us assess the impact of our information collection requirements and minimize the public's reporting burden. The purpose of this notice is to allow for 60 days of public comment preceding submission of the collection to OMB.",https://www.federalregister.gov/documents/2022/07/18/2022-15238/agency-information-collection-activities-submission-to-the-office-of-management-and-budget-omb-for,https://www.govinfo.gov/content/pkg/FR-2022-07-18/pdf/2022-15238.pdf,False,not_candidate,,,not_coded,not_manually_coded,,not_coded,Federal_Register_BIS_agency_archive
2022,2022-07-19,2022-15322,Notice,"In the Matter of: Joyce Marie Eliabachus, 17 Frederick St., Morristown, NJ 07960; Order Denying Export Privileges",,https://www.federalregister.gov/documents/2022/07/19/2022-15322/in-the-matter-of-joyce-marie-eliabachus-17-frederick-st-morristown-nj-07960-order-denying-export,https://www.govinfo.gov/content/pkg/FR-2022-07-19/pdf/2022-15322.pdf,False,not_candidate,,,not_coded,not_manually_coded,,not_coded,Federal_Register_BIS_agency_archive
2022,2022-07-22,2022-15653,Notice,"In the Matter of: Ismael Gomez, Jr., 1119 Galveston Street, Laredo, TX 78043;",,https://www.federalregister.gov/documents/2022/07/22/2022-15653/in-the-matter-of-ismael-gomez-jr-1119-galveston-street-laredo-tx-78043,https://www.govinfo.gov/content/pkg/FR-2022-07-22/pdf/2022-15653.pdf,False,not_candidate,,,not_coded,not_manually_coded,,not_coded,Federal_Register_BIS_agency_archive
2022,2022-07-22,2022-15654,Notice,"In the Matter of: Scott Douglas Browning, 1455 H Bullard Road, Hope Mills, NC 28348-9458;",,https://www.federalregister.gov/documents/2022/07/22/2022-15654/in-the-matter-of-scott-douglas-browning-1455-h-bullard-road-hope-mills-nc-28348-9458,https://www.govinfo.gov/content/pkg/FR-2022-07-22/pdf/2022-15654.pdf,False,not_candidate,,,not_coded,not_manually_coded,,not_coded,Federal_Register_BIS_agency_archive
2022,2022-07-26,2022-16015,Notice,Agency Information Collection Activities; Submission to the Office of Management and Budget (OMB) for Review and Approval; Comment Request; National Security and Critical Technology Assessments of the U.S. Industrial Base,,https://www.federalregister.gov/documents/2022/07/26/2022-16015/agency-information-collection-activities-submission-to-the-office-of-management-and-budget-omb-for,https://www.govinfo.gov/content/pkg/FR-2022-07-26/pdf/2022-16015.pdf,False,not_candidate,,,not_coded,not_manually_coded,,not_coded,Federal_Register_BIS_agency_archive
2022,2022-08-05,2022-16851,Notice,"Empresa de Transporte Aéreocargo del Sur, S.A., a/k/a Aerocargo del Sur Transportation Company a/k/a EMTRASUR, Avenida Intercomunal, Edificio Sede, Sector 6.3, Maiquetia, Distrito Federal, Venezuela; Avenida Lecuna Torre Oeste Piso 49, Libertador, Caracas, Venezuela; Order Temporarily Denying Export Privileges",,https://www.federalregister.gov/documents/2022/08/05/2022-16851/empresa-de-transporte-areocargo-del-sur-sa-aka-aerocargo-del-sur-transportation-company-aka-emtrasur,https://www.govinfo.gov/content/pkg/FR-2022-08-05/pdf/2022-16851.pdf,False,not_candidate,,,not_coded,not_manually_coded,,not_coded,Federal_Register_BIS_agency_archive
2022,2022-08-15,2022-17125,Rule,Implementation of Certain 2021 Wassenaar Arrangement Decisions on Four Section 1758 Technologies,"The Bureau of Industry and Security (BIS) maintains, as part of its Export Administration Regulations (EAR), the Commerce Control List (CCL), which identifies certain items subject to Department of Commerce (Commerce) jurisdiction. Commerce is revising the CCL, as well as corresponding parts of the EAR, to implement controls on four technologies. These changes reflect certain controls decided by governments participating in the Wassenaar Arrangement on Export Controls for Conventional Arms and Dual-Use Goods and Technologies (WA) at the December 2021 WA Plenary meeting. These four technologies meet the criteria of Section 1758 of the Export Control Reform Act (ECRA) pertaining to emerging and foundational technologies. Accordingly, BIS is accelerating their publication in this interim final rule and will publish the remaining WA-agreed controls in a later rule. These technologies are two substrates of ultra-wide bandgap semiconductors (Gallium Oxide (Ga<INF>2</INF>O<INF>3</INF>) and diamond), Electronic Computer Aided Design (ECAD) software specially designed for the development of integrated circuits with any Gate-All-Around Field-Effect Transistor (GAAFET) structure, and pressure gain combustion (PGC) technology for the production and development of gas turbine engine components or systems.",https://www.federalregister.gov/documents/2022/08/15/2022-17125/implementation-of-certain-2021-wassenaar-arrangement-decisions-on-four-section-1758-technologies,https://www.govinfo.gov/content/pkg/FR-2022-08-15/pdf/2022-17125.pdf,True,direct_semiconductor_or_advanced_computing,semiconductor; integrated circuit,,not_coded,not_manually_coded,,not_coded,Federal_Register_BIS_agency_archive
2022,2022-08-17,2022-17626,Notice,Agency Information Collection Activities; Submission to the Office of Management and Budget (OMB) for Review and Approval; Comment Request; BIS Program Evaluation,,https://www.federalregister.gov/documents/2022/08/17/2022-17626/agency-information-collection-activities-submission-to-the-office-of-management-and-budget-omb-for,https://www.govinfo.gov/content/pkg/FR-2022-08-17/pdf/2022-17626.pdf,False,not_candidate,,,not_coded,not_manually_coded,,not_coded,Federal_Register_BIS_agency_archive
2022,2022-08-24,2022-18204,Notice,Materials and Equipment Technical Advisory Committee; Notice of Partially Closed Meeting,,https://www.federalregister.gov/documents/2022/08/24/2022-18204/materials-and-equipment-technical-advisory-committee-notice-of-partially-closed-meeting,https://www.govinfo.gov/content/pkg/FR-2022-08-24/pdf/2022-18204.pdf,False,not_candidate,,,not_coded,not_manually_coded,,not_coded,Federal_Register_BIS_agency_archive
2022,2022-08-24,2022-18268,Rule,Additions of Entities to the Entity List,The Department of Commerce is amending the Export Administration Regulations (EAR) by adding seven entities under seven entries to the Entity List. These entities have been determined by the U.S. Government to be acting contrary to the national security or foreign policy interests of the United States and will be listed on the Entity List under the destination of the People's Republic of China (China). This final rule also corrects typographical errors in two existing entries on the Entity List.,https://www.federalregister.gov/documents/2022/08/24/2022-18268/additions-of-entities-to-the-entity-list,https://www.govinfo.gov/content/pkg/FR-2022-08-24/pdf/2022-18268.pdf,True,entity_list_requires_manual_semiconductor_coding,entity list,,not_coded,not_manually_coded,,not_coded,Federal_Register_BIS_agency_archive
2022,2022-08-26,2022-18445,Notice,Regulations and Procedures Technical Advisory Committee; Notice of Partially Closed Meeting,,https://www.federalregister.gov/documents/2022/08/26/2022-18445/regulations-and-procedures-technical-advisory-committee-notice-of-partially-closed-meeting,https://www.govinfo.gov/content/pkg/FR-2022-08-26/pdf/2022-18445.pdf,False,not_candidate,,,not_coded,not_manually_coded,,not_coded,Federal_Register_BIS_agency_archive
2022,2022-08-29,2022-18548,Notice,"Order Denying Export Privileges; In the Matter of: Aaron Abraham Villa, 3415 Rivera Avenue, El Paso, TX 79905",,https://www.federalregister.gov/documents/2022/08/29/2022-18548/order-denying-export-privileges-in-the-matter-of-aaron-abraham-villa-3415-rivera-avenue-el-paso-tx,https://www.govinfo.gov/content/pkg/FR-2022-08-29/pdf/2022-18548.pdf,False,not_candidate,,,not_coded,not_manually_coded,,not_coded,Federal_Register_BIS_agency_archive
2022,2022-08-29,2022-18549,Notice,"Order Denying Export Privileges; In the Matter of: Irina Morgovsky, Currently Incarcerated at: Inmate Number: 24239-111, FCI Dublin Federal Correctional Institution, 5701 8th St-Camp Parks, Dublin, CA 94568 and With an Address at: 1423 Avondale Road, Hillsborough, CA 94010",,https://www.federalregister.gov/documents/2022/08/29/2022-18549/order-denying-export-privileges-in-the-matter-of-irina-morgovsky-currently-incarcerated-at-inmate,https://www.govinfo.gov/content/pkg/FR-2022-08-29/pdf/2022-18549.pdf,False,not_candidate,,,not_coded,not_manually_coded,,not_coded,Federal_Register_BIS_agency_archive
2022,2022-08-29,2022-18550,Notice,"In the Matter of: Mr. Julio Cesar Vega-Amaral C Copill 11 Barr Del Composanto Tixtla, de Guerrero Guerrero, Mexico 39170; Order Denying Export Privileges",,https://www.federalregister.gov/documents/2022/08/29/2022-18550/in-the-matter-of-mr-julio-cesar-vega-amaral-c-copill-11-barr-del-composanto-tixtla-de-guerrero,https://www.govinfo.gov/content/pkg/FR-2022-08-29/pdf/2022-18550.pdf,False,not_candidate,,,not_coded,not_manually_coded,,not_coded,Federal_Register_BIS_agency_archive
2022,2022-08-29,2022-18551,Notice,"Order Denying Export Privileges; In the Matter of: Naum Morgovsky, Currently Incarcerated at: Inmate Number: 92623-111, FMC Fort Worth Federal Medical Center, P.O. Box 15330, Fort Worth, TX 76119, and With an Address at: 1423 Avondale Road, Hillsborough, CA 94010",,https://www.federalregister.gov/documents/2022/08/29/2022-18551/order-denying-export-privileges-in-the-matter-of-naum-morgovsky-currently-incarcerated-at-inmate,https://www.govinfo.gov/content/pkg/FR-2022-08-29/pdf/2022-18551.pdf,False,not_candidate,,,not_coded,not_manually_coded,,not_coded,Federal_Register_BIS_agency_archive
2022,2022-08-29,2022-18552,Notice,"Order Denying Export Privileges; In the Matter of: Ronald Adjei Danso, 961 West Prosperity Avenue, Salt Lake City, UT 84116",,https://www.federalregister.gov/documents/2022/08/29/2022-18552/order-denying-export-privileges-in-the-matter-of-ronald-adjei-danso-961-west-prosperity-avenue-salt,https://www.govinfo.gov/content/pkg/FR-2022-08-29/pdf/2022-18552.pdf,False,not_candidate,,,not_coded,not_manually_coded,,not_coded,Federal_Register_BIS_agency_archive
2022,2022-09-01,2022-18874,Notice,"Hans De Geetere, Paul Parmentierlaan 121, 8300 Knokke Heist, Belgium and Nyckeesstraat 4, 8300 Knokke Heist, Belgium; Knokke-Heist Support Corporation Management a/k/a Hasa-Invest, Paul Parmentierlaan 121, 8300 Knokke Heist, Belgium and Nyckeesstraat 4, 8300 Knokke Heist, Belgium; Order Temporarily Denying Export Privileges",,https://www.federalregister.gov/documents/2022/09/01/2022-18874/hans-de-geetere-paul-parmentierlaan-121-8300-knokke-heist-belgium-and-nyckeesstraat-4-8300-knokke,https://www.govinfo.gov/content/pkg/FR-2022-09-01/pdf/2022-18874.pdf,False,not_candidate,,,not_coded,not_manually_coded,,not_coded,Federal_Register_BIS_agency_archive
2022,2022-09-01,2022-18891,Notice,"Nicolas Armando Quintana-Saenz, 4806 Calle Lilas, Colonia Granjas Cerro Grande, Chihuahua, 31000, Mexico; Order Denying Export Privileges",,https://www.federalregister.gov/documents/2022/09/01/2022-18891/nicolas-armando-quintana-saenz-4806-calle-lilas-colonia-granjas-cerro-grande-chihuahua-31000-mexico,https://www.govinfo.gov/content/pkg/FR-2022-09-01/pdf/2022-18891.pdf,False,not_candidate,,,not_coded,not_manually_coded,,not_coded,Federal_Register_BIS_agency_archive
2022,2022-09-01,2022-18892,Notice,"Michael Justin Huynh, 8529 Ardennes Way, Elk Grove, CA 95758; Order Denying Export Privileges",,https://www.federalregister.gov/documents/2022/09/01/2022-18892/michael-justin-huynh-8529-ardennes-way-elk-grove-ca-95758-order-denying-export-privileges,https://www.govinfo.gov/content/pkg/FR-2022-09-01/pdf/2022-18892.pdf,False,not_candidate,,,not_coded,not_manually_coded,,not_coded,Federal_Register_BIS_agency_archive
2022,2022-09-01,2022-18896,Notice,Transportation and Related Equipment Technical Advisory Committee; Notice of Partially Closed Meeting,,https://www.federalregister.gov/documents/2022/09/01/2022-18896/transportation-and-related-equipment-technical-advisory-committee-notice-of-partially-closed-meeting,https://www.govinfo.gov/content/pkg/FR-2022-09-01/pdf/2022-18896.pdf,False,not_candidate,,,not_coded,not_manually_coded,,not_coded,Federal_Register_BIS_agency_archive
2022,2022-09-08,2022-19446,Notice,"Order Denying Export Privileges; In the Matter of: Javier Melesio Deleon, Inmate Number: 48161-480, FMC Fort Worth, Federal Medical Center, P.O. Box 15330, Fort Worth, TX 76119",,https://www.federalregister.gov/documents/2022/09/08/2022-19446/order-denying-export-privileges-in-the-matter-of-javier-melesio-deleon-inmate-number-48161-480-fmc,https://www.govinfo.gov/content/pkg/FR-2022-09-08/pdf/2022-19446.pdf,False,not_candidate,,,not_coded,not_manually_coded,,not_coded,Federal_Register_BIS_agency_archive
2022,2022-09-08,2022-19447,Notice,"Order Denying Export Privileges; In the Matter of: Wei Sun, 7146 W. Fall Haven Way, Tucson, AZ 85757",,https://www.federalregister.gov/documents/2022/09/08/2022-19447/order-denying-export-privileges-in-the-matter-of-wei-sun-7146-w-fall-haven-way-tucson-az-85757,https://www.govinfo.gov/content/pkg/FR-2022-09-08/pdf/2022-19447.pdf,False,not_candidate,,,not_coded,not_manually_coded,,not_coded,Federal_Register_BIS_agency_archive
2022,2022-09-09,2022-19415,Rule,Authorization of Certain “Items” to Entities on the Entity List in the Context of Specific Standards Activities,"In this interim final rule, the Bureau of Industry and Security (BIS) amends the Export Administration Regulations (EAR) to authorize the release of specified items subject to the EAR without a license when that release occurs in the context of a ""standards- related activity,"" as defined in this rule. BIS is revising the terms used in the EAR to describe the actions permissible under the authorization rather than defining the organizations to which it applies. The scope of the authorization is revised to include certain ""technology"" as well as ""software"" and applies to all entities listed on BIS's Entity List. The uncertainty of not knowing whether other entities listed on the Entity List are participants in standards organizations and whether a BIS license is required to release low- level technology for legitimate standards activities has caused U.S. companies to limit their participation in standards-related activities in areas that are critical to U.S. national security. This authorization only overcomes licensing requirements imposed as a result of an entity's inclusion on the Entity List; other EAR licensing requirements, including additional end-use or end-user based licensing requirements may continue to apply. This final rule does not change the assessment of whether ""technology"" or ""software"" is subject to the EAR. BIS is making these revisions to ensure that export controls and associated compliance concerns as they relate to the Entity List do not impede the leadership and participation of U.S. companies in national and international standards-related activities",https://www.federalregister.gov/documents/2022/09/09/2022-19415/authorization-of-certain-items-to-entities-on-the-entity-list-in-the-context-of-specific-standards,https://www.govinfo.gov/content/pkg/FR-2022-09-09/pdf/2022-19415.pdf,True,entity_list_requires_manual_semiconductor_coding,entity list,,not_coded,not_manually_coded,,not_coded,Federal_Register_BIS_agency_archive
2022,2022-09-13,2022-19430,Proposed Rule,Request for Comments Concerning the Imposition of Section 1758 Technology Export Controls on Instruments for the Automated Chemical Synthesis of Peptides,"The Bureau of Industry and Security (BIS), Department of Commerce, maintains controls on the export, reexport and transfer (in- country) of dual-use items and less sensitive military items pursuant to the Export Administration Regulations (EAR), including the Commerce Control List (CCL). Certain instruments for the automated synthesis of peptides (automated peptide synthesizers) have been identified by BIS for evaluation according to the criteria in section 1758 of the Export Control Reform Act of 2018 (ECRA) pertaining to emerging and foundational technologies. BIS is seeking public comments on the potential uses of this technology, particularly with respect to its impact on U.S. national security (e.g., whether such technology could provide the United States, or any of its adversaries, with a qualitative military or intelligence advantage). This advance notice of proposed rulemaking also requests public comments on how to ensure that the scope of any controls that may be imposed on this technology would be effective (in terms of protecting U.S. national security interests) and appropriate (with respect to minimizing their potential impact on legitimate commercial or scientific applications).",https://www.federalregister.gov/documents/2022/09/13/2022-19430/request-for-comments-concerning-the-imposition-of-section-1758-technology-export-controls-on,https://www.govinfo.gov/content/pkg/FR-2022-09-13/pdf/2022-19430.pdf,False,not_candidate,,,not_coded,not_manually_coded,,not_coded,Federal_Register_BIS_agency_archive
2022,2022-09-16,2022-19910,Rule,Implementation of Additional Sanctions Against Russia and Belarus Under the Export Administration Regulations (EAR) and Refinements to Existing Controls,"In response to the Russian Federation's (Russia's) ongoing aggression against Ukraine, the Department of Commerce is expanding the existing sanctions against Russia and Belarus by imposing new export controls, including expanding the scope of the Russian industry sector sanctions to add lower-level items potentially useful for Russia's chemical and biological weapons production capabilities and items needed for advanced production and development capabilities to enable advanced manufacturing across a number of industries. This rule also adds Belarus to the scope of industry sector sanctions that currently apply solely to Russia. With respect to end users, this rule expands the `military end user' and `military-intelligence end user' controls and applies the Russian/Belarusian-Military End User Foreign Direct Product (FDP) rule to ten existing entries for six existing entities that have continued to supply Russian entities on the Entity List or are under sanction since Russia's further invasion of Ukraine. Labeling these six entities as Russian `military end users' and applying the Russia/Belarus-Military End User FDP rule to them will degrade Russia's war efforts in Ukraine, as these entities produce items needed by the Russian and Belarussian military and industrial sectors. Correspondingly, this rule clarifies requirements related to Burma, Cambodia, the People's Republic of China, and Venezuela). Finally, this rule refines existing controls on Russia and Belarus by adding additional dollar value exclusion thresholds for `luxury goods;' and makes twelve corrections and clarifications to existing controls on Russia and Belarus. The Department of Commerce is taking these actions to clarify and enhance the effectiveness of U.S. controls and to better align its controls on both Russia and Belarus with those implemented by U.S. allies.",https://www.federalregister.gov/documents/2022/09/16/2022-19910/implementation-of-additional-sanctions-against-russia-and-belarus-under-the-export-administration,https://www.govinfo.gov/content/pkg/FR-2022-09-16/pdf/2022-19910.pdf,True,entity_list_requires_manual_semiconductor_coding,entity list,,not_coded,not_manually_coded,,not_coded,Federal_Register_BIS_agency_archive
2022,2022-09-23,2022-20687,Notice,Request for Public Comments on the Potential Market Impact of the Proposed Fiscal Year 2024 Annual Materials Plan From the National Defense Stockpile Market Impact Committee,"The National Defense Stockpile Market Impact Committee, co- chaired by the Departments of Commerce and State, is seeking public comments on the potential market impact of proposed changes of the Fiscal Year (FY) 2024 Annual Materials Plan (AMP). Potential changes to the AMP are decided by the National Defense Stockpile Market Impact Committee who advise the Defense Logistics Agency in its role as the National Defense Stockpile Manager on the projected domestic and foreign economic effects of all acquisitions, conversions, and disposals involving the National Defense Stockpile.",https://www.federalregister.gov/documents/2022/09/23/2022-20687/request-for-public-comments-on-the-potential-market-impact-of-the-proposed-fiscal-year-2024-annual,https://www.govinfo.gov/content/pkg/FR-2022-09-23/pdf/2022-20687.pdf,False,not_candidate,,,not_coded,not_manually_coded,,not_coded,Federal_Register_BIS_agency_archive
2022,2022-09-26,2022-20803,Notice,Agency Information Collection Activities; Submission to the Office of Management and Budget (OMB) for Review and Approval; Comment Request; Delivery Verification Procedures for Imports,,https://www.federalregister.gov/documents/2022/09/26/2022-20803/agency-information-collection-activities-submission-to-the-office-of-management-and-budget-omb-for,https://www.govinfo.gov/content/pkg/FR-2022-09-26/pdf/2022-20803.pdf,False,not_candidate,,,not_coded,not_manually_coded,,not_coded,Federal_Register_BIS_agency_archive
2022,2022-09-27,2022-20890,Notice,Agency Information Collection Activities; Submission to the Office of Management and Budget (OMB) for Review and Approval; Comment Request; International Import Certificate,,https://www.federalregister.gov/documents/2022/09/27/2022-20890/agency-information-collection-activities-submission-to-the-office-of-management-and-budget-omb-for,https://www.govinfo.gov/content/pkg/FR-2022-09-27/pdf/2022-20890.pdf,False,not_candidate,,,not_coded,not_manually_coded,,not_coded,Federal_Register_BIS_agency_archive
2022,2022-09-28,2022-20974,Notice,Agency Information Collection Activities; Submission to the Office of Management and Budget (OMB) for Review and Approval; Comment Request; Special Priorities Assistance,,https://www.federalregister.gov/documents/2022/09/28/2022-20974/agency-information-collection-activities-submission-to-the-office-of-management-and-budget-omb-for,https://www.govinfo.gov/content/pkg/FR-2022-09-28/pdf/2022-20974.pdf,False,not_candidate,,,not_coded,not_manually_coded,,not_coded,Federal_Register_BIS_agency_archive
2022,2022-09-30,2022-21223,Notice,"In the Matter of: Maurice Taylor, Inmate Number: 21182-043, FCI Oakdale 1, Federal Correctional Institution, P.O. Box 5000, Oakdale, LA 71463; Order Denying Export Privileges",,https://www.federalregister.gov/documents/2022/09/30/2022-21223/in-the-matter-of-maurice-taylor-inmate-number-21182-043-fci-oakdale-1-federal-correctional,https://www.govinfo.gov/content/pkg/FR-2022-09-30/pdf/2022-21223.pdf,False,not_candidate,,,not_coded,not_manually_coded,,not_coded,Federal_Register_BIS_agency_archive
2022,2022-09-30,2022-21224,Notice,"In the Matter of: Luis Carlos Quintana-Saenz, Makahui 6712 Colonia Karique, Chihuahua, MX 31000; Order Denying Export Privileges",,https://www.federalregister.gov/documents/2022/09/30/2022-21224/in-the-matter-of-luis-carlos-quintana-saenz-makahui-6712-colonia-karique-chihuahua-mx-31000-order,https://www.govinfo.gov/content/pkg/FR-2022-09-30/pdf/2022-21224.pdf,False,not_candidate,,,not_coded,not_manually_coded,,not_coded,Federal_Register_BIS_agency_archive
2022,2022-09-30,2022-21225,Notice,"In the Matter of: Jose Ernesto Garcia, 1502 Holbrook Road, #20, San Antonio, TX 78218; Order Denying Export Privileges",,https://www.federalregister.gov/documents/2022/09/30/2022-21225/in-the-matter-of-jose-ernesto-garcia-1502-holbrook-road-20-san-antonio-tx-78218-order-denying-export,https://www.govinfo.gov/content/pkg/FR-2022-09-30/pdf/2022-21225.pdf,False,not_candidate,,,not_coded,not_manually_coded,,not_coded,Federal_Register_BIS_agency_archive
2022,2022-10-04,2022-21520,Rule,Additions of Entities to the Entity List,"In response to the Russian Federation's (Russia's) further invasion of Ukraine on February 24, 2022, the illegal and unjustifiable basis of which has been furthered by its illegal purported annexation of regions of Ukraine, the Department of Commerce is amending the Export Administration Regulations (EAR) by adding 57 entities under 57 entries to the Entity List. These entities have been determined by the U.S. Government to be acting contrary to the national security or foreign policy interests of the United States. Of these 57 entities, 56 will be listed on the Entity List under the destination of Russia and one will be listed under the destination of the Crimea Region of Ukraine.",https://www.federalregister.gov/documents/2022/10/04/2022-21520/additions-of-entities-to-the-entity-list,https://www.govinfo.gov/content/pkg/FR-2022-10-04/pdf/2022-21520.pdf,True,entity_list_requires_manual_semiconductor_coding,entity list,,not_coded,not_manually_coded,,not_coded,Federal_Register_BIS_agency_archive
2022,2022-10-05,2022-21598,Notice,"Order Denying Export Privileges; In the Matter of: Mehdi Hashemi, a/k/a Eddie Hashemi, 10390 Wilshire Boulevard, Apartment 907, Los Angeles, CA 90024",,https://www.federalregister.gov/documents/2022/10/05/2022-21598/order-denying-export-privileges-in-the-matter-of-mehdi-hashemi-aka-eddie-hashemi-10390-wilshire,https://www.govinfo.gov/content/pkg/FR-2022-10-05/pdf/2022-21598.pdf,False,not_candidate,,,not_coded,not_manually_coded,,not_coded,Federal_Register_BIS_agency_archive
2022,2022-10-05,2022-21599,Notice,"Order Denying Export Privileges; In the Matter of: John James Peterson, 49 S Dixie Hwy., Deerfield Beach, FL 33441",,https://www.federalregister.gov/documents/2022/10/05/2022-21599/order-denying-export-privileges-in-the-matter-of-john-james-peterson-49-s-dixie-hwy-deerfield-beach,https://www.govinfo.gov/content/pkg/FR-2022-10-05/pdf/2022-21599.pdf,False,not_candidate,,,not_coded,not_manually_coded,,not_coded,Federal_Register_BIS_agency_archive
2022,2022-10-05,2022-21600,Notice,"Order Denying Export Privileges; In the Matter of: Tito Calderon Olvera, 5282 Murfreesboro Rd., La Vergne, TN 37086",,https://www.federalregister.gov/documents/2022/10/05/2022-21600/order-denying-export-privileges-in-the-matter-of-tito-calderon-olvera-5282-murfreesboro-rd-la-vergne,https://www.govinfo.gov/content/pkg/FR-2022-10-05/pdf/2022-21600.pdf,False,not_candidate,,,not_coded,not_manually_coded,,not_coded,Federal_Register_BIS_agency_archive
2022,2022-10-05,2022-21601,Notice,"Order Denying Export Privileges; In the Matter of: Bryan Villanueva-Valles, Inmate Number: 37368-480, FCI Herlong, Federal Correctional Institution, P.O. Box 800, Herlong, CA 96113",,https://www.federalregister.gov/documents/2022/10/05/2022-21601/order-denying-export-privileges-in-the-matter-of-bryan-villanueva-valles-inmate-number-37368-480-fci,https://www.govinfo.gov/content/pkg/FR-2022-10-05/pdf/2022-21601.pdf,False,not_candidate,,,not_coded,not_manually_coded,,not_coded,Federal_Register_BIS_agency_archive
2022,2022-10-05,2022-21602,Notice,"Order Denying Export Privileges; In the Matter of: Jose Luis Arevalo-Gonzalez, Inmte Number: 94655-479, MCFP Springfield, Federal Medical Center, P.O. Box 4000, Springfield, MO 65801",,https://www.federalregister.gov/documents/2022/10/05/2022-21602/order-denying-export-privileges-in-the-matter-of-jose-luis-arevalo-gonzalez-inmte-number-94655-479,https://www.govinfo.gov/content/pkg/FR-2022-10-05/pdf/2022-21602.pdf,False,not_candidate,,,not_coded,not_manually_coded,,not_coded,Federal_Register_BIS_agency_archive
2022,2022-10-07,2022-21713,Rule,Export Administration Regulations: Guidance on Penalty Determinations in the Settlement of Administrative Enforcement Cases Involving Antiboycott Matters,"In this final rule, the Bureau of Industry and Security (BIS) amends a supplement to the Export Administration Regulations (EAR) that sets forth guidance regarding BIS's penalty determinations in the settlement of administrative enforcement cases involving violations of the antiboycott provisions of the EAR. This amendment clarifies and realigns such guidance with current boycott-related activity and BIS's priorities and charging practices. BIS also updates the reference to the statutory authority for the EAR's antiboycott provisions.",https://www.federalregister.gov/documents/2022/10/07/2022-21713/export-administration-regulations-guidance-on-penalty-determinations-in-the-settlement-of,https://www.govinfo.gov/content/pkg/FR-2022-10-07/pdf/2022-21713.pdf,False,not_candidate,,,not_coded,not_manually_coded,,not_coded,Federal_Register_BIS_agency_archive
2022,2022-10-07,2022-21817,Notice,Order Renewing Temporary Denial of Export Privileges,,https://www.federalregister.gov/documents/2022/10/07/2022-21817/order-renewing-temporary-denial-of-export-privileges,https://www.govinfo.gov/content/pkg/FR-2022-10-07/pdf/2022-21817.pdf,False,not_candidate,,,not_coded,not_manually_coded,,not_coded,Federal_Register_BIS_agency_archive
2022,2022-10-07,2022-21818,Notice,Order Renewing Temporary Denial of Export Privileges,,https://www.federalregister.gov/documents/2022/10/07/2022-21818/order-renewing-temporary-denial-of-export-privileges,https://www.govinfo.gov/content/pkg/FR-2022-10-07/pdf/2022-21818.pdf,False,not_candidate,,,not_coded,not_manually_coded,,not_coded,Federal_Register_BIS_agency_archive
2022,2022-10-07,2022-21819,Notice,Order Renewing Temporary Denial of Export Privileges,,https://www.federalregister.gov/documents/2022/10/07/2022-21819/order-renewing-temporary-denial-of-export-privileges,https://www.govinfo.gov/content/pkg/FR-2022-10-07/pdf/2022-21819.pdf,False,not_candidate,,,not_coded,not_manually_coded,,not_coded,Federal_Register_BIS_agency_archive
2022,2022-10-12,2022-22108,Notice,Sensors and Instrumentation Technical Advisory Committee; Notice of Partially Closed Meeting,,https://www.federalregister.gov/documents/2022/10/12/2022-22108/sensors-and-instrumentation-technical-advisory-committee-notice-of-partially-closed-meeting,https://www.govinfo.gov/content/pkg/FR-2022-10-12/pdf/2022-22108.pdf,False,not_candidate,,,not_coded,not_manually_coded,,not_coded,Federal_Register_BIS_agency_archive
2022,2022-10-13,2022-21658,Rule,Implementation of Additional Export Controls: Certain Advanced Computing and Semiconductor Manufacturing Items; Supercomputer and Semiconductor End Use; Entity List Modification,"In this rule, the Bureau of Industry and Security (BIS) is amending the Export Administration Regulations (EAR) to implement necessary controls on advanced computing integrated circuits (ICs), computer commodities that contain such ICs, and certain semiconductor manufacturing items. In addition, BIS is expanding controls on transactions involving items for supercomputer and semiconductor manufacturing end uses, for example, this rule expands the scope of foreign-produced items subject to license requirements for twenty-eight existing entities on the Entity List that are located in China. BIS is also informing the public that specific activities of ""U.S. persons"" that `support' the ""development"" or ""production"" of certain ICs in the PRC require a license. Lastly, to minimize short term impact on the semiconductor supply chain from this rule, BIS is establishing a Temporary General License to permit specific, limited manufacturing activities in China related to items destined for use outside China and is identifying a model certificate that may be used in compliance programs to assist, along with other measures, in conducting due diligence. `",https://www.federalregister.gov/documents/2022/10/13/2022-21658/implementation-of-additional-export-controls-certain-advanced-computing-and-semiconductor,https://www.govinfo.gov/content/pkg/FR-2022-10-13/pdf/2022-21658.pdf,True,direct_semiconductor_or_advanced_computing,semiconductor; advanced computing; supercomputer; integrated circuit,,not_coded,not_manually_coded,,not_coded,Federal_Register_BIS_agency_archive
2022,2022-10-13,2022-21714,Rule,Revisions to the Unverified List; Clarifications to Activities and Criteria That May Lead to Additions to the Entity List,"The Bureau of Industry and Security (BIS) is amending the Export Administration Regulations (EAR) by adding 31 persons to the Unverified List (UVL). The 31 persons are added to the UVL on the basis that BIS was unable to verify their bona fides because an end-use check could not be completed satisfactorily for reasons outside the U.S. Government's control. All 31 persons are being added under the destination of the People's Republic of China (China). This rule also removes nine persons, all under the destination of China, from the UVL because BIS was able to verify their bona fides. With this final rule, BIS also clarifies the activities and criteria that may lead to the addition of an entity to the Entity List, including a sustained lack of cooperation by the host government (e.g., the government of the country in which an end-use check is to be conducted) that effectively prevents BIS from determining compliance with the EAR.",https://www.federalregister.gov/documents/2022/10/13/2022-21714/revisions-to-the-unverified-list-clarifications-to-activities-and-criteria-that-may-lead-to,https://www.govinfo.gov/content/pkg/FR-2022-10-13/pdf/2022-21714.pdf,True,entity_list_requires_manual_semiconductor_coding,entity list,,not_coded,not_manually_coded,,not_coded,Federal_Register_BIS_agency_archive
2022,2022-10-13,2022-22037,Rule,Procedures for Access to the Public Briefing on Additional Export Controls on Certain Advanced Computing and Semiconductor Manufacturing Items,"On October 7, 2022, the Bureau of Industry and Security (BIS) placed on public display an interim final rule: ""Implementation of Additional Export Controls: Certain Advanced Computing and Semiconductor Manufacturing Items; Supercomputer and Semiconductor End Use; Entity List Modification."" On October 13, 2022, Under Secretary for Industry and Security Alan F. Estevez and Assistant Secretary for Export Administration Thea D. Rozman Kendler will conduct a public briefing on the rule and associated actions. This announcement provides details on the procedures for attending the public briefing.",https://www.federalregister.gov/documents/2022/10/13/2022-22037/procedures-for-access-to-the-public-briefing-on-additional-export-controls-on-certain-advanced,https://www.govinfo.gov/content/pkg/FR-2022-10-13/pdf/2022-22037.pdf,True,direct_semiconductor_or_advanced_computing,semiconductor; advanced computing; supercomputer,,not_coded,not_manually_coded,,not_coded,Federal_Register_BIS_agency_archive
2022,2022-10-18,2022-22540,Notice,Information Systems Technical Advisory Committee; Notice of Partially Closed Meeting,,https://www.federalregister.gov/documents/2022/10/18/2022-22540/information-systems-technical-advisory-committee-notice-of-partially-closed-meeting,https://www.govinfo.gov/content/pkg/FR-2022-10-18/pdf/2022-22540.pdf,False,not_candidate,,,not_coded,not_manually_coded,,not_coded,Federal_Register_BIS_agency_archive
2022,2022-10-19,2022-22675,Notice,"Order Temporarily Denying Export Privileges; URAL Airlines JSC, Utrenniy Lane 1-g, Yekaterinburg, Russia 620025",,https://www.federalregister.gov/documents/2022/10/19/2022-22675/order-temporarily-denying-export-privileges-ural-airlines-jsc-utrenniy-lane-1-g-yekaterinburg-russia,https://www.govinfo.gov/content/pkg/FR-2022-10-19/pdf/2022-22675.pdf,False,not_candidate,,,not_coded,not_manually_coded,,not_coded,Federal_Register_BIS_agency_archive
2022,2022-10-20,2022-22815,Notice,"Aviastar-TU, 5 b. 7 Leningradsky prospekt g. Moskva, 125040, Moscow, Russia; Order Renewing Temporary Denial of Export Privileges",,https://www.federalregister.gov/documents/2022/10/20/2022-22815/aviastar-tu-5-b-7-leningradsky-prospekt-g-moskva-125040-moscow-russia-order-renewing-temporary,https://www.govinfo.gov/content/pkg/FR-2022-10-20/pdf/2022-22815.pdf,False,not_candidate,,,not_coded,not_manually_coded,,not_coded,Federal_Register_BIS_agency_archive
2022,2022-10-25,2022-23181,Notice,"Order Denying Export Privileges; In the Matter of: Claudia Delgadillo, 3325 Duranzo Avenue, El Paso, Texas 79905",,https://www.federalregister.gov/documents/2022/10/25/2022-23181/order-denying-export-privileges-in-the-matter-of-claudia-delgadillo-3325-duranzo-avenue-el-paso,https://www.govinfo.gov/content/pkg/FR-2022-10-25/pdf/2022-23181.pdf,False,not_candidate,,,not_coded,not_manually_coded,,not_coded,Federal_Register_BIS_agency_archive
2022,2022-10-26,2022-23315,Notice,Agency Information Collection Activities; Submission to the Office of Management and Budget (OMB) for Review and Approval; Comment Request; License Exemptions and Exclusions.,,https://www.federalregister.gov/documents/2022/10/26/2022-23315/agency-information-collection-activities-submission-to-the-office-of-management-and-budget-omb-for,https://www.govinfo.gov/content/pkg/FR-2022-10-26/pdf/2022-23315.pdf,False,not_candidate,,,not_coded,not_manually_coded,,not_coded,Federal_Register_BIS_agency_archive
2022,2022-11-01,2022-23695,Notice,Emerging Technology Technical Advisory Committee; Notice of Partially Closed Meeting,,https://www.federalregister.gov/documents/2022/11/01/2022-23695/emerging-technology-technical-advisory-committee-notice-of-partially-closed-meeting,https://www.govinfo.gov/content/pkg/FR-2022-11-01/pdf/2022-23695.pdf,False,not_candidate,,,not_coded,not_manually_coded,,not_coded,Federal_Register_BIS_agency_archive
2022,2022-11-01,2022-23701,Notice,Transportation and Related Equipment Technical Advisory Committee; Notice of Partially Closed Meeting,,https://www.federalregister.gov/documents/2022/11/01/2022-23701/transportation-and-related-equipment-technical-advisory-committee-notice-of-partially-closed-meeting,https://www.govinfo.gov/content/pkg/FR-2022-11-01/pdf/2022-23701.pdf,False,not_candidate,,,not_coded,not_manually_coded,,not_coded,Federal_Register_BIS_agency_archive
2022,2022-11-03,2022-23894,Notice,"In the Matter of: Jose Martin Gallegos-Luevanos, Inmate Number: 94641-479, FCI Pollock Federal Correctional Institution, P.O. Box 4050, Pollock, LA 71467; Order Denying Export Privileges",,https://www.federalregister.gov/documents/2022/11/03/2022-23894/in-the-matter-of-jose-martin-gallegos-luevanos-inmate-number-94641-479-fci-pollock-federal,https://www.govinfo.gov/content/pkg/FR-2022-11-03/pdf/2022-23894.pdf,False,not_candidate,,,not_coded,not_manually_coded,,not_coded,Federal_Register_BIS_agency_archive
2022,2022-11-03,2022-23932,Notice,Materials and Equipment Technical Advisory Committee; Notice of Partially Closed Meeting,,https://www.federalregister.gov/documents/2022/11/03/2022-23932/materials-and-equipment-technical-advisory-committee-notice-of-partially-closed-meeting,https://www.govinfo.gov/content/pkg/FR-2022-11-03/pdf/2022-23932.pdf,False,not_candidate,,,not_coded,not_manually_coded,,not_coded,Federal_Register_BIS_agency_archive
2022,2022-11-10,2022-24608,Notice,Agency Information Collection Activities; Submission to the Office of Management and Budget (OMB) for Review and Approval; Comment Request; Miscellaneous Licensing Responsibilities and Enforcement,"The Department of Commerce, in accordance with the Paperwork Reduction Act of 1995 (PRA), invites the general public and other Federal agencies to comment on proposed, and continuing information collections, which helps us assess the impact of our information collection requirements and minimize the public's reporting burden. The purpose of this notice is to allow for 60 days of public comment preceding submission of the collection to OMB.",https://www.federalregister.gov/documents/2022/11/10/2022-24608/agency-information-collection-activities-submission-to-the-office-of-management-and-budget-omb-for,https://www.govinfo.gov/content/pkg/FR-2022-11-10/pdf/2022-24608.pdf,False,not_candidate,,,not_coded,not_manually_coded,,not_coded,Federal_Register_BIS_agency_archive
2022,2022-11-14,2022-24682,Notice,Order Renewing Order Temporarily Denying Export Privileges,,https://www.federalregister.gov/documents/2022/11/14/2022-24682/order-renewing-order-temporarily-denying-export-privileges,https://www.govinfo.gov/content/pkg/FR-2022-11-14/pdf/2022-24682.pdf,False,not_candidate,,,not_coded,not_manually_coded,,not_coded,Federal_Register_BIS_agency_archive
2022,2022-11-18,2022-25208,Notice,Agency Information Collection Activities; Submission to the Office of Management and Budget (OMB) for Review and Approval; Comment Request; Voluntary Self-Disclosure of Violations of the EAR,"The Department of Commerce, in accordance with the Paperwork Reduction Act of 1995 (PRA), invites the general public and other Federal agencies to comment on proposed, and continuing information collections, which helps us assess the impact of our information collection requirements and minimize the public's reporting burden. The purpose of this notice is to allow for 60 days of public comment preceding submission of the collection to OMB.",https://www.federalregister.gov/documents/2022/11/18/2022-25208/agency-information-collection-activities-submission-to-the-office-of-management-and-budget-omb-for,https://www.govinfo.gov/content/pkg/FR-2022-11-18/pdf/2022-25208.pdf,False,not_candidate,,,not_coded,not_manually_coded,,not_coded,Federal_Register_BIS_agency_archive
2022,2022-11-21,2022-25265,Notice,"Rossiya Airlines, Pilotov St 18-4, St. Petersburg, Russia, 196210",,https://www.federalregister.gov/documents/2022/11/21/2022-25265/rossiya-airlines-pilotov-st-18-4-st-petersburg-russia-196210,https://www.govinfo.gov/content/pkg/FR-2022-11-21/pdf/2022-25265.pdf,False,not_candidate,,,not_coded,not_manually_coded,,not_coded,Federal_Register_BIS_agency_archive
2022,2022-11-22,2022-25432,Notice,Agency Information Collection Activities; Submission to the Office of Management and Budget (OMB) for Review and Approval; Comment Request; Foreign Availability Procedures,"The Department of Commerce, in accordance with the Paperwork Reduction Act of 1995 (PRA), invites the general public and other Federal agencies to comment on proposed, and continuing information collections, which helps us assess the impact of our information collection requirements and minimize the public's reporting burden. The purpose of this notice is to allow for 60 days of public comment preceding submission of the collection to OMB.",https://www.federalregister.gov/documents/2022/11/22/2022-25432/agency-information-collection-activities-submission-to-the-office-of-management-and-budget-omb-for,https://www.govinfo.gov/content/pkg/FR-2022-11-22/pdf/2022-25432.pdf,False,not_candidate,,,not_coded,not_manually_coded,,not_coded,Federal_Register_BIS_agency_archive
2022,2022-11-22,2022-25436,Notice,Agency Information Collection Activities; Submission to the Office of Management and Budget (OMB) for Review and Approval; Comment Request; Report of Requests for Restrictive Trade Practice or Boycott,"The Department of Commerce, in accordance with the Paperwork Reduction Act of 1995 (PRA), invites the general public and other Federal agencies to comment on proposed, and continuing information collections, which helps us assess the impact of our information collection requirements and minimize the public's reporting burden. The purpose of this notice is to allow for 60 days of public comment preceding submission of the collection to OMB.",https://www.federalregister.gov/documents/2022/11/22/2022-25436/agency-information-collection-activities-submission-to-the-office-of-management-and-budget-omb-for,https://www.govinfo.gov/content/pkg/FR-2022-11-22/pdf/2022-25436.pdf,False,not_candidate,,,not_coded,not_manually_coded,,not_coded,Federal_Register_BIS_agency_archive
2022,2022-11-25,2022-25700,Notice,Agency Information Collection Activities; Submission to the Office of Management and Budget (OMB) for Review and Approval; Comment Request; Entity List and Unverified List Requests,"The Department of Commerce, in accordance with the Paperwork Reduction Act of 1995 (PRA), invites the general public and other Federal agencies to comment on proposed, and continuing information collections, which helps us assess the impact of our information collection requirements and minimize the public's reporting burden. The purpose of this notice is to allow for 60 days of public comment preceding submission of the collection to OMB.",https://www.federalregister.gov/documents/2022/11/25/2022-25700/agency-information-collection-activities-submission-to-the-office-of-management-and-budget-omb-for,https://www.govinfo.gov/content/pkg/FR-2022-11-25/pdf/2022-25700.pdf,True,entity_list_requires_manual_semiconductor_coding,entity list,,not_coded,not_manually_coded,,not_coded,Federal_Register_BIS_agency_archive
2022,2022-12-01,2022-26113,Notice,Regulations and Procedures Technical Advisory Committee; Notice of Partially Closed Meeting,,https://www.federalregister.gov/documents/2022/12/01/2022-26113/regulations-and-procedures-technical-advisory-committee-notice-of-partially-closed-meeting,https://www.govinfo.gov/content/pkg/FR-2022-12-01/pdf/2022-26113.pdf,False,not_candidate,,,not_coded,not_manually_coded,,not_coded,Federal_Register_BIS_agency_archive
2022,2022-12-07,2022-26513,Notice,"Order Denying Export Privileges; In the Matter of: Jose Miguel Lazarin-Zurita, Inmate Number: 28052-509, FCI Forrest City Low, P.O. Box 9000, Forrest City, AR 72336",,https://www.federalregister.gov/documents/2022/12/07/2022-26513/order-denying-export-privileges-in-the-matter-of-jose-miguel-lazarin-zurita-inmate-number-28052-509,https://www.govinfo.gov/content/pkg/FR-2022-12-07/pdf/2022-26513.pdf,False,not_candidate,,,not_coded,not_manually_coded,,not_coded,Federal_Register_BIS_agency_archive
2022,2022-12-07,2022-26514,Notice,"Order Denying Export Privileges; In the Matter of: Jacqueline Castro-Aguilera, 206 King Street, Gruver, TX 79040",,https://www.federalregister.gov/documents/2022/12/07/2022-26514/order-denying-export-privileges-in-the-matter-of-jacqueline-castro-aguilera-206-king-street-gruver,https://www.govinfo.gov/content/pkg/FR-2022-12-07/pdf/2022-26514.pdf,False,not_candidate,,,not_coded,not_manually_coded,,not_coded,Federal_Register_BIS_agency_archive
2022,2022-12-07,2022-26515,Notice,"Order Denying Export Privileges; In the Matter of: Rene Sarmiento, Inmate Number: 16139-579, FCI Beaumont Low, Federal Correctional Institution, P.O. Box 26020, Beaumont, TX 77720",,https://www.federalregister.gov/documents/2022/12/07/2022-26515/order-denying-export-privileges-in-the-matter-of-rene-sarmiento-inmate-number-16139-579-fci-beaumont,https://www.govinfo.gov/content/pkg/FR-2022-12-07/pdf/2022-26515.pdf,False,not_candidate,,,not_coded,not_manually_coded,,not_coded,Federal_Register_BIS_agency_archive
2022,2022-12-07,2022-26516,Notice,"Order Denying Export Privileges; In the Matter of: Gene Shilman, Inmate Number: 72521-050, FCI Danbury, Federal Correctional Institution, Route 37, Danbury, CT 06811",,https://www.federalregister.gov/documents/2022/12/07/2022-26516/order-denying-export-privileges-in-the-matter-of-gene-shilman-inmate-number-72521-050-fci-danbury,https://www.govinfo.gov/content/pkg/FR-2022-12-07/pdf/2022-26516.pdf,False,not_candidate,,,not_coded,not_manually_coded,,not_coded,Federal_Register_BIS_agency_archive
2022,2022-12-07,2022-26517,Notice,"Order Denying Export Privileges; In the Matter of: Mark Komoroski, 620 Fairchild Street, Nanticoke, PA 18634",,https://www.federalregister.gov/documents/2022/12/07/2022-26517/order-denying-export-privileges-in-the-matter-of-mark-komoroski-620-fairchild-street-nanticoke-pa,https://www.govinfo.gov/content/pkg/FR-2022-12-07/pdf/2022-26517.pdf,False,not_candidate,,,not_coded,not_manually_coded,,not_coded,Federal_Register_BIS_agency_archive
2022,2022-12-07,2022-26518,Notice,"In the Matter of: Tian Min Wu, Room 10-7-401 Kangjiayuan, Gaobeidian North Road, Chaoyang District, Beijing, China 100025; Order Denying Export Privileges",,https://www.federalregister.gov/documents/2022/12/07/2022-26518/in-the-matter-of-tian-min-wu-room-10-7-401-kangjiayuan-gaobeidian-north-road-chaoyang-district,https://www.govinfo.gov/content/pkg/FR-2022-12-07/pdf/2022-26518.pdf,False,not_candidate,,,not_coded,not_manually_coded,,not_coded,Federal_Register_BIS_agency_archive
2022,2022-12-07,2022-26519,Notice,"In the Matter of: Mauricio Martell, 7214 N 37th Lane, McAllen, TX 78504; Order Denying Export Privileges",,https://www.federalregister.gov/documents/2022/12/07/2022-26519/in-the-matter-of-mauricio-martell-7214-n-37th-lane-mcallen-tx-78504-order-denying-export-privileges,https://www.govinfo.gov/content/pkg/FR-2022-12-07/pdf/2022-26519.pdf,False,not_candidate,,,not_coded,not_manually_coded,,not_coded,Federal_Register_BIS_agency_archive
2022,2022-12-07,2022-26662,Rule,Implementation of Additional Export Controls: Certain Advanced Computing and Semiconductor Manufacturing Items; Supercomputer and Semiconductor End Use; Entity List Modification,"On October 13, 2022, the Bureau of Industry and Security (BIS) published the interim final rule Implementation of Additional Export Controls: Certain Advanced Computing and Semiconductor Manufacturing Items; Supercomputer and Semiconductor End Use; Entity List Modification. This document extends the deadline for written comments to January 31, 2023. This extension is being made to allow for commenters to have additional time to review the interim final rule and to benefit from the significant amount of public outreach that BIS is conducting on the rule in preparing their comments.",https://www.federalregister.gov/documents/2022/12/07/2022-26662/implementation-of-additional-export-controls-certain-advanced-computing-and-semiconductor,https://www.govinfo.gov/content/pkg/FR-2022-12-07/pdf/2022-26662.pdf,True,direct_semiconductor_or_advanced_computing,semiconductor; advanced computing; supercomputer,,not_coded,not_manually_coded,,not_coded,Federal_Register_BIS_agency_archive
2022,2022-12-08,2022-26622,Rule,Additions of Entities to the Entity List; Removal of an Entity From the Entity List,"The Department of Commerce is amending the Export Administration Regulations (EAR) by adding twenty-four entities under twenty-six entries to the Entity List. These entities have been determined by the U.S. Government to be acting contrary to the national security or foreign policy interests of the United States and will be listed on the Entity List under the destinations of Latvia, Pakistan, Russia, Singapore, Switzerland, and the United Arab Emirates (U.A.E.). In addition, this final rule removes from the Entity List one entity listed in three entries under Oman, Saudi Arabia, and the U.A.E.",https://www.federalregister.gov/documents/2022/12/08/2022-26622/additions-of-entities-to-the-entity-list-removal-of-an-entity-from-the-entity-list,https://www.govinfo.gov/content/pkg/FR-2022-12-08/pdf/2022-26622.pdf,True,entity_list_requires_manual_semiconductor_coding,entity list,,not_coded,not_manually_coded,,not_coded,Federal_Register_BIS_agency_archive
2022,2022-12-09,2022-26737,Notice,"Order Renewing Temporary Denial of Export Privileges, Quicksilver Manufacturing, Inc., 8209 Market St. #A173, Wilmington, NC 28411; Rapid Cut LLC, 8209 Market St. #A173, Wilmington, NC 28411; US Prototype, Inc., 8209 Market St. #A173, Wilmington, NC 28411",,https://www.federalregister.gov/documents/2022/12/09/2022-26737/order-renewing-temporary-denial-of-export-privileges-quicksilver-manufacturing-inc-8209-market-st,https://www.govinfo.gov/content/pkg/FR-2022-12-09/pdf/2022-26737.pdf,False,not_candidate,,,not_coded,not_manually_coded,,not_coded,Federal_Register_BIS_agency_archive
2022,2022-12-16,2022-27149,Rule,Revisions to the Unverified List and the Entity List,"The Bureau of Industry and Security (BIS) is amending the Export Administration Regulations (EAR) by removing 9 persons from the Unverified List (UVL) and adding them to the Entity List, all under the destination of Russia. BIS has been unable to verify the bona fides of all 9 persons being removed from the UVL and added to the Entity List, due to the foreign government's prevention of timely end-use checks. BIS is also amending the EAR by removing 27 persons from the UVL, one under the destination of Pakistan and 26 under the destination of China, because BIS was able to verify their bona fides.",https://www.federalregister.gov/documents/2022/12/16/2022-27149/revisions-to-the-unverified-list-and-the-entity-list,https://www.govinfo.gov/content/pkg/FR-2022-12-16/pdf/2022-27149.pdf,True,entity_list_requires_manual_semiconductor_coding,entity list,,not_coded,not_manually_coded,,not_coded,Federal_Register_BIS_agency_archive
2022,2022-12-16,2022-27347,Notice,Order Temporarily Denying Export Privileges,,https://www.federalregister.gov/documents/2022/12/16/2022-27347/order-temporarily-denying-export-privileges,https://www.govinfo.gov/content/pkg/FR-2022-12-16/pdf/2022-27347.pdf,False,not_candidate,,,not_coded,not_manually_coded,,not_coded,Federal_Register_BIS_agency_archive
2022,2022-12-19,2022-27151,Rule,Additions and Revisions to the Entity List and Conforming Removal From the Unverified List,"The Department of Commerce is amending the Export Administration Regulations (EAR) by adding thirty-six entities to the Entity List. These entities have been determined by the U.S. Government to be acting contrary to the national security or foreign policy interests of the United States and will be listed on the Entity List under the destinations of the People's Republic of China (China) and Japan. This rule also revises three entries on the Entity List under the destination of China. Lastly, as a conforming change to the addition of one entity to the Entity List under the destination of China, this rule removes this entity from the Unverified List (UVL). The entity is being added to the Entity List for reasons not related to the prevention of an end-use check and is removed from the UVL for consistency with the existing policy of not listing an entity on more than one of these lists at the same time.",https://www.federalregister.gov/documents/2022/12/19/2022-27151/additions-and-revisions-to-the-entity-list-and-conforming-removal-from-the-unverified-list,https://www.govinfo.gov/content/pkg/FR-2022-12-19/pdf/2022-27151.pdf,True,entity_list_requires_manual_semiconductor_coding,entity list,,not_coded,not_manually_coded,,not_coded,Federal_Register_BIS_agency_archive
2022,2022-12-19,2022-27396,Notice,Order Renewing Temporary Denial of Export Privileges,,https://www.federalregister.gov/documents/2022/12/19/2022-27396/order-renewing-temporary-denial-of-export-privileges,https://www.govinfo.gov/content/pkg/FR-2022-12-19/pdf/2022-27396.pdf,False,not_candidate,,,not_coded,not_manually_coded,,not_coded,Federal_Register_BIS_agency_archive
2022,2022-12-23,2022-27944,Notice,"Order Denying Export Privileges; In the Matter of: Priscilla Bustos Martinez, 7731 Glasgow Drive, San Antonio, TX 78223",,https://www.federalregister.gov/documents/2022/12/23/2022-27944/order-denying-export-privileges-in-the-matter-of-priscilla-bustos-martinez-7731-glasgow-drive-san,https://www.govinfo.gov/content/pkg/FR-2022-12-23/pdf/2022-27944.pdf,False,not_candidate,,,not_coded,not_manually_coded,,not_coded,Federal_Register_BIS_agency_archive
2022,2022-12-23,2022-27945,Notice,"Order Denying Export Privileges; In the Matter of: Jesse Cortez-Arguelles, 150 W. Lincoln Street, Apt. A, Tucson, AZ 85714",,https://www.federalregister.gov/documents/2022/12/23/2022-27945/order-denying-export-privileges-in-the-matter-of-jesse-cortez-arguelles-150-w-lincoln-street-apt-a,https://www.govinfo.gov/content/pkg/FR-2022-12-23/pdf/2022-27945.pdf,False,not_candidate,,,not_coded,not_manually_coded,,not_coded,Federal_Register_BIS_agency_archive
2022,2022-12-23,2022-27952,Notice,"Impact of the Implementation of the Chemical Weapons Convention (CWC) on Legitimate Commercial Chemical, Biotechnology, and Pharmaceutical Activities Involving “Schedule 1” Chemicals (Including “Schedule 1” Chemicals Produced as Intermediates) During Calendar Year 2022","The Bureau of Industry and Security is seeking public comments on the impact that implementation of the Chemical Weapons Convention, through the Chemical Weapons Convention Implementation Act of 1998 and the Chemical Weapons Convention Regulations, has had on commercial activities involving ""Schedule 1"" chemicals during calendar year 2022. The purpose of this notice of inquiry is to collect information to assist BIS in its preparation of the annual certification to the Congress on whether the legitimate commercial activities and interests of chemical, biotechnology, and pharmaceutical firms are harmed by such implementation. This certification is required under Condition 9 of Senate Resolution 75 (April 24, 1997), in which the Senate gave its advice and consent to the ratification of the Chemical Weapons Convention.",https://www.federalregister.gov/documents/2022/12/23/2022-27952/impact-of-the-implementation-of-the-chemical-weapons-convention-cwc-on-legitimate-commercial,https://www.govinfo.gov/content/pkg/FR-2022-12-23/pdf/2022-27952.pdf,False,not_candidate,,,not_coded,not_manually_coded,,not_coded,Federal_Register_BIS_agency_archive
2022,2022-12-23,2022-27985,Notice,"Order Renewing Temporary Denial of Export Privileges; Siberian Airlines d/b/a S7 Airlines, 633104, Novosibirskaya obl., g. Ob, prospekt Mozzherina, d. 10 ofis 201",,https://www.federalregister.gov/documents/2022/12/23/2022-27985/order-renewing-temporary-denial-of-export-privileges-siberian-airlines-dba-s7-airlines-633104,https://www.govinfo.gov/content/pkg/FR-2022-12-23/pdf/2022-27985.pdf,False,not_candidate,,,not_coded,not_manually_coded,,not_coded,Federal_Register_BIS_agency_archive
2022,2022-12-23,2022-27989,Notice,"Order Renewing Temporary Denial of Export Privileges; Pobeda Airlines, 108811, Russian Federation, Moscow, p. Moskovskiy, Kievskoe shosse, 22nd km, 4/1. Moscow, Russia",,https://www.federalregister.gov/documents/2022/12/23/2022-27989/order-renewing-temporary-denial-of-export-privileges-pobeda-airlines-108811-russian-federation,https://www.govinfo.gov/content/pkg/FR-2022-12-23/pdf/2022-27989.pdf,False,not_candidate,,,not_coded,not_manually_coded,,not_coded,Federal_Register_BIS_agency_archive
2022,2022-12-23,2022-28033,Rule,Modification to the Entity List,The Bureau of Industry and Security is amending the Export Administration Regulations (EAR) by modifying one entity on the Entity List. This final rule modifies one entity on the Entity List under the destination of Russia.,https://www.federalregister.gov/documents/2022/12/23/2022-28033/modification-to-the-entity-list,https://www.govinfo.gov/content/pkg/FR-2022-12-23/pdf/2022-28033.pdf,True,entity_list_requires_manual_semiconductor_coding,entity list,,not_coded,not_manually_coded,,not_coded,Federal_Register_BIS_agency_archive
2022,2022-12-27,2022-28029,Notice,"Washington, DC 20230; Nordwind Airlines, Leningradskaya str., Building 25, office 27. 28, Moscow Region, Khimki city, 141402, Russia",,https://www.federalregister.gov/documents/2022/12/27/2022-28029/washington-dc-20230-nordwind-airlines-leningradskaya-str-building-25-office-27-28-moscow-region,https://www.govinfo.gov/content/pkg/FR-2022-12-27/pdf/2022-28029.pdf,False,not_candidate,,,not_coded,not_manually_coded,,not_coded,Federal_Register_BIS_agency_archive
