classification,reporter_code,reporter_iso3,reporter,partner_code,partner_iso3,partner,partner_is_group,flow,year,cmd_code,trade_value,is_reported_api_field,is_aggregate_api_field,source_flag,fetched_at_utc
H5,458,MYS,Malaysia,8,ALB,Albania,False,M,2017,8542,2291.487,False,True,UN_Comtrade_official_public_preview_reporter_query,2026-09-11T16:05:47+00:00
H5,458,MYS,Malaysia,36,AUS,Australia,False,M,2017,8542,2924384.731,False,True,UN_Comtrade_official_public_preview_reporter_query,2026-09-11T16:05:47+00:00
H5,458,MYS,Malaysia,40,AUT,Austria,False,M,2017,8542,137579481.248,False,True,UN_Comtrade_official_public_preview_reporter_query,2026-09-11T16:05:47+00:00
H5,458,MYS,Malaysia,50,BGD,Bangladesh,False,M,2017,8542,2572.975,False,True,UN_Comtrade_official_public_preview_reporter_query,2026-09-11T16:05:47+00:00
H5,458,MYS,Malaysia,52,BRB,Barbados,False,M,2017,8542,40836.053,False,True,UN_Comtrade_official_public_preview_reporter_query,2026-09-11T16:05:47+00:00
H5,458,MYS,Malaysia,56,BEL,Belgium,False,M,2017,8542,57650833.533,False,True,UN_Comtrade_official_public_preview_reporter_query,2026-09-11T16:05:47+00:00
H5,458,MYS,Malaysia,76,BRA,Brazil,False,M,2017,8542,3395780.235,False,True,UN_Comtrade_official_public_preview_reporter_query,2026-09-11T16:05:47+00:00
H5,458,MYS,Malaysia,96,BRN,Brunei Darussalam,False,M,2017,8542,4396.944,False,True,UN_Comtrade_official_public_preview_reporter_query,2026-09-11T16:05:47+00:00
H5,458,MYS,Malaysia,100,BGR,Bulgaria,False,M,2017,8542,5598728.731,False,True,UN_Comtrade_official_public_preview_reporter_query,2026-09-11T16:05:47+00:00
H5,458,MYS,Malaysia,104,MMR,Myanmar,False,M,2017,8542,1174.614,False,True,UN_Comtrade_official_public_preview_reporter_query,2026-09-11T16:05:47+00:00
H5,458,MYS,Malaysia,116,KHM,Cambodia,False,M,2017,8542,1925.715,False,True,UN_Comtrade_official_public_preview_reporter_query,2026-09-11T16:05:47+00:00
H5,458,MYS,Malaysia,120,CMR,Cameroon,False,M,2017,8542,156782.671,False,True,UN_Comtrade_official_public_preview_reporter_query,2026-09-11T16:05:47+00:00
H5,458,MYS,Malaysia,124,CAN,Canada,False,M,2017,8542,10408277.086,False,True,UN_Comtrade_official_public_preview_reporter_query,2026-09-11T16:05:47+00:00
H5,458,MYS,Malaysia,144,LKA,Sri Lanka,False,M,2017,8542,17217.815,False,True,UN_Comtrade_official_public_preview_reporter_query,2026-09-11T16:05:47+00:00
H5,458,MYS,Malaysia,156,CHN,China,False,M,2017,8542,3821775207.152,False,True,UN_Comtrade_official_public_preview_reporter_query,2026-09-11T16:05:47+00:00
H5,458,MYS,Malaysia,170,COL,Colombia,False,M,2017,8542,1928.975,False,True,UN_Comtrade_official_public_preview_reporter_query,2026-09-11T16:05:47+00:00
H5,458,MYS,Malaysia,188,CRI,Costa Rica,False,M,2017,8542,1150147.036,False,True,UN_Comtrade_official_public_preview_reporter_query,2026-09-11T16:05:47+00:00
H5,458,MYS,Malaysia,191,HRV,Croatia,False,M,2017,8542,16585.456,False,True,UN_Comtrade_official_public_preview_reporter_query,2026-09-11T16:05:47+00:00
H5,458,MYS,Malaysia,196,CYP,Cyprus,False,M,2017,8542,91203.824,False,True,UN_Comtrade_official_public_preview_reporter_query,2026-09-11T16:05:47+00:00
H5,458,MYS,Malaysia,203,CZE,Czechia,False,M,2017,8542,82034794.519,False,True,UN_Comtrade_official_public_preview_reporter_query,2026-09-11T16:05:47+00:00
H5,458,MYS,Malaysia,208,DNK,Denmark,False,M,2017,8542,483269.232,False,True,UN_Comtrade_official_public_preview_reporter_query,2026-09-11T16:05:47+00:00
H5,458,MYS,Malaysia,214,DOM,Dominican Rep.,False,M,2017,8542,2611.391,False,True,UN_Comtrade_official_public_preview_reporter_query,2026-09-11T16:05:47+00:00
H5,458,MYS,Malaysia,233,EST,Estonia,False,M,2017,8542,29879.897,False,True,UN_Comtrade_official_public_preview_reporter_query,2026-09-11T16:05:47+00:00
H5,458,MYS,Malaysia,242,FJI,Fiji,False,M,2017,8542,7347.798,False,True,UN_Comtrade_official_public_preview_reporter_query,2026-09-11T16:05:47+00:00
H5,458,MYS,Malaysia,246,FIN,Finland,False,M,2017,8542,2262972.083,False,True,UN_Comtrade_official_public_preview_reporter_query,2026-09-11T16:05:47+00:00
H5,458,MYS,Malaysia,251,FRA,France,False,M,2017,8542,142930298.221,False,True,UN_Comtrade_official_public_preview_reporter_query,2026-09-11T16:05:47+00:00
H5,458,MYS,Malaysia,276,DEU,Germany,False,M,2017,8542,802902190.507,False,True,UN_Comtrade_official_public_preview_reporter_query,2026-09-11T16:05:47+00:00
H5,458,MYS,Malaysia,300,GRC,Greece,False,M,2017,8542,31477.791,False,True,UN_Comtrade_official_public_preview_reporter_query,2026-09-11T16:05:47+00:00
H5,458,MYS,Malaysia,320,GTM,Guatemala,False,M,2017,8542,12086.766,False,True,UN_Comtrade_official_public_preview_reporter_query,2026-09-11T16:05:47+00:00
H5,458,MYS,Malaysia,328,GUY,Guyana,False,M,2017,8542,128140.95,False,True,UN_Comtrade_official_public_preview_reporter_query,2026-09-11T16:05:47+00:00
H5,458,MYS,Malaysia,340,HND,Honduras,False,M,2017,8542,9593.883,False,True,UN_Comtrade_official_public_preview_reporter_query,2026-09-11T16:05:47+00:00
H5,458,MYS,Malaysia,344,HKG,"China, Hong Kong SAR",False,M,2017,8542,606643473.64,False,True,UN_Comtrade_official_public_preview_reporter_query,2026-09-11T16:05:47+00:00
H5,458,MYS,Malaysia,348,HUN,Hungary,False,M,2017,8542,1919290.524,False,True,UN_Comtrade_official_public_preview_reporter_query,2026-09-11T16:05:47+00:00
H5,458,MYS,Malaysia,360,IDN,Indonesia,False,M,2017,8542,15474858.21,False,True,UN_Comtrade_official_public_preview_reporter_query,2026-09-11T16:05:47+00:00
H5,458,MYS,Malaysia,364,IRN,Iran,False,M,2017,8542,4923476.826,False,True,UN_Comtrade_official_public_preview_reporter_query,2026-09-11T16:05:47+00:00
H5,458,MYS,Malaysia,372,IRL,Ireland,False,M,2017,8542,595988900.618,False,True,UN_Comtrade_official_public_preview_reporter_query,2026-09-11T16:05:47+00:00
H5,458,MYS,Malaysia,380,ITA,Italy,False,M,2017,8542,131200023.075,False,True,UN_Comtrade_official_public_preview_reporter_query,2026-09-11T16:05:47+00:00
H5,458,MYS,Malaysia,392,JPN,Japan,False,M,2017,8542,1873395134.596,False,True,UN_Comtrade_official_public_preview_reporter_query,2026-09-11T16:05:47+00:00
H5,458,MYS,Malaysia,400,JOR,Jordan,False,M,2017,8542,2136.889,False,True,UN_Comtrade_official_public_preview_reporter_query,2026-09-11T16:05:47+00:00
H5,458,MYS,Malaysia,410,KOR,Rep. of Korea,False,M,2017,8542,1421092891.138,False,True,UN_Comtrade_official_public_preview_reporter_query,2026-09-11T16:05:47+00:00
H5,458,MYS,Malaysia,414,KWT,Kuwait,False,M,2017,8542,2108.717,False,True,UN_Comtrade_official_public_preview_reporter_query,2026-09-11T16:05:47+00:00
H5,458,MYS,Malaysia,440,LTU,Lithuania,False,M,2017,8542,1491.958,False,True,UN_Comtrade_official_public_preview_reporter_query,2026-09-11T16:05:47+00:00
H5,458,MYS,Malaysia,442,LUX,Luxembourg,False,M,2017,8542,2353.186,False,True,UN_Comtrade_official_public_preview_reporter_query,2026-09-11T16:05:47+00:00
H5,458,MYS,Malaysia,446,MAC,"China, Macao SAR",False,M,2017,8542,761138.418,False,True,UN_Comtrade_official_public_preview_reporter_query,2026-09-11T16:05:47+00:00
H5,458,MYS,Malaysia,458,MYS,Malaysia,False,M,2017,8542,6918.93,False,True,UN_Comtrade_official_public_preview_reporter_query,2026-09-11T16:05:47+00:00
H5,458,MYS,Malaysia,462,MDV,Maldives,False,M,2017,8542,7234.178,False,True,UN_Comtrade_official_public_preview_reporter_query,2026-09-11T16:05:47+00:00
H5,458,MYS,Malaysia,470,MLT,Malta,False,M,2017,8542,35712897.444,False,True,UN_Comtrade_official_public_preview_reporter_query,2026-09-11T16:05:47+00:00
H5,458,MYS,Malaysia,480,MUS,Mauritius,False,M,2017,8542,17652.736,False,True,UN_Comtrade_official_public_preview_reporter_query,2026-09-11T16:05:47+00:00
H5,458,MYS,Malaysia,484,MEX,Mexico,False,M,2017,8542,25017323.992,False,True,UN_Comtrade_official_public_preview_reporter_query,2026-09-11T16:05:47+00:00
H5,458,MYS,Malaysia,490,S19,"Other Asia, nes",False,M,2017,8542,7544738926.129,False,True,UN_Comtrade_official_public_preview_reporter_query,2026-09-11T16:05:47+00:00
H5,458,MYS,Malaysia,504,MAR,Morocco,False,M,2017,8542,3920153.504,False,True,UN_Comtrade_official_public_preview_reporter_query,2026-09-11T16:05:47+00:00
H5,458,MYS,Malaysia,528,NLD,Netherlands,False,M,2017,8542,64493436.275,False,True,UN_Comtrade_official_public_preview_reporter_query,2026-09-11T16:05:47+00:00
H5,458,MYS,Malaysia,531,CUW,Curaçao,False,M,2017,8542,9340.334,False,True,UN_Comtrade_official_public_preview_reporter_query,2026-09-11T16:05:47+00:00
H5,458,MYS,Malaysia,554,NZL,New Zealand,False,M,2017,8542,369258.108,False,True,UN_Comtrade_official_public_preview_reporter_query,2026-09-11T16:05:47+00:00
H5,458,MYS,Malaysia,579,NOR,Norway,False,M,2017,8542,17170837.514,False,True,UN_Comtrade_official_public_preview_reporter_query,2026-09-11T16:05:47+00:00
H5,458,MYS,Malaysia,586,PAK,Pakistan,False,M,2017,8542,2353.652,False,True,UN_Comtrade_official_public_preview_reporter_query,2026-09-11T16:05:47+00:00
H5,458,MYS,Malaysia,591,PAN,Panama,False,M,2017,8542,491.964,False,True,UN_Comtrade_official_public_preview_reporter_query,2026-09-11T16:05:47+00:00
H5,458,MYS,Malaysia,598,PNG,Papua New Guinea,False,M,2017,8542,7947.328,False,True,UN_Comtrade_official_public_preview_reporter_query,2026-09-11T16:05:47+00:00
H5,458,MYS,Malaysia,600,PRY,Paraguay,False,M,2017,8542,6389.714,False,True,UN_Comtrade_official_public_preview_reporter_query,2026-09-11T16:05:47+00:00
H5,458,MYS,Malaysia,608,PHL,Philippines,False,M,2017,8542,911297711.828,False,True,UN_Comtrade_official_public_preview_reporter_query,2026-09-11T16:05:47+00:00
H5,458,MYS,Malaysia,616,POL,Poland,False,M,2017,8542,327251.865,False,True,UN_Comtrade_official_public_preview_reporter_query,2026-09-11T16:05:47+00:00
H5,458,MYS,Malaysia,620,PRT,Portugal,False,M,2017,8542,13235460.827,False,True,UN_Comtrade_official_public_preview_reporter_query,2026-09-11T16:05:47+00:00
H5,458,MYS,Malaysia,634,QAT,Qatar,False,M,2017,8542,7284.003,False,True,UN_Comtrade_official_public_preview_reporter_query,2026-09-11T16:05:47+00:00
H5,458,MYS,Malaysia,642,ROU,Romania,False,M,2017,8542,285134.563,False,True,UN_Comtrade_official_public_preview_reporter_query,2026-09-11T16:05:47+00:00
H5,458,MYS,Malaysia,643,RUS,Russian Federation,False,M,2017,8542,4793862.544,False,True,UN_Comtrade_official_public_preview_reporter_query,2026-09-11T16:05:47+00:00
H5,458,MYS,Malaysia,654,SHN,Saint Helena,False,M,2017,8542,1906.157,False,True,UN_Comtrade_official_public_preview_reporter_query,2026-09-11T16:05:47+00:00
H5,458,MYS,Malaysia,682,SAU,Saudi Arabia,False,M,2017,8542,1877.752,False,True,UN_Comtrade_official_public_preview_reporter_query,2026-09-11T16:05:47+00:00
H5,458,MYS,Malaysia,699,IND,India,False,M,2017,8542,3819761.382,False,True,UN_Comtrade_official_public_preview_reporter_query,2026-09-11T16:05:47+00:00
H5,458,MYS,Malaysia,702,SGP,Singapore,False,M,2017,8542,5022471888.432,False,True,UN_Comtrade_official_public_preview_reporter_query,2026-09-11T16:05:47+00:00
H5,458,MYS,Malaysia,703,SVK,Slovakia,False,M,2017,8542,1900065.505,False,True,UN_Comtrade_official_public_preview_reporter_query,2026-09-11T16:05:47+00:00
H5,458,MYS,Malaysia,704,VNM,Viet Nam,False,M,2017,8542,1328060574.28,False,True,UN_Comtrade_official_public_preview_reporter_query,2026-09-11T16:05:47+00:00
H5,458,MYS,Malaysia,705,SVN,Slovenia,False,M,2017,8542,103642.625,False,True,UN_Comtrade_official_public_preview_reporter_query,2026-09-11T16:05:47+00:00
H5,458,MYS,Malaysia,710,ZAF,South Africa,False,M,2017,8542,124006.635,False,True,UN_Comtrade_official_public_preview_reporter_query,2026-09-11T16:05:47+00:00
H5,458,MYS,Malaysia,724,ESP,Spain,False,M,2017,8542,306870.392,False,True,UN_Comtrade_official_public_preview_reporter_query,2026-09-11T16:05:47+00:00
H5,458,MYS,Malaysia,752,SWE,Sweden,False,M,2017,8542,3820067.783,False,True,UN_Comtrade_official_public_preview_reporter_query,2026-09-11T16:05:47+00:00
H5,458,MYS,Malaysia,757,CHE,Switzerland,False,M,2017,8542,14436506.481,False,True,UN_Comtrade_official_public_preview_reporter_query,2026-09-11T16:05:47+00:00
H5,458,MYS,Malaysia,764,THA,Thailand,False,M,2017,8542,679034135.525,False,True,UN_Comtrade_official_public_preview_reporter_query,2026-09-11T16:05:47+00:00
H5,458,MYS,Malaysia,784,ARE,United Arab Emirates,False,M,2017,8542,132463.623,False,True,UN_Comtrade_official_public_preview_reporter_query,2026-09-11T16:05:47+00:00
H5,458,MYS,Malaysia,792,TUR,Türkiye,False,M,2017,8542,1560342.011,False,True,UN_Comtrade_official_public_preview_reporter_query,2026-09-11T16:05:47+00:00
H5,458,MYS,Malaysia,804,UKR,Ukraine,False,M,2017,8542,9583.173,False,True,UN_Comtrade_official_public_preview_reporter_query,2026-09-11T16:05:47+00:00
H5,458,MYS,Malaysia,826,GBR,United Kingdom,False,M,2017,8542,91552449.289,False,True,UN_Comtrade_official_public_preview_reporter_query,2026-09-11T16:05:47+00:00
H5,458,MYS,Malaysia,842,USA,USA,False,M,2017,8542,5342029932.938,False,True,UN_Comtrade_official_public_preview_reporter_query,2026-09-11T16:05:47+00:00
H5,458,MYS,Malaysia,899,_X ,"Areas, nes",False,M,2017,8542,202692097.386,False,True,UN_Comtrade_official_public_preview_reporter_query,2026-09-11T16:05:47+00:00
H5,458,MYS,Malaysia,32,ARG,Argentina,False,X,2017,8542,23962.623,False,True,UN_Comtrade_official_public_preview_reporter_query,2026-09-11T16:05:47+00:00
H5,458,MYS,Malaysia,36,AUS,Australia,False,X,2017,8542,86772207.219,False,True,UN_Comtrade_official_public_preview_reporter_query,2026-09-11T16:05:47+00:00
H5,458,MYS,Malaysia,40,AUT,Austria,False,X,2017,8542,7300294.154,False,True,UN_Comtrade_official_public_preview_reporter_query,2026-09-11T16:05:47+00:00
H5,458,MYS,Malaysia,50,BGD,Bangladesh,False,X,2017,8542,32728.595,False,True,UN_Comtrade_official_public_preview_reporter_query,2026-09-11T16:05:47+00:00
H5,458,MYS,Malaysia,56,BEL,Belgium,False,X,2017,8542,43488045.243,False,True,UN_Comtrade_official_public_preview_reporter_query,2026-09-11T16:05:47+00:00
H5,458,MYS,Malaysia,68,BOL,Bolivia (Plurinational State of),False,X,2017,8542,7560.366,False,True,UN_Comtrade_official_public_preview_reporter_query,2026-09-11T16:05:47+00:00
H5,458,MYS,Malaysia,76,BRA,Brazil,False,X,2017,8542,31593988.352,False,True,UN_Comtrade_official_public_preview_reporter_query,2026-09-11T16:05:47+00:00
H5,458,MYS,Malaysia,84,BLZ,Belize,False,X,2017,8542,78886.534,False,True,UN_Comtrade_official_public_preview_reporter_query,2026-09-11T16:05:47+00:00
H5,458,MYS,Malaysia,96,BRN,Brunei Darussalam,False,X,2017,8542,213926.34,False,True,UN_Comtrade_official_public_preview_reporter_query,2026-09-11T16:05:47+00:00
H5,458,MYS,Malaysia,100,BGR,Bulgaria,False,X,2017,8542,22288918.221,False,True,UN_Comtrade_official_public_preview_reporter_query,2026-09-11T16:05:47+00:00
H5,458,MYS,Malaysia,104,MMR,Myanmar,False,X,2017,8542,10693.732,False,True,UN_Comtrade_official_public_preview_reporter_query,2026-09-11T16:05:47+00:00
H5,458,MYS,Malaysia,116,KHM,Cambodia,False,X,2017,8542,20437.324,False,True,UN_Comtrade_official_public_preview_reporter_query,2026-09-11T16:05:47+00:00
H5,458,MYS,Malaysia,124,CAN,Canada,False,X,2017,8542,25299935.726,False,True,UN_Comtrade_official_public_preview_reporter_query,2026-09-11T16:05:47+00:00
H5,458,MYS,Malaysia,144,LKA,Sri Lanka,False,X,2017,8542,686546.214,False,True,UN_Comtrade_official_public_preview_reporter_query,2026-09-11T16:05:47+00:00
H5,458,MYS,Malaysia,156,CHN,China,False,X,2017,8542,7709470985.247,False,True,UN_Comtrade_official_public_preview_reporter_query,2026-09-11T16:05:47+00:00
H5,458,MYS,Malaysia,166,CCK,Cocos Isds,False,X,2017,8542,1807668.279,False,True,UN_Comtrade_official_public_preview_reporter_query,2026-09-11T16:05:47+00:00
H5,458,MYS,Malaysia,170,COL,Colombia,False,X,2017,8542,1184.182,False,True,UN_Comtrade_official_public_preview_reporter_query,2026-09-11T16:05:47+00:00
H5,458,MYS,Malaysia,188,CRI,Costa Rica,False,X,2017,8542,10136660.099,False,True,UN_Comtrade_official_public_preview_reporter_query,2026-09-11T16:05:47+00:00
H5,458,MYS,Malaysia,191,HRV,Croatia,False,X,2017,8542,71450.292,False,True,UN_Comtrade_official_public_preview_reporter_query,2026-09-11T16:05:47+00:00
H5,458,MYS,Malaysia,203,CZE,Czechia,False,X,2017,8542,14714450.704,False,True,UN_Comtrade_official_public_preview_reporter_query,2026-09-11T16:05:47+00:00
H5,458,MYS,Malaysia,208,DNK,Denmark,False,X,2017,8542,1766624.328,False,True,UN_Comtrade_official_public_preview_reporter_query,2026-09-11T16:05:47+00:00
H5,458,MYS,Malaysia,233,EST,Estonia,False,X,2017,8542,264565.306,False,True,UN_Comtrade_official_public_preview_reporter_query,2026-09-11T16:05:47+00:00
H5,458,MYS,Malaysia,242,FJI,Fiji,False,X,2017,8542,5013196.898,False,True,UN_Comtrade_official_public_preview_reporter_query,2026-09-11T16:05:47+00:00
H5,458,MYS,Malaysia,246,FIN,Finland,False,X,2017,8542,3085307.271,False,True,UN_Comtrade_official_public_preview_reporter_query,2026-09-11T16:05:47+00:00
H5,458,MYS,Malaysia,251,FRA,France,False,X,2017,8542,523362552.006,False,True,UN_Comtrade_official_public_preview_reporter_query,2026-09-11T16:05:47+00:00
H5,458,MYS,Malaysia,268,GEO,Georgia,False,X,2017,8542,586563.312,False,True,UN_Comtrade_official_public_preview_reporter_query,2026-09-11T16:05:47+00:00
H5,458,MYS,Malaysia,276,DEU,Germany,False,X,2017,8542,1109054754.555,False,True,UN_Comtrade_official_public_preview_reporter_query,2026-09-11T16:05:47+00:00
H5,458,MYS,Malaysia,288,GHA,Ghana,False,X,2017,8542,10328.114,False,True,UN_Comtrade_official_public_preview_reporter_query,2026-09-11T16:05:47+00:00
H5,458,MYS,Malaysia,300,GRC,Greece,False,X,2017,8542,8068.738,False,True,UN_Comtrade_official_public_preview_reporter_query,2026-09-11T16:05:47+00:00
H5,458,MYS,Malaysia,344,HKG,"China, Hong Kong SAR",False,X,2017,8542,5544103296.296,False,True,UN_Comtrade_official_public_preview_reporter_query,2026-09-11T16:05:47+00:00
H5,458,MYS,Malaysia,348,HUN,Hungary,False,X,2017,8542,54965632.039,False,True,UN_Comtrade_official_public_preview_reporter_query,2026-09-11T16:05:47+00:00
H5,458,MYS,Malaysia,360,IDN,Indonesia,False,X,2017,8542,176016101.764,False,True,UN_Comtrade_official_public_preview_reporter_query,2026-09-11T16:05:47+00:00
H5,458,MYS,Malaysia,364,IRN,Iran,False,X,2017,8542,105359.809,False,True,UN_Comtrade_official_public_preview_reporter_query,2026-09-11T16:05:47+00:00
H5,458,MYS,Malaysia,372,IRL,Ireland,False,X,2017,8542,3799188.173,False,True,UN_Comtrade_official_public_preview_reporter_query,2026-09-11T16:05:47+00:00
H5,458,MYS,Malaysia,380,ITA,Italy,False,X,2017,8542,15158761.065,False,True,UN_Comtrade_official_public_preview_reporter_query,2026-09-11T16:05:47+00:00
H5,458,MYS,Malaysia,384,CIV,Côte d'Ivoire,False,X,2017,8542,3680.395,False,True,UN_Comtrade_official_public_preview_reporter_query,2026-09-11T16:05:47+00:00
H5,458,MYS,Malaysia,392,JPN,Japan,False,X,2017,8542,1468846140.259,False,True,UN_Comtrade_official_public_preview_reporter_query,2026-09-11T16:05:47+00:00
H5,458,MYS,Malaysia,404,KEN,Kenya,False,X,2017,8542,6716.418,False,True,UN_Comtrade_official_public_preview_reporter_query,2026-09-11T16:05:47+00:00
H5,458,MYS,Malaysia,410,KOR,Rep. of Korea,False,X,2017,8542,1010473539.847,False,True,UN_Comtrade_official_public_preview_reporter_query,2026-09-11T16:05:47+00:00
H5,458,MYS,Malaysia,414,KWT,Kuwait,False,X,2017,8542,55212.446,False,True,UN_Comtrade_official_public_preview_reporter_query,2026-09-11T16:05:47+00:00
H5,458,MYS,Malaysia,422,LBN,Lebanon,False,X,2017,8542,18231.276,False,True,UN_Comtrade_official_public_preview_reporter_query,2026-09-11T16:05:47+00:00
H5,458,MYS,Malaysia,430,LBR,Liberia,False,X,2017,8542,166902.097,False,True,UN_Comtrade_official_public_preview_reporter_query,2026-09-11T16:05:47+00:00
H5,458,MYS,Malaysia,446,MAC,"China, Macao SAR",False,X,2017,8542,2572288.517,False,True,UN_Comtrade_official_public_preview_reporter_query,2026-09-11T16:05:47+00:00
H5,458,MYS,Malaysia,462,MDV,Maldives,False,X,2017,8542,2154.349,False,True,UN_Comtrade_official_public_preview_reporter_query,2026-09-11T16:05:47+00:00
H5,458,MYS,Malaysia,470,MLT,Malta,False,X,2017,8542,12596770.621,False,True,UN_Comtrade_official_public_preview_reporter_query,2026-09-11T16:05:47+00:00
H5,458,MYS,Malaysia,480,MUS,Mauritius,False,X,2017,8542,83682.179,False,True,UN_Comtrade_official_public_preview_reporter_query,2026-09-11T16:05:47+00:00
H5,458,MYS,Malaysia,484,MEX,Mexico,False,X,2017,8542,178472596.166,False,True,UN_Comtrade_official_public_preview_reporter_query,2026-09-11T16:05:47+00:00
H5,458,MYS,Malaysia,490,S19,"Other Asia, nes",False,X,2017,8542,1202040541.97,False,True,UN_Comtrade_official_public_preview_reporter_query,2026-09-11T16:05:47+00:00
H5,458,MYS,Malaysia,504,MAR,Morocco,False,X,2017,8542,6162153.638,False,True,UN_Comtrade_official_public_preview_reporter_query,2026-09-11T16:05:47+00:00
H5,458,MYS,Malaysia,508,MOZ,Mozambique,False,X,2017,8542,229932.705,False,True,UN_Comtrade_official_public_preview_reporter_query,2026-09-11T16:05:47+00:00
H5,458,MYS,Malaysia,512,OMN,Oman,False,X,2017,8542,18830.47,False,True,UN_Comtrade_official_public_preview_reporter_query,2026-09-11T16:05:47+00:00
H5,458,MYS,Malaysia,524,NPL,Nepal,False,X,2017,8542,68672.763,False,True,UN_Comtrade_official_public_preview_reporter_query,2026-09-11T16:05:47+00:00
H5,458,MYS,Malaysia,528,NLD,Netherlands,False,X,2017,8542,1345211688.775,False,True,UN_Comtrade_official_public_preview_reporter_query,2026-09-11T16:05:47+00:00
H5,458,MYS,Malaysia,554,NZL,New Zealand,False,X,2017,8542,6326305.453,False,True,UN_Comtrade_official_public_preview_reporter_query,2026-09-11T16:05:47+00:00
H5,458,MYS,Malaysia,558,NIC,Nicaragua,False,X,2017,8542,2298.267,False,True,UN_Comtrade_official_public_preview_reporter_query,2026-09-11T16:05:47+00:00
H5,458,MYS,Malaysia,579,NOR,Norway,False,X,2017,8542,686699.913,False,True,UN_Comtrade_official_public_preview_reporter_query,2026-09-11T16:05:47+00:00
H5,458,MYS,Malaysia,586,PAK,Pakistan,False,X,2017,8542,4567.658,False,True,UN_Comtrade_official_public_preview_reporter_query,2026-09-11T16:05:47+00:00
H5,458,MYS,Malaysia,591,PAN,Panama,False,X,2017,8542,8751.767,False,True,UN_Comtrade_official_public_preview_reporter_query,2026-09-11T16:05:47+00:00
H5,458,MYS,Malaysia,598,PNG,Papua New Guinea,False,X,2017,8542,22750.729,False,True,UN_Comtrade_official_public_preview_reporter_query,2026-09-11T16:05:47+00:00
H5,458,MYS,Malaysia,604,PER,Peru,False,X,2017,8542,73417.407,False,True,UN_Comtrade_official_public_preview_reporter_query,2026-09-11T16:05:47+00:00
H5,458,MYS,Malaysia,608,PHL,Philippines,False,X,2017,8542,383672371.942,False,True,UN_Comtrade_official_public_preview_reporter_query,2026-09-11T16:05:47+00:00
H5,458,MYS,Malaysia,616,POL,Poland,False,X,2017,8542,7936116.401,False,True,UN_Comtrade_official_public_preview_reporter_query,2026-09-11T16:05:47+00:00
H5,458,MYS,Malaysia,620,PRT,Portugal,False,X,2017,8542,8385981.82,False,True,UN_Comtrade_official_public_preview_reporter_query,2026-09-11T16:05:47+00:00
H5,458,MYS,Malaysia,642,ROU,Romania,False,X,2017,8542,22447276.744,False,True,UN_Comtrade_official_public_preview_reporter_query,2026-09-11T16:05:47+00:00
H5,458,MYS,Malaysia,643,RUS,Russian Federation,False,X,2017,8542,1004396.207,False,True,UN_Comtrade_official_public_preview_reporter_query,2026-09-11T16:05:47+00:00
H5,458,MYS,Malaysia,682,SAU,Saudi Arabia,False,X,2017,8542,736651.192,False,True,UN_Comtrade_official_public_preview_reporter_query,2026-09-11T16:05:47+00:00
H5,458,MYS,Malaysia,686,SEN,Senegal,False,X,2017,8542,1065853.961,False,True,UN_Comtrade_official_public_preview_reporter_query,2026-09-11T16:05:47+00:00
H5,458,MYS,Malaysia,688,SRB,Serbia,False,X,2017,8542,3887.423,False,True,UN_Comtrade_official_public_preview_reporter_query,2026-09-11T16:05:47+00:00
H5,458,MYS,Malaysia,699,IND,India,False,X,2017,8542,263191034.885,False,True,UN_Comtrade_official_public_preview_reporter_query,2026-09-11T16:05:47+00:00
H5,458,MYS,Malaysia,702,SGP,Singapore,False,X,2017,8542,8453416437.536,False,True,UN_Comtrade_official_public_preview_reporter_query,2026-09-11T16:05:47+00:00
H5,458,MYS,Malaysia,703,SVK,Slovakia,False,X,2017,8542,13585481.834,False,True,UN_Comtrade_official_public_preview_reporter_query,2026-09-11T16:05:47+00:00
H5,458,MYS,Malaysia,704,VNM,Viet Nam,False,X,2017,8542,222479058.96,False,True,UN_Comtrade_official_public_preview_reporter_query,2026-09-11T16:05:47+00:00
H5,458,MYS,Malaysia,710,ZAF,South Africa,False,X,2017,8542,210752.686,False,True,UN_Comtrade_official_public_preview_reporter_query,2026-09-11T16:05:47+00:00
H5,458,MYS,Malaysia,724,ESP,Spain,False,X,2017,8542,9439198.686,False,True,UN_Comtrade_official_public_preview_reporter_query,2026-09-11T16:05:47+00:00
H5,458,MYS,Malaysia,752,SWE,Sweden,False,X,2017,8542,2267970.799,False,True,UN_Comtrade_official_public_preview_reporter_query,2026-09-11T16:05:47+00:00
H5,458,MYS,Malaysia,757,CHE,Switzerland,False,X,2017,8542,6391625.246,False,True,UN_Comtrade_official_public_preview_reporter_query,2026-09-11T16:05:47+00:00
H5,458,MYS,Malaysia,764,THA,Thailand,False,X,2017,8542,941374948.113,False,True,UN_Comtrade_official_public_preview_reporter_query,2026-09-11T16:05:47+00:00
H5,458,MYS,Malaysia,784,ARE,United Arab Emirates,False,X,2017,8542,1182859.97,False,True,UN_Comtrade_official_public_preview_reporter_query,2026-09-11T16:05:47+00:00
H5,458,MYS,Malaysia,788,TUN,Tunisia,False,X,2017,8542,14461093.324,False,True,UN_Comtrade_official_public_preview_reporter_query,2026-09-11T16:05:47+00:00
H5,458,MYS,Malaysia,792,TUR,Türkiye,False,X,2017,8542,1465143.756,False,True,UN_Comtrade_official_public_preview_reporter_query,2026-09-11T16:05:47+00:00
H5,458,MYS,Malaysia,800,UGA,Uganda,False,X,2017,8542,1572.854,False,True,UN_Comtrade_official_public_preview_reporter_query,2026-09-11T16:05:47+00:00
H5,458,MYS,Malaysia,818,EGY,Egypt,False,X,2017,8542,7798.6,False,True,UN_Comtrade_official_public_preview_reporter_query,2026-09-11T16:05:47+00:00
H5,458,MYS,Malaysia,826,GBR,United Kingdom,False,X,2017,8542,26202217.038,False,True,UN_Comtrade_official_public_preview_reporter_query,2026-09-11T16:05:47+00:00
H5,458,MYS,Malaysia,842,USA,USA,False,X,2017,8542,1972167647.52,False,True,UN_Comtrade_official_public_preview_reporter_query,2026-09-11T16:05:47+00:00
H5,458,MYS,Malaysia,862,VEN,Venezuela,False,X,2017,8542,3234.435,False,True,UN_Comtrade_official_public_preview_reporter_query,2026-09-11T16:05:47+00:00
H5,458,MYS,Malaysia,894,ZMB,Zambia,False,X,2017,8542,325240.126,False,True,UN_Comtrade_official_public_preview_reporter_query,2026-09-11T16:05:47+00:00
H5,458,MYS,Malaysia,899,_X ,"Areas, nes",False,X,2017,8542,9493.016,False,True,UN_Comtrade_official_public_preview_reporter_query,2026-09-11T16:05:47+00:00
H6,458,MYS,Malaysia,4,AFG,Afghanistan,False,M,2022,8542,444995.226,False,True,UN_Comtrade_official_public_preview_reporter_query,2026-09-11T16:05:47+00:00
H6,458,MYS,Malaysia,8,ALB,Albania,False,M,2022,8542,5053.309,False,True,UN_Comtrade_official_public_preview_reporter_query,2026-09-11T16:05:47+00:00
H6,458,MYS,Malaysia,36,AUS,Australia,False,M,2022,8542,4397652.778,False,True,UN_Comtrade_official_public_preview_reporter_query,2026-09-11T16:05:47+00:00
H6,458,MYS,Malaysia,40,AUT,Austria,False,M,2022,8542,164393939.309,False,True,UN_Comtrade_official_public_preview_reporter_query,2026-09-11T16:05:47+00:00
H6,458,MYS,Malaysia,50,BGD,Bangladesh,False,M,2022,8542,54986.548,False,True,UN_Comtrade_official_public_preview_reporter_query,2026-09-11T16:05:47+00:00
H6,458,MYS,Malaysia,51,ARM,Armenia,False,M,2022,8542,105733.678,False,True,UN_Comtrade_official_public_preview_reporter_query,2026-09-11T16:05:47+00:00
H6,458,MYS,Malaysia,56,BEL,Belgium,False,M,2022,8542,79039431.899,False,True,UN_Comtrade_official_public_preview_reporter_query,2026-09-11T16:05:47+00:00
H6,458,MYS,Malaysia,76,BRA,Brazil,False,M,2022,8542,463663.84,False,True,UN_Comtrade_official_public_preview_reporter_query,2026-09-11T16:05:47+00:00
H6,458,MYS,Malaysia,96,BRN,Brunei Darussalam,False,M,2022,8542,4725.208,False,True,UN_Comtrade_official_public_preview_reporter_query,2026-09-11T16:05:47+00:00
H6,458,MYS,Malaysia,100,BGR,Bulgaria,False,M,2022,8542,544171.19,False,True,UN_Comtrade_official_public_preview_reporter_query,2026-09-11T16:05:47+00:00
H6,458,MYS,Malaysia,104,MMR,Myanmar,False,M,2022,8542,1295.365,False,True,UN_Comtrade_official_public_preview_reporter_query,2026-09-11T16:05:47+00:00
H6,458,MYS,Malaysia,112,BLR,Belarus,False,M,2022,8542,38015.927,False,True,UN_Comtrade_official_public_preview_reporter_query,2026-09-11T16:05:47+00:00
H6,458,MYS,Malaysia,120,CMR,Cameroon,False,M,2022,8542,11004.808,False,True,UN_Comtrade_official_public_preview_reporter_query,2026-09-11T16:05:47+00:00
H6,458,MYS,Malaysia,124,CAN,Canada,False,M,2022,8542,19166633.047,False,True,UN_Comtrade_official_public_preview_reporter_query,2026-09-11T16:05:47+00:00
H6,458,MYS,Malaysia,144,LKA,Sri Lanka,False,M,2022,8542,48531.763,False,True,UN_Comtrade_official_public_preview_reporter_query,2026-09-11T16:05:47+00:00
H6,458,MYS,Malaysia,152,CHL,Chile,False,M,2022,8542,4283.725,False,True,UN_Comtrade_official_public_preview_reporter_query,2026-09-11T16:05:47+00:00
H6,458,MYS,Malaysia,156,CHN,China,False,M,2022,8542,9133562672.01,False,True,UN_Comtrade_official_public_preview_reporter_query,2026-09-11T16:05:47+00:00
H6,458,MYS,Malaysia,170,COL,Colombia,False,M,2022,8542,2028.822,False,True,UN_Comtrade_official_public_preview_reporter_query,2026-09-11T16:05:47+00:00
H6,458,MYS,Malaysia,188,CRI,Costa Rica,False,M,2022,8542,178800148.1,False,True,UN_Comtrade_official_public_preview_reporter_query,2026-09-11T16:05:47+00:00
H6,458,MYS,Malaysia,191,HRV,Croatia,False,M,2022,8542,5785.63,False,True,UN_Comtrade_official_public_preview_reporter_query,2026-09-11T16:05:47+00:00
H6,458,MYS,Malaysia,192,CUB,Cuba,False,M,2022,8542,5894.24,False,True,UN_Comtrade_official_public_preview_reporter_query,2026-09-11T16:05:47+00:00
H6,458,MYS,Malaysia,203,CZE,Czechia,False,M,2022,8542,67995441.016,False,True,UN_Comtrade_official_public_preview_reporter_query,2026-09-11T16:05:47+00:00
H6,458,MYS,Malaysia,208,DNK,Denmark,False,M,2022,8542,693407.18,False,True,UN_Comtrade_official_public_preview_reporter_query,2026-09-11T16:05:47+00:00
H6,458,MYS,Malaysia,222,SLV,El Salvador,False,M,2022,8542,42551.408,False,True,UN_Comtrade_official_public_preview_reporter_query,2026-09-11T16:05:47+00:00
H6,458,MYS,Malaysia,233,EST,Estonia,False,M,2022,8542,51618.963,False,True,UN_Comtrade_official_public_preview_reporter_query,2026-09-11T16:05:47+00:00
H6,458,MYS,Malaysia,246,FIN,Finland,False,M,2022,8542,2056738.423,False,True,UN_Comtrade_official_public_preview_reporter_query,2026-09-11T16:05:47+00:00
H6,458,MYS,Malaysia,251,FRA,France,False,M,2022,8542,163119743.079,False,True,UN_Comtrade_official_public_preview_reporter_query,2026-09-11T16:05:47+00:00
H6,458,MYS,Malaysia,268,GEO,Georgia,False,M,2022,8542,4431.643,False,True,UN_Comtrade_official_public_preview_reporter_query,2026-09-11T16:05:47+00:00
H6,458,MYS,Malaysia,276,DEU,Germany,False,M,2022,8542,673139454.445,False,True,UN_Comtrade_official_public_preview_reporter_query,2026-09-11T16:05:47+00:00
H6,458,MYS,Malaysia,300,GRC,Greece,False,M,2022,8542,178632.662,False,True,UN_Comtrade_official_public_preview_reporter_query,2026-09-11T16:05:47+00:00
H6,458,MYS,Malaysia,344,HKG,"China, Hong Kong SAR",False,M,2022,8542,1006630387.944,False,True,UN_Comtrade_official_public_preview_reporter_query,2026-09-11T16:05:47+00:00
H6,458,MYS,Malaysia,348,HUN,Hungary,False,M,2022,8542,495369.038,False,True,UN_Comtrade_official_public_preview_reporter_query,2026-09-11T16:05:47+00:00
H6,458,MYS,Malaysia,360,IDN,Indonesia,False,M,2022,8542,7852160.154,False,True,UN_Comtrade_official_public_preview_reporter_query,2026-09-11T16:05:47+00:00
H6,458,MYS,Malaysia,364,IRN,Iran,False,M,2022,8542,3337.365,False,True,UN_Comtrade_official_public_preview_reporter_query,2026-09-11T16:05:47+00:00
H6,458,MYS,Malaysia,372,IRL,Ireland,False,M,2022,8542,2603319191.28,False,True,UN_Comtrade_official_public_preview_reporter_query,2026-09-11T16:05:47+00:00
H6,458,MYS,Malaysia,380,ITA,Italy,False,M,2022,8542,554221168.207,False,True,UN_Comtrade_official_public_preview_reporter_query,2026-09-11T16:05:47+00:00
H6,458,MYS,Malaysia,392,JPN,Japan,False,M,2022,8542,3586030034.402,False,True,UN_Comtrade_official_public_preview_reporter_query,2026-09-11T16:05:47+00:00
H6,458,MYS,Malaysia,404,KEN,Kenya,False,M,2022,8542,109260.088,False,True,UN_Comtrade_official_public_preview_reporter_query,2026-09-11T16:05:47+00:00
H6,458,MYS,Malaysia,410,KOR,Rep. of Korea,False,M,2022,8542,2463696693.381,False,True,UN_Comtrade_official_public_preview_reporter_query,2026-09-11T16:05:47+00:00
H6,458,MYS,Malaysia,417,KGZ,Kyrgyzstan,False,M,2022,8542,142441.516,False,True,UN_Comtrade_official_public_preview_reporter_query,2026-09-11T16:05:47+00:00
H6,458,MYS,Malaysia,428,LVA,Latvia,False,M,2022,8542,6722.901,False,True,UN_Comtrade_official_public_preview_reporter_query,2026-09-11T16:05:47+00:00
H6,458,MYS,Malaysia,440,LTU,Lithuania,False,M,2022,8542,165466.565,False,True,UN_Comtrade_official_public_preview_reporter_query,2026-09-11T16:05:47+00:00
H6,458,MYS,Malaysia,446,MAC,"China, Macao SAR",False,M,2022,8542,133389.867,False,True,UN_Comtrade_official_public_preview_reporter_query,2026-09-11T16:05:47+00:00
H6,458,MYS,Malaysia,458,MYS,Malaysia,False,M,2022,8542,318410.285,False,True,UN_Comtrade_official_public_preview_reporter_query,2026-09-11T16:05:47+00:00
H6,458,MYS,Malaysia,462,MDV,Maldives,False,M,2022,8542,4017.881,False,True,UN_Comtrade_official_public_preview_reporter_query,2026-09-11T16:05:47+00:00
H6,458,MYS,Malaysia,470,MLT,Malta,False,M,2022,8542,43429715.415,False,True,UN_Comtrade_official_public_preview_reporter_query,2026-09-11T16:05:47+00:00
H6,458,MYS,Malaysia,480,MUS,Mauritius,False,M,2022,8542,10039.817,False,True,UN_Comtrade_official_public_preview_reporter_query,2026-09-11T16:05:47+00:00
H6,458,MYS,Malaysia,484,MEX,Mexico,False,M,2022,8542,47119866.96,False,True,UN_Comtrade_official_public_preview_reporter_query,2026-09-11T16:05:47+00:00
H6,458,MYS,Malaysia,490,S19,"Other Asia, nes",False,M,2022,8542,14667471834.336,False,True,UN_Comtrade_official_public_preview_reporter_query,2026-09-11T16:05:47+00:00
H6,458,MYS,Malaysia,504,MAR,Morocco,False,M,2022,8542,14349963.006,False,True,UN_Comtrade_official_public_preview_reporter_query,2026-09-11T16:05:47+00:00
H6,458,MYS,Malaysia,516,NAM,Namibia,False,M,2022,8542,91952.732,False,True,UN_Comtrade_official_public_preview_reporter_query,2026-09-11T16:05:47+00:00
H6,458,MYS,Malaysia,528,NLD,Netherlands,False,M,2022,8542,70269393.571,False,True,UN_Comtrade_official_public_preview_reporter_query,2026-09-11T16:05:47+00:00
H6,458,MYS,Malaysia,548,VUT,Vanuatu,False,M,2022,8542,68683.424,False,True,UN_Comtrade_official_public_preview_reporter_query,2026-09-11T16:05:47+00:00
H6,458,MYS,Malaysia,554,NZL,New Zealand,False,M,2022,8542,173361.679,False,True,UN_Comtrade_official_public_preview_reporter_query,2026-09-11T16:05:47+00:00
H6,458,MYS,Malaysia,579,NOR,Norway,False,M,2022,8542,35607.198,False,True,UN_Comtrade_official_public_preview_reporter_query,2026-09-11T16:05:47+00:00
H6,458,MYS,Malaysia,586,PAK,Pakistan,False,M,2022,8542,4376.884,False,True,UN_Comtrade_official_public_preview_reporter_query,2026-09-11T16:05:47+00:00
H6,458,MYS,Malaysia,591,PAN,Panama,False,M,2022,8542,14604.609,False,True,UN_Comtrade_official_public_preview_reporter_query,2026-09-11T16:05:47+00:00
H6,458,MYS,Malaysia,608,PHL,Philippines,False,M,2022,8542,1218022636.225,False,True,UN_Comtrade_official_public_preview_reporter_query,2026-09-11T16:05:47+00:00
H6,458,MYS,Malaysia,616,POL,Poland,False,M,2022,8542,18183684.201,False,True,UN_Comtrade_official_public_preview_reporter_query,2026-09-11T16:05:47+00:00
H6,458,MYS,Malaysia,620,PRT,Portugal,False,M,2022,8542,10958983.043,False,True,UN_Comtrade_official_public_preview_reporter_query,2026-09-11T16:05:47+00:00
H6,458,MYS,Malaysia,642,ROU,Romania,False,M,2022,8542,88443.363,False,True,UN_Comtrade_official_public_preview_reporter_query,2026-09-11T16:05:47+00:00
H6,458,MYS,Malaysia,643,RUS,Russian Federation,False,M,2022,8542,4217029.921,False,True,UN_Comtrade_official_public_preview_reporter_query,2026-09-11T16:05:47+00:00
H6,458,MYS,Malaysia,646,RWA,Rwanda,False,M,2022,8542,117484.667,False,True,UN_Comtrade_official_public_preview_reporter_query,2026-09-11T16:05:47+00:00
H6,458,MYS,Malaysia,699,IND,India,False,M,2022,8542,10025099.239,False,True,UN_Comtrade_official_public_preview_reporter_query,2026-09-11T16:05:47+00:00
H6,458,MYS,Malaysia,702,SGP,Singapore,False,M,2022,8542,6280583977.934,False,True,UN_Comtrade_official_public_preview_reporter_query,2026-09-11T16:05:47+00:00
H6,458,MYS,Malaysia,703,SVK,Slovakia,False,M,2022,8542,914903.902,False,True,UN_Comtrade_official_public_preview_reporter_query,2026-09-11T16:05:47+00:00
H6,458,MYS,Malaysia,704,VNM,Viet Nam,False,M,2022,8542,1706565478.593,False,True,UN_Comtrade_official_public_preview_reporter_query,2026-09-11T16:05:47+00:00
H6,458,MYS,Malaysia,705,SVN,Slovenia,False,M,2022,8542,419631.431,False,True,UN_Comtrade_official_public_preview_reporter_query,2026-09-11T16:05:47+00:00
H6,458,MYS,Malaysia,724,ESP,Spain,False,M,2022,8542,252580.48,False,True,UN_Comtrade_official_public_preview_reporter_query,2026-09-11T16:05:47+00:00
H6,458,MYS,Malaysia,728,SSD,South Sudan,False,M,2022,8542,1575.296,False,True,UN_Comtrade_official_public_preview_reporter_query,2026-09-11T16:05:47+00:00
H6,458,MYS,Malaysia,752,SWE,Sweden,False,M,2022,8542,4980357.268,False,True,UN_Comtrade_official_public_preview_reporter_query,2026-09-11T16:05:47+00:00
H6,458,MYS,Malaysia,757,CHE,Switzerland,False,M,2022,8542,15912771.357,False,True,UN_Comtrade_official_public_preview_reporter_query,2026-09-11T16:05:47+00:00
H6,458,MYS,Malaysia,764,THA,Thailand,False,M,2022,8542,1040545198.622,False,True,UN_Comtrade_official_public_preview_reporter_query,2026-09-11T16:05:47+00:00
H6,458,MYS,Malaysia,784,ARE,United Arab Emirates,False,M,2022,8542,114376.109,False,True,UN_Comtrade_official_public_preview_reporter_query,2026-09-11T16:05:47+00:00
H6,458,MYS,Malaysia,788,TUN,Tunisia,False,M,2022,8542,2072.902,False,True,UN_Comtrade_official_public_preview_reporter_query,2026-09-11T16:05:47+00:00
H6,458,MYS,Malaysia,792,TUR,Türkiye,False,M,2022,8542,226317.133,False,True,UN_Comtrade_official_public_preview_reporter_query,2026-09-11T16:05:47+00:00
H6,458,MYS,Malaysia,804,UKR,Ukraine,False,M,2022,8542,32041.479,False,True,UN_Comtrade_official_public_preview_reporter_query,2026-09-11T16:05:47+00:00
H6,458,MYS,Malaysia,807,MKD,North Macedonia,False,M,2022,8542,110997.618,False,True,UN_Comtrade_official_public_preview_reporter_query,2026-09-11T16:05:47+00:00
H6,458,MYS,Malaysia,826,GBR,United Kingdom,False,M,2022,8542,84913240.59,False,True,UN_Comtrade_official_public_preview_reporter_query,2026-09-11T16:05:47+00:00
H6,458,MYS,Malaysia,834,TZA,United Rep. of Tanzania,False,M,2022,8542,1484.864,False,True,UN_Comtrade_official_public_preview_reporter_query,2026-09-11T16:05:47+00:00
H6,458,MYS,Malaysia,842,USA,USA,False,M,2022,8542,7354810708.395,False,True,UN_Comtrade_official_public_preview_reporter_query,2026-09-11T16:05:47+00:00
H6,458,MYS,Malaysia,862,VEN,Venezuela,False,M,2022,8542,84631.795,False,True,UN_Comtrade_official_public_preview_reporter_query,2026-09-11T16:05:47+00:00
H6,458,MYS,Malaysia,899,_X ,"Areas, nes",False,M,2022,8542,230999002.745,False,True,UN_Comtrade_official_public_preview_reporter_query,2026-09-11T16:05:47+00:00
H6,458,MYS,Malaysia,32,ARG,Argentina,False,X,2022,8542,2776.366,False,True,UN_Comtrade_official_public_preview_reporter_query,2026-09-11T16:05:47+00:00
H6,458,MYS,Malaysia,36,AUS,Australia,False,X,2022,8542,151233638.895,False,True,UN_Comtrade_official_public_preview_reporter_query,2026-09-11T16:05:47+00:00
H6,458,MYS,Malaysia,40,AUT,Austria,False,X,2022,8542,7303882.241,False,True,UN_Comtrade_official_public_preview_reporter_query,2026-09-11T16:05:47+00:00
H6,458,MYS,Malaysia,50,BGD,Bangladesh,False,X,2022,8542,5037.177,False,True,UN_Comtrade_official_public_preview_reporter_query,2026-09-11T16:05:47+00:00
H6,458,MYS,Malaysia,56,BEL,Belgium,False,X,2022,8542,162944631.6,False,True,UN_Comtrade_official_public_preview_reporter_query,2026-09-11T16:05:47+00:00
H6,458,MYS,Malaysia,76,BRA,Brazil,False,X,2022,8542,42739393.389,False,True,UN_Comtrade_official_public_preview_reporter_query,2026-09-11T16:05:47+00:00
H6,458,MYS,Malaysia,84,BLZ,Belize,False,X,2022,8542,7354.337,False,True,UN_Comtrade_official_public_preview_reporter_query,2026-09-11T16:05:47+00:00
H6,458,MYS,Malaysia,96,BRN,Brunei Darussalam,False,X,2022,8542,179182.982,False,True,UN_Comtrade_official_public_preview_reporter_query,2026-09-11T16:05:47+00:00
H6,458,MYS,Malaysia,100,BGR,Bulgaria,False,X,2022,8542,48800893.435,False,True,UN_Comtrade_official_public_preview_reporter_query,2026-09-11T16:05:47+00:00
H6,458,MYS,Malaysia,104,MMR,Myanmar,False,X,2022,8542,20397.964,False,True,UN_Comtrade_official_public_preview_reporter_query,2026-09-11T16:05:47+00:00
H6,458,MYS,Malaysia,116,KHM,Cambodia,False,X,2022,8542,423888.798,False,True,UN_Comtrade_official_public_preview_reporter_query,2026-09-11T16:05:47+00:00
H6,458,MYS,Malaysia,124,CAN,Canada,False,X,2022,8542,57763615.533,False,True,UN_Comtrade_official_public_preview_reporter_query,2026-09-11T16:05:47+00:00
H6,458,MYS,Malaysia,144,LKA,Sri Lanka,False,X,2022,8542,356421.667,False,True,UN_Comtrade_official_public_preview_reporter_query,2026-09-11T16:05:47+00:00
H6,458,MYS,Malaysia,152,CHL,Chile,False,X,2022,8542,909836.278,False,True,UN_Comtrade_official_public_preview_reporter_query,2026-09-11T16:05:47+00:00
H6,458,MYS,Malaysia,156,CHN,China,False,X,2022,8542,14002473659.767,False,True,UN_Comtrade_official_public_preview_reporter_query,2026-09-11T16:05:47+00:00
H6,458,MYS,Malaysia,170,COL,Colombia,False,X,2022,8542,1240745.55,False,True,UN_Comtrade_official_public_preview_reporter_query,2026-09-11T16:05:47+00:00
H6,458,MYS,Malaysia,178,COG,Congo,False,X,2022,8542,1497.815,False,True,UN_Comtrade_official_public_preview_reporter_query,2026-09-11T16:05:47+00:00
H6,458,MYS,Malaysia,188,CRI,Costa Rica,False,X,2022,8542,613111532.179,False,True,UN_Comtrade_official_public_preview_reporter_query,2026-09-11T16:05:47+00:00
H6,458,MYS,Malaysia,191,HRV,Croatia,False,X,2022,8542,14473.505,False,True,UN_Comtrade_official_public_preview_reporter_query,2026-09-11T16:05:47+00:00
H6,458,MYS,Malaysia,203,CZE,Czechia,False,X,2022,8542,364502201.556,False,True,UN_Comtrade_official_public_preview_reporter_query,2026-09-11T16:05:47+00:00
H6,458,MYS,Malaysia,208,DNK,Denmark,False,X,2022,8542,6090230.063,False,True,UN_Comtrade_official_public_preview_reporter_query,2026-09-11T16:05:47+00:00
H6,458,MYS,Malaysia,214,DOM,Dominican Rep.,False,X,2022,8542,12451.954,False,True,UN_Comtrade_official_public_preview_reporter_query,2026-09-11T16:05:47+00:00
H6,458,MYS,Malaysia,222,SLV,El Salvador,False,X,2022,8542,25289.04,False,True,UN_Comtrade_official_public_preview_reporter_query,2026-09-11T16:05:47+00:00
H6,458,MYS,Malaysia,233,EST,Estonia,False,X,2022,8542,262593.94,False,True,UN_Comtrade_official_public_preview_reporter_query,2026-09-11T16:05:47+00:00
H6,458,MYS,Malaysia,242,FJI,Fiji,False,X,2022,8542,6481.142,False,True,UN_Comtrade_official_public_preview_reporter_query,2026-09-11T16:05:47+00:00
H6,458,MYS,Malaysia,246,FIN,Finland,False,X,2022,8542,67239798.38,False,True,UN_Comtrade_official_public_preview_reporter_query,2026-09-11T16:05:47+00:00
H6,458,MYS,Malaysia,251,FRA,France,False,X,2022,8542,183389008.646,False,True,UN_Comtrade_official_public_preview_reporter_query,2026-09-11T16:05:47+00:00
H6,458,MYS,Malaysia,268,GEO,Georgia,False,X,2022,8542,3585.259,False,True,UN_Comtrade_official_public_preview_reporter_query,2026-09-11T16:05:47+00:00
H6,458,MYS,Malaysia,276,DEU,Germany,False,X,2022,8542,1164975790.626,False,True,UN_Comtrade_official_public_preview_reporter_query,2026-09-11T16:05:47+00:00
H6,458,MYS,Malaysia,300,GRC,Greece,False,X,2022,8542,19441.38,False,True,UN_Comtrade_official_public_preview_reporter_query,2026-09-11T16:05:47+00:00
H6,458,MYS,Malaysia,316,GUM,Guam,False,X,2022,8542,1161.307,False,True,UN_Comtrade_official_public_preview_reporter_query,2026-09-11T16:05:47+00:00
H6,458,MYS,Malaysia,320,GTM,Guatemala,False,X,2022,8542,1403.52,False,True,UN_Comtrade_official_public_preview_reporter_query,2026-09-11T16:05:47+00:00
H6,458,MYS,Malaysia,340,HND,Honduras,False,X,2022,8542,197244.018,False,True,UN_Comtrade_official_public_preview_reporter_query,2026-09-11T16:05:47+00:00
H6,458,MYS,Malaysia,344,HKG,"China, Hong Kong SAR",False,X,2022,8542,13265471172.201,False,True,UN_Comtrade_official_public_preview_reporter_query,2026-09-11T16:05:47+00:00
H6,458,MYS,Malaysia,348,HUN,Hungary,False,X,2022,8542,42256448.357,False,True,UN_Comtrade_official_public_preview_reporter_query,2026-09-11T16:05:47+00:00
H6,458,MYS,Malaysia,352,ISL,Iceland,False,X,2022,8542,246179.546,False,True,UN_Comtrade_official_public_preview_reporter_query,2026-09-11T16:05:47+00:00
H6,458,MYS,Malaysia,360,IDN,Indonesia,False,X,2022,8542,374809262.724,False,True,UN_Comtrade_official_public_preview_reporter_query,2026-09-11T16:05:47+00:00
H6,458,MYS,Malaysia,372,IRL,Ireland,False,X,2022,8542,35968603.003,False,True,UN_Comtrade_official_public_preview_reporter_query,2026-09-11T16:05:47+00:00
H6,458,MYS,Malaysia,380,ITA,Italy,False,X,2022,8542,21898728.066,False,True,UN_Comtrade_official_public_preview_reporter_query,2026-09-11T16:05:47+00:00
H6,458,MYS,Malaysia,384,CIV,Côte d'Ivoire,False,X,2022,8542,30070.598,False,True,UN_Comtrade_official_public_preview_reporter_query,2026-09-11T16:05:47+00:00
H6,458,MYS,Malaysia,392,JPN,Japan,False,X,2022,8542,1701891989.206,False,True,UN_Comtrade_official_public_preview_reporter_query,2026-09-11T16:05:47+00:00
H6,458,MYS,Malaysia,398,KAZ,Kazakhstan,False,X,2022,8542,2664.803,False,True,UN_Comtrade_official_public_preview_reporter_query,2026-09-11T16:05:47+00:00
H6,458,MYS,Malaysia,410,KOR,Rep. of Korea,False,X,2022,8542,3066032072.334,False,True,UN_Comtrade_official_public_preview_reporter_query,2026-09-11T16:05:47+00:00
H6,458,MYS,Malaysia,418,LAO,Lao People's Dem. Rep.,False,X,2022,8542,10539.24,False,True,UN_Comtrade_official_public_preview_reporter_query,2026-09-11T16:05:47+00:00
H6,458,MYS,Malaysia,428,LVA,Latvia,False,X,2022,8542,49899.156,False,True,UN_Comtrade_official_public_preview_reporter_query,2026-09-11T16:05:47+00:00
H6,458,MYS,Malaysia,440,LTU,Lithuania,False,X,2022,8542,5850909.52,False,True,UN_Comtrade_official_public_preview_reporter_query,2026-09-11T16:05:47+00:00
H6,458,MYS,Malaysia,442,LUX,Luxembourg,False,X,2022,8542,231631.287,False,True,UN_Comtrade_official_public_preview_reporter_query,2026-09-11T16:05:47+00:00
H6,458,MYS,Malaysia,446,MAC,"China, Macao SAR",False,X,2022,8542,558942.122,False,True,UN_Comtrade_official_public_preview_reporter_query,2026-09-11T16:05:47+00:00
H6,458,MYS,Malaysia,462,MDV,Maldives,False,X,2022,8542,15831.127,False,True,UN_Comtrade_official_public_preview_reporter_query,2026-09-11T16:05:47+00:00
H6,458,MYS,Malaysia,470,MLT,Malta,False,X,2022,8542,10721273.925,False,True,UN_Comtrade_official_public_preview_reporter_query,2026-09-11T16:05:47+00:00
H6,458,MYS,Malaysia,484,MEX,Mexico,False,X,2022,8542,1215010553.794,False,True,UN_Comtrade_official_public_preview_reporter_query,2026-09-11T16:05:47+00:00
H6,458,MYS,Malaysia,490,S19,"Other Asia, nes",False,X,2022,8542,5835282941.952,False,True,UN_Comtrade_official_public_preview_reporter_query,2026-09-11T16:05:47+00:00
H6,458,MYS,Malaysia,496,MNG,Mongolia,False,X,2022,8542,2402.821,False,True,UN_Comtrade_official_public_preview_reporter_query,2026-09-11T16:05:47+00:00
H6,458,MYS,Malaysia,504,MAR,Morocco,False,X,2022,8542,6282452.355,False,True,UN_Comtrade_official_public_preview_reporter_query,2026-09-11T16:05:47+00:00
H6,458,MYS,Malaysia,528,NLD,Netherlands,False,X,2022,8542,2101001500.434,False,True,UN_Comtrade_official_public_preview_reporter_query,2026-09-11T16:05:47+00:00
H6,458,MYS,Malaysia,554,NZL,New Zealand,False,X,2022,8542,18965045.773,False,True,UN_Comtrade_official_public_preview_reporter_query,2026-09-11T16:05:47+00:00
H6,458,MYS,Malaysia,579,NOR,Norway,False,X,2022,8542,1173708.541,False,True,UN_Comtrade_official_public_preview_reporter_query,2026-09-11T16:05:47+00:00
H6,458,MYS,Malaysia,586,PAK,Pakistan,False,X,2022,8542,43326.673,False,True,UN_Comtrade_official_public_preview_reporter_query,2026-09-11T16:05:47+00:00
H6,458,MYS,Malaysia,591,PAN,Panama,False,X,2022,8542,3058.57,False,True,UN_Comtrade_official_public_preview_reporter_query,2026-09-11T16:05:47+00:00
H6,458,MYS,Malaysia,598,PNG,Papua New Guinea,False,X,2022,8542,58911.497,False,True,UN_Comtrade_official_public_preview_reporter_query,2026-09-11T16:05:47+00:00
H6,458,MYS,Malaysia,604,PER,Peru,False,X,2022,8542,2613.224,False,True,UN_Comtrade_official_public_preview_reporter_query,2026-09-11T16:05:47+00:00
H6,458,MYS,Malaysia,608,PHL,Philippines,False,X,2022,8542,765870472.237,False,True,UN_Comtrade_official_public_preview_reporter_query,2026-09-11T16:05:47+00:00
H6,458,MYS,Malaysia,616,POL,Poland,False,X,2022,8542,88414373.832,False,True,UN_Comtrade_official_public_preview_reporter_query,2026-09-11T16:05:47+00:00
H6,458,MYS,Malaysia,620,PRT,Portugal,False,X,2022,8542,10069097.566,False,True,UN_Comtrade_official_public_preview_reporter_query,2026-09-11T16:05:47+00:00
H6,458,MYS,Malaysia,634,QAT,Qatar,False,X,2022,8542,20130.075,False,True,UN_Comtrade_official_public_preview_reporter_query,2026-09-11T16:05:47+00:00
H6,458,MYS,Malaysia,642,ROU,Romania,False,X,2022,8542,50433357.699,False,True,UN_Comtrade_official_public_preview_reporter_query,2026-09-11T16:05:47+00:00
H6,458,MYS,Malaysia,643,RUS,Russian Federation,False,X,2022,8542,1661481.029,False,True,UN_Comtrade_official_public_preview_reporter_query,2026-09-11T16:05:47+00:00
H6,458,MYS,Malaysia,654,SHN,Saint Helena,False,X,2022,8542,39421.719,False,True,UN_Comtrade_official_public_preview_reporter_query,2026-09-11T16:05:47+00:00
H6,458,MYS,Malaysia,682,SAU,Saudi Arabia,False,X,2022,8542,352995.233,False,True,UN_Comtrade_official_public_preview_reporter_query,2026-09-11T16:05:47+00:00
H6,458,MYS,Malaysia,688,SRB,Serbia,False,X,2022,8542,158431.241,False,True,UN_Comtrade_official_public_preview_reporter_query,2026-09-11T16:05:47+00:00
H6,458,MYS,Malaysia,699,IND,India,False,X,2022,8542,468884713.654,False,True,UN_Comtrade_official_public_preview_reporter_query,2026-09-11T16:05:47+00:00
H6,458,MYS,Malaysia,702,SGP,Singapore,False,X,2022,8542,19992887496.72,False,True,UN_Comtrade_official_public_preview_reporter_query,2026-09-11T16:05:47+00:00
H6,458,MYS,Malaysia,703,SVK,Slovakia,False,X,2022,8542,979183.403,False,True,UN_Comtrade_official_public_preview_reporter_query,2026-09-11T16:05:47+00:00
H6,458,MYS,Malaysia,704,VNM,Viet Nam,False,X,2022,8542,3787666958.126,False,True,UN_Comtrade_official_public_preview_reporter_query,2026-09-11T16:05:47+00:00
H6,458,MYS,Malaysia,705,SVN,Slovenia,False,X,2022,8542,77340.17,False,True,UN_Comtrade_official_public_preview_reporter_query,2026-09-11T16:05:47+00:00
H6,458,MYS,Malaysia,710,ZAF,South Africa,False,X,2022,8542,788977.663,False,True,UN_Comtrade_official_public_preview_reporter_query,2026-09-11T16:05:47+00:00
H6,458,MYS,Malaysia,724,ESP,Spain,False,X,2022,8542,6907791.642,False,True,UN_Comtrade_official_public_preview_reporter_query,2026-09-11T16:05:47+00:00
H6,458,MYS,Malaysia,752,SWE,Sweden,False,X,2022,8542,26291789.012,False,True,UN_Comtrade_official_public_preview_reporter_query,2026-09-11T16:05:47+00:00
H6,458,MYS,Malaysia,757,CHE,Switzerland,False,X,2022,8542,30700287.091,False,True,UN_Comtrade_official_public_preview_reporter_query,2026-09-11T16:05:47+00:00
H6,458,MYS,Malaysia,764,THA,Thailand,False,X,2022,8542,2316328538.365,False,True,UN_Comtrade_official_public_preview_reporter_query,2026-09-11T16:05:47+00:00
H6,458,MYS,Malaysia,776,TON,Tonga,False,X,2022,8542,259066.394,False,True,UN_Comtrade_official_public_preview_reporter_query,2026-09-11T16:05:47+00:00
H6,458,MYS,Malaysia,784,ARE,United Arab Emirates,False,X,2022,8542,25312456.1,False,True,UN_Comtrade_official_public_preview_reporter_query,2026-09-11T16:05:47+00:00
H6,458,MYS,Malaysia,788,TUN,Tunisia,False,X,2022,8542,120679325.411,False,True,UN_Comtrade_official_public_preview_reporter_query,2026-09-11T16:05:47+00:00
H6,458,MYS,Malaysia,792,TUR,Türkiye,False,X,2022,8542,4463353.068,False,True,UN_Comtrade_official_public_preview_reporter_query,2026-09-11T16:05:47+00:00
H6,458,MYS,Malaysia,800,UGA,Uganda,False,X,2022,8542,1851.592,False,True,UN_Comtrade_official_public_preview_reporter_query,2026-09-11T16:05:47+00:00
H6,458,MYS,Malaysia,807,MKD,North Macedonia,False,X,2022,8542,2780637.689,False,True,UN_Comtrade_official_public_preview_reporter_query,2026-09-11T16:05:47+00:00
H6,458,MYS,Malaysia,818,EGY,Egypt,False,X,2022,8542,61862.366,False,True,UN_Comtrade_official_public_preview_reporter_query,2026-09-11T16:05:47+00:00
H6,458,MYS,Malaysia,826,GBR,United Kingdom,False,X,2022,8542,113739317.786,False,True,UN_Comtrade_official_public_preview_reporter_query,2026-09-11T16:05:47+00:00
H6,458,MYS,Malaysia,842,USA,USA,False,X,2022,8542,6160431047.154,False,True,UN_Comtrade_official_public_preview_reporter_query,2026-09-11T16:05:47+00:00
H6,458,MYS,Malaysia,858,URY,Uruguay,False,X,2022,8542,6755.166,False,True,UN_Comtrade_official_public_preview_reporter_query,2026-09-11T16:05:47+00:00
H6,458,MYS,Malaysia,882,WSM,Samoa,False,X,2022,8542,5694.062,False,True,UN_Comtrade_official_public_preview_reporter_query,2026-09-11T16:05:47+00:00
H6,458,MYS,Malaysia,899,_X ,"Areas, nes",False,X,2022,8542,64075.006,False,True,UN_Comtrade_official_public_preview_reporter_query,2026-09-11T16:05:47+00:00
H4,704,VNM,Viet Nam,32,ARG,Argentina,False,M,2017,8542,705.2,False,True,UN_Comtrade_official_public_preview_reporter_query,2026-09-11T16:05:47+00:00
H4,704,VNM,Viet Nam,36,AUS,Australia,False,M,2017,8542,111343.6,False,True,UN_Comtrade_official_public_preview_reporter_query,2026-09-11T16:05:47+00:00
H4,704,VNM,Viet Nam,40,AUT,Austria,False,M,2017,8542,3964624.8,False,True,UN_Comtrade_official_public_preview_reporter_query,2026-09-11T16:05:47+00:00
H4,704,VNM,Viet Nam,50,BGD,Bangladesh,False,M,2017,8542,7117.5,False,True,UN_Comtrade_official_public_preview_reporter_query,2026-09-11T16:05:47+00:00
H4,704,VNM,Viet Nam,56,BEL,Belgium,False,M,2017,8542,678930.4,False,True,UN_Comtrade_official_public_preview_reporter_query,2026-09-11T16:05:47+00:00
H4,704,VNM,Viet Nam,76,BRA,Brazil,False,M,2017,8542,4401729.7,False,True,UN_Comtrade_official_public_preview_reporter_query,2026-09-11T16:05:47+00:00
H4,704,VNM,Viet Nam,100,BGR,Bulgaria,False,M,2017,8542,117031.3,False,True,UN_Comtrade_official_public_preview_reporter_query,2026-09-11T16:05:47+00:00
H4,704,VNM,Viet Nam,104,MMR,Myanmar,False,M,2017,8542,25552.4,False,True,UN_Comtrade_official_public_preview_reporter_query,2026-09-11T16:05:47+00:00
H4,704,VNM,Viet Nam,120,CMR,Cameroon,False,M,2017,8542,3115.3,False,True,UN_Comtrade_official_public_preview_reporter_query,2026-09-11T16:05:47+00:00
H4,704,VNM,Viet Nam,124,CAN,Canada,False,M,2017,8542,1419821.6,False,True,UN_Comtrade_official_public_preview_reporter_query,2026-09-11T16:05:47+00:00
H4,704,VNM,Viet Nam,156,CHN,China,False,M,2017,8542,1587233826.2,False,True,UN_Comtrade_official_public_preview_reporter_query,2026-09-11T16:05:47+00:00
H4,704,VNM,Viet Nam,170,COL,Colombia,False,M,2017,8542,4462.9,False,True,UN_Comtrade_official_public_preview_reporter_query,2026-09-11T16:05:47+00:00
H4,704,VNM,Viet Nam,188,CRI,Costa Rica,False,M,2017,8542,566210.5,False,True,UN_Comtrade_official_public_preview_reporter_query,2026-09-11T16:05:47+00:00
H4,704,VNM,Viet Nam,191,HRV,Croatia,False,M,2017,8542,896.5,False,True,UN_Comtrade_official_public_preview_reporter_query,2026-09-11T16:05:47+00:00
H4,704,VNM,Viet Nam,203,CZE,Czechia,False,M,2017,8542,161674.7,False,True,UN_Comtrade_official_public_preview_reporter_query,2026-09-11T16:05:47+00:00
H4,704,VNM,Viet Nam,208,DNK,Denmark,False,M,2017,8542,1608491.2,False,True,UN_Comtrade_official_public_preview_reporter_query,2026-09-11T16:05:47+00:00
H4,704,VNM,Viet Nam,246,FIN,Finland,False,M,2017,8542,9837.8,False,True,UN_Comtrade_official_public_preview_reporter_query,2026-09-11T16:05:47+00:00
H4,704,VNM,Viet Nam,251,FRA,France,False,M,2017,8542,510314.0,False,True,UN_Comtrade_official_public_preview_reporter_query,2026-09-11T16:05:47+00:00
H4,704,VNM,Viet Nam,268,GEO,Georgia,False,M,2017,8542,1165.7,False,True,UN_Comtrade_official_public_preview_reporter_query,2026-09-11T16:05:47+00:00
H4,704,VNM,Viet Nam,276,DEU,Germany,False,M,2017,8542,19348604.1,False,True,UN_Comtrade_official_public_preview_reporter_query,2026-09-11T16:05:47+00:00
H4,704,VNM,Viet Nam,344,HKG,"China, Hong Kong SAR",False,M,2017,8542,40275596.3,False,True,UN_Comtrade_official_public_preview_reporter_query,2026-09-11T16:05:47+00:00
H4,704,VNM,Viet Nam,348,HUN,Hungary,False,M,2017,8542,1671088.3,False,True,UN_Comtrade_official_public_preview_reporter_query,2026-09-11T16:05:47+00:00
H4,704,VNM,Viet Nam,360,IDN,Indonesia,False,M,2017,8542,5501922.5,False,True,UN_Comtrade_official_public_preview_reporter_query,2026-09-11T16:05:47+00:00
H4,704,VNM,Viet Nam,372,IRL,Ireland,False,M,2017,8542,1132451740.7,False,True,UN_Comtrade_official_public_preview_reporter_query,2026-09-11T16:05:47+00:00
H4,704,VNM,Viet Nam,376,ISR,Israel,False,M,2017,8542,203409065.8,False,True,UN_Comtrade_official_public_preview_reporter_query,2026-09-11T16:05:47+00:00
H4,704,VNM,Viet Nam,380,ITA,Italy,False,M,2017,8542,390859.9,False,True,UN_Comtrade_official_public_preview_reporter_query,2026-09-11T16:05:47+00:00
H4,704,VNM,Viet Nam,392,JPN,Japan,False,M,2017,8542,1266390940.1,False,True,UN_Comtrade_official_public_preview_reporter_query,2026-09-11T16:05:47+00:00
H4,704,VNM,Viet Nam,410,KOR,Rep. of Korea,False,M,2017,8542,9245019937.6,False,True,UN_Comtrade_official_public_preview_reporter_query,2026-09-11T16:05:47+00:00
H4,704,VNM,Viet Nam,418,LAO,Lao People's Dem. Rep.,False,M,2017,8542,545.0,False,True,UN_Comtrade_official_public_preview_reporter_query,2026-09-11T16:05:47+00:00
H4,704,VNM,Viet Nam,446,MAC,"China, Macao SAR",False,M,2017,8542,11365.8,False,True,UN_Comtrade_official_public_preview_reporter_query,2026-09-11T16:05:47+00:00
H4,704,VNM,Viet Nam,458,MYS,Malaysia,False,M,2017,8542,239928338.4,False,True,UN_Comtrade_official_public_preview_reporter_query,2026-09-11T16:05:47+00:00
H4,704,VNM,Viet Nam,470,MLT,Malta,False,M,2017,8542,19481858.2,False,True,UN_Comtrade_official_public_preview_reporter_query,2026-09-11T16:05:47+00:00
H4,704,VNM,Viet Nam,484,MEX,Mexico,False,M,2017,8542,163818047.6,False,True,UN_Comtrade_official_public_preview_reporter_query,2026-09-11T16:05:47+00:00
H4,704,VNM,Viet Nam,490,S19,"Other Asia, nes",False,M,2017,8542,3128150679.5,False,True,UN_Comtrade_official_public_preview_reporter_query,2026-09-11T16:05:47+00:00
H4,704,VNM,Viet Nam,504,MAR,Morocco,False,M,2017,8542,1700009.0,False,True,UN_Comtrade_official_public_preview_reporter_query,2026-09-11T16:05:47+00:00
H4,704,VNM,Viet Nam,528,NLD,Netherlands,False,M,2017,8542,152521.2,False,True,UN_Comtrade_official_public_preview_reporter_query,2026-09-11T16:05:47+00:00
H4,704,VNM,Viet Nam,554,NZL,New Zealand,False,M,2017,8542,528.5,False,True,UN_Comtrade_official_public_preview_reporter_query,2026-09-11T16:05:47+00:00
H4,704,VNM,Viet Nam,579,NOR,Norway,False,M,2017,8542,429267.0,False,True,UN_Comtrade_official_public_preview_reporter_query,2026-09-11T16:05:47+00:00
H4,704,VNM,Viet Nam,586,PAK,Pakistan,False,M,2017,8542,19225.0,False,True,UN_Comtrade_official_public_preview_reporter_query,2026-09-11T16:05:47+00:00
H4,704,VNM,Viet Nam,608,PHL,Philippines,False,M,2017,8542,290142341.0,False,True,UN_Comtrade_official_public_preview_reporter_query,2026-09-11T16:05:47+00:00
H4,704,VNM,Viet Nam,616,POL,Poland,False,M,2017,8542,48844.7,False,True,UN_Comtrade_official_public_preview_reporter_query,2026-09-11T16:05:47+00:00
H4,704,VNM,Viet Nam,620,PRT,Portugal,False,M,2017,8542,5515641.9,False,True,UN_Comtrade_official_public_preview_reporter_query,2026-09-11T16:05:47+00:00
H4,704,VNM,Viet Nam,642,ROU,Romania,False,M,2017,8542,14803.5,False,True,UN_Comtrade_official_public_preview_reporter_query,2026-09-11T16:05:47+00:00
H4,704,VNM,Viet Nam,643,RUS,Russian Federation,False,M,2017,8542,131086.2,False,True,UN_Comtrade_official_public_preview_reporter_query,2026-09-11T16:05:47+00:00
H4,704,VNM,Viet Nam,688,SRB,Serbia,False,M,2017,8542,2620.1,False,True,UN_Comtrade_official_public_preview_reporter_query,2026-09-11T16:05:47+00:00
H4,704,VNM,Viet Nam,699,IND,India,False,M,2017,8542,11372075.6,False,True,UN_Comtrade_official_public_preview_reporter_query,2026-09-11T16:05:47+00:00
H4,704,VNM,Viet Nam,702,SGP,Singapore,False,M,2017,8542,600889850.4,False,True,UN_Comtrade_official_public_preview_reporter_query,2026-09-11T16:05:47+00:00
H4,704,VNM,Viet Nam,703,SVK,Slovakia,False,M,2017,8542,1185676.6,False,True,UN_Comtrade_official_public_preview_reporter_query,2026-09-11T16:05:47+00:00
H4,704,VNM,Viet Nam,705,SVN,Slovenia,False,M,2017,8542,1223.8,False,True,UN_Comtrade_official_public_preview_reporter_query,2026-09-11T16:05:47+00:00
H4,704,VNM,Viet Nam,710,ZAF,South Africa,False,M,2017,8542,219369.6,False,True,UN_Comtrade_official_public_preview_reporter_query,2026-09-11T16:05:47+00:00
H4,704,VNM,Viet Nam,724,ESP,Spain,False,M,2017,8542,179973.6,False,True,UN_Comtrade_official_public_preview_reporter_query,2026-09-11T16:05:47+00:00
H4,704,VNM,Viet Nam,752,SWE,Sweden,False,M,2017,8542,27370.4,False,True,UN_Comtrade_official_public_preview_reporter_query,2026-09-11T16:05:47+00:00
H4,704,VNM,Viet Nam,757,CHE,Switzerland,False,M,2017,8542,33440749.8,False,True,UN_Comtrade_official_public_preview_reporter_query,2026-09-11T16:05:47+00:00
H4,704,VNM,Viet Nam,764,THA,Thailand,False,M,2017,8542,253728290.1,False,True,UN_Comtrade_official_public_preview_reporter_query,2026-09-11T16:05:47+00:00
H4,704,VNM,Viet Nam,788,TUN,Tunisia,False,M,2017,8542,3160.1,False,True,UN_Comtrade_official_public_preview_reporter_query,2026-09-11T16:05:47+00:00
H4,704,VNM,Viet Nam,792,TUR,Türkiye,False,M,2017,8542,2395.0,False,True,UN_Comtrade_official_public_preview_reporter_query,2026-09-11T16:05:47+00:00
H4,704,VNM,Viet Nam,804,UKR,Ukraine,False,M,2017,8542,517243.0,False,True,UN_Comtrade_official_public_preview_reporter_query,2026-09-11T16:05:47+00:00
H4,704,VNM,Viet Nam,818,EGY,Egypt,False,M,2017,8542,356585.4,False,True,UN_Comtrade_official_public_preview_reporter_query,2026-09-11T16:05:47+00:00
H4,704,VNM,Viet Nam,826,GBR,United Kingdom,False,M,2017,8542,1117244.4,False,True,UN_Comtrade_official_public_preview_reporter_query,2026-09-11T16:05:47+00:00
H4,704,VNM,Viet Nam,842,USA,USA,False,M,2017,8542,2677348516.5,False,True,UN_Comtrade_official_public_preview_reporter_query,2026-09-11T16:05:47+00:00
H4,704,VNM,Viet Nam,887,YEM,Yemen,False,M,2017,8542,26512.8,False,True,UN_Comtrade_official_public_preview_reporter_query,2026-09-11T16:05:47+00:00
H4,704,VNM,Viet Nam,899,_X ,"Areas, nes",False,M,2017,8542,104317203.5,False,True,UN_Comtrade_official_public_preview_reporter_query,2026-09-11T16:05:47+00:00
H4,704,VNM,Viet Nam,32,ARG,Argentina,False,X,2017,8542,44043.5,False,True,UN_Comtrade_official_public_preview_reporter_query,2026-09-11T16:05:47+00:00
H4,704,VNM,Viet Nam,36,AUS,Australia,False,X,2017,8542,1795888.4,False,True,UN_Comtrade_official_public_preview_reporter_query,2026-09-11T16:05:47+00:00
H4,704,VNM,Viet Nam,40,AUT,Austria,False,X,2017,8542,506034.9,False,True,UN_Comtrade_official_public_preview_reporter_query,2026-09-11T16:05:47+00:00
H4,704,VNM,Viet Nam,56,BEL,Belgium,False,X,2017,8542,32892.9,False,True,UN_Comtrade_official_public_preview_reporter_query,2026-09-11T16:05:47+00:00
H4,704,VNM,Viet Nam,76,BRA,Brazil,False,X,2017,8542,7184297.4,False,True,UN_Comtrade_official_public_preview_reporter_query,2026-09-11T16:05:47+00:00
H4,704,VNM,Viet Nam,104,MMR,Myanmar,False,X,2017,8542,1246.7,False,True,UN_Comtrade_official_public_preview_reporter_query,2026-09-11T16:05:47+00:00
H4,704,VNM,Viet Nam,116,KHM,Cambodia,False,X,2017,8542,1249.4,False,True,UN_Comtrade_official_public_preview_reporter_query,2026-09-11T16:05:47+00:00
H4,704,VNM,Viet Nam,124,CAN,Canada,False,X,2017,8542,145692.4,False,True,UN_Comtrade_official_public_preview_reporter_query,2026-09-11T16:05:47+00:00
H4,704,VNM,Viet Nam,144,LKA,Sri Lanka,False,X,2017,8542,396.0,False,True,UN_Comtrade_official_public_preview_reporter_query,2026-09-11T16:05:47+00:00
H4,704,VNM,Viet Nam,152,CHL,Chile,False,X,2017,8542,4287.1,False,True,UN_Comtrade_official_public_preview_reporter_query,2026-09-11T16:05:47+00:00
H4,704,VNM,Viet Nam,156,CHN,China,False,X,2017,8542,3370578923.0,False,True,UN_Comtrade_official_public_preview_reporter_query,2026-09-11T16:05:47+00:00
H4,704,VNM,Viet Nam,188,CRI,Costa Rica,False,X,2017,8542,110327.2,False,True,UN_Comtrade_official_public_preview_reporter_query,2026-09-11T16:05:47+00:00
H4,704,VNM,Viet Nam,203,CZE,Czechia,False,X,2017,8542,4284.3,False,True,UN_Comtrade_official_public_preview_reporter_query,2026-09-11T16:05:47+00:00
H4,704,VNM,Viet Nam,208,DNK,Denmark,False,X,2017,8542,3203.4,False,True,UN_Comtrade_official_public_preview_reporter_query,2026-09-11T16:05:47+00:00
H4,704,VNM,Viet Nam,218,ECU,Ecuador,False,X,2017,8542,1322463.3,False,True,UN_Comtrade_official_public_preview_reporter_query,2026-09-11T16:05:47+00:00
H4,704,VNM,Viet Nam,233,EST,Estonia,False,X,2017,8542,583.5,False,True,UN_Comtrade_official_public_preview_reporter_query,2026-09-11T16:05:47+00:00
H4,704,VNM,Viet Nam,246,FIN,Finland,False,X,2017,8542,1529342.3,False,True,UN_Comtrade_official_public_preview_reporter_query,2026-09-11T16:05:47+00:00
H4,704,VNM,Viet Nam,251,FRA,France,False,X,2017,8542,28408.5,False,True,UN_Comtrade_official_public_preview_reporter_query,2026-09-11T16:05:47+00:00
H4,704,VNM,Viet Nam,276,DEU,Germany,False,X,2017,8542,2807547.3,False,True,UN_Comtrade_official_public_preview_reporter_query,2026-09-11T16:05:47+00:00
H4,704,VNM,Viet Nam,344,HKG,"China, Hong Kong SAR",False,X,2017,8542,1191838567.3,False,True,UN_Comtrade_official_public_preview_reporter_query,2026-09-11T16:05:47+00:00
H4,704,VNM,Viet Nam,348,HUN,Hungary,False,X,2017,8542,17056.6,False,True,UN_Comtrade_official_public_preview_reporter_query,2026-09-11T16:05:47+00:00
H4,704,VNM,Viet Nam,360,IDN,Indonesia,False,X,2017,8542,5667916.2,False,True,UN_Comtrade_official_public_preview_reporter_query,2026-09-11T16:05:47+00:00
H4,704,VNM,Viet Nam,372,IRL,Ireland,False,X,2017,8542,115243.1,False,True,UN_Comtrade_official_public_preview_reporter_query,2026-09-11T16:05:47+00:00
H4,704,VNM,Viet Nam,376,ISR,Israel,False,X,2017,8542,5278008.6,False,True,UN_Comtrade_official_public_preview_reporter_query,2026-09-11T16:05:47+00:00
H4,704,VNM,Viet Nam,380,ITA,Italy,False,X,2017,8542,292432.1,False,True,UN_Comtrade_official_public_preview_reporter_query,2026-09-11T16:05:47+00:00
H4,704,VNM,Viet Nam,392,JPN,Japan,False,X,2017,8542,95838791.3,False,True,UN_Comtrade_official_public_preview_reporter_query,2026-09-11T16:05:47+00:00
H4,704,VNM,Viet Nam,398,KAZ,Kazakhstan,False,X,2017,8542,28319.7,False,True,UN_Comtrade_official_public_preview_reporter_query,2026-09-11T16:05:47+00:00
H4,704,VNM,Viet Nam,410,KOR,Rep. of Korea,False,X,2017,8542,277891284.9,False,True,UN_Comtrade_official_public_preview_reporter_query,2026-09-11T16:05:47+00:00
H4,704,VNM,Viet Nam,418,LAO,Lao People's Dem. Rep.,False,X,2017,8542,2455.7,False,True,UN_Comtrade_official_public_preview_reporter_query,2026-09-11T16:05:47+00:00
H4,704,VNM,Viet Nam,440,LTU,Lithuania,False,X,2017,8542,2155022.3,False,True,UN_Comtrade_official_public_preview_reporter_query,2026-09-11T16:05:47+00:00
H4,704,VNM,Viet Nam,450,MDG,Madagascar,False,X,2017,8542,366.9,False,True,UN_Comtrade_official_public_preview_reporter_query,2026-09-11T16:05:47+00:00
H4,704,VNM,Viet Nam,458,MYS,Malaysia,False,X,2017,8542,633221834.3,False,True,UN_Comtrade_official_public_preview_reporter_query,2026-09-11T16:05:47+00:00
H4,704,VNM,Viet Nam,466,MLI,Mali,False,X,2017,8542,63640.0,False,True,UN_Comtrade_official_public_preview_reporter_query,2026-09-11T16:05:47+00:00
H4,704,VNM,Viet Nam,484,MEX,Mexico,False,X,2017,8542,19728302.3,False,True,UN_Comtrade_official_public_preview_reporter_query,2026-09-11T16:05:47+00:00
H4,704,VNM,Viet Nam,490,S19,"Other Asia, nes",False,X,2017,8542,142616594.7,False,True,UN_Comtrade_official_public_preview_reporter_query,2026-09-11T16:05:47+00:00
H4,704,VNM,Viet Nam,504,MAR,Morocco,False,X,2017,8542,3933.7,False,True,UN_Comtrade_official_public_preview_reporter_query,2026-09-11T16:05:47+00:00
H4,704,VNM,Viet Nam,512,OMN,Oman,False,X,2017,8542,4936.0,False,True,UN_Comtrade_official_public_preview_reporter_query,2026-09-11T16:05:47+00:00
H4,704,VNM,Viet Nam,528,NLD,Netherlands,False,X,2017,8542,347279762.7,False,True,UN_Comtrade_official_public_preview_reporter_query,2026-09-11T16:05:47+00:00
H4,704,VNM,Viet Nam,554,NZL,New Zealand,False,X,2017,8542,14228.1,False,True,UN_Comtrade_official_public_preview_reporter_query,2026-09-11T16:05:47+00:00
H4,704,VNM,Viet Nam,586,PAK,Pakistan,False,X,2017,8542,1360.0,False,True,UN_Comtrade_official_public_preview_reporter_query,2026-09-11T16:05:47+00:00
H4,704,VNM,Viet Nam,591,PAN,Panama,False,X,2017,8542,5872.5,False,True,UN_Comtrade_official_public_preview_reporter_query,2026-09-11T16:05:47+00:00
H4,704,VNM,Viet Nam,598,PNG,Papua New Guinea,False,X,2017,8542,12875.3,False,True,UN_Comtrade_official_public_preview_reporter_query,2026-09-11T16:05:47+00:00
H4,704,VNM,Viet Nam,604,PER,Peru,False,X,2017,8542,2133.3,False,True,UN_Comtrade_official_public_preview_reporter_query,2026-09-11T16:05:47+00:00
H4,704,VNM,Viet Nam,608,PHL,Philippines,False,X,2017,8542,7478898.5,False,True,UN_Comtrade_official_public_preview_reporter_query,2026-09-11T16:05:47+00:00
H4,704,VNM,Viet Nam,616,POL,Poland,False,X,2017,8542,23935.2,False,True,UN_Comtrade_official_public_preview_reporter_query,2026-09-11T16:05:47+00:00
H4,704,VNM,Viet Nam,620,PRT,Portugal,False,X,2017,8542,301.0,False,True,UN_Comtrade_official_public_preview_reporter_query,2026-09-11T16:05:47+00:00
H4,704,VNM,Viet Nam,642,ROU,Romania,False,X,2017,8542,54193.2,False,True,UN_Comtrade_official_public_preview_reporter_query,2026-09-11T16:05:47+00:00
H4,704,VNM,Viet Nam,643,RUS,Russian Federation,False,X,2017,8542,92716.7,False,True,UN_Comtrade_official_public_preview_reporter_query,2026-09-11T16:05:47+00:00
H4,704,VNM,Viet Nam,682,SAU,Saudi Arabia,False,X,2017,8542,49012.9,False,True,UN_Comtrade_official_public_preview_reporter_query,2026-09-11T16:05:47+00:00
H4,704,VNM,Viet Nam,699,IND,India,False,X,2017,8542,39068635.0,False,True,UN_Comtrade_official_public_preview_reporter_query,2026-09-11T16:05:47+00:00
H4,704,VNM,Viet Nam,702,SGP,Singapore,False,X,2017,8542,237692777.3,False,True,UN_Comtrade_official_public_preview_reporter_query,2026-09-11T16:05:47+00:00
H4,704,VNM,Viet Nam,703,SVK,Slovakia,False,X,2017,8542,63447.9,False,True,UN_Comtrade_official_public_preview_reporter_query,2026-09-11T16:05:47+00:00
H4,704,VNM,Viet Nam,710,ZAF,South Africa,False,X,2017,8542,552676.9,False,True,UN_Comtrade_official_public_preview_reporter_query,2026-09-11T16:05:47+00:00
H4,704,VNM,Viet Nam,724,ESP,Spain,False,X,2017,8542,284491.2,False,True,UN_Comtrade_official_public_preview_reporter_query,2026-09-11T16:05:47+00:00
H4,704,VNM,Viet Nam,752,SWE,Sweden,False,X,2017,8542,2861.7,False,True,UN_Comtrade_official_public_preview_reporter_query,2026-09-11T16:05:47+00:00
H4,704,VNM,Viet Nam,757,CHE,Switzerland,False,X,2017,8542,1865910.2,False,True,UN_Comtrade_official_public_preview_reporter_query,2026-09-11T16:05:47+00:00
H4,704,VNM,Viet Nam,764,THA,Thailand,False,X,2017,8542,12181157.1,False,True,UN_Comtrade_official_public_preview_reporter_query,2026-09-11T16:05:47+00:00
H4,704,VNM,Viet Nam,784,ARE,United Arab Emirates,False,X,2017,8542,18146.1,False,True,UN_Comtrade_official_public_preview_reporter_query,2026-09-11T16:05:47+00:00
H4,704,VNM,Viet Nam,792,TUR,Türkiye,False,X,2017,8542,5537.0,False,True,UN_Comtrade_official_public_preview_reporter_query,2026-09-11T16:05:47+00:00
H4,704,VNM,Viet Nam,818,EGY,Egypt,False,X,2017,8542,450221.5,False,True,UN_Comtrade_official_public_preview_reporter_query,2026-09-11T16:05:47+00:00
H4,704,VNM,Viet Nam,826,GBR,United Kingdom,False,X,2017,8542,739636.8,False,True,UN_Comtrade_official_public_preview_reporter_query,2026-09-11T16:05:47+00:00
H4,704,VNM,Viet Nam,842,USA,USA,False,X,2017,8542,350495267.6,False,True,UN_Comtrade_official_public_preview_reporter_query,2026-09-11T16:05:47+00:00
H4,704,VNM,Viet Nam,860,UZB,Uzbekistan,False,X,2017,8542,10578.5,False,True,UN_Comtrade_official_public_preview_reporter_query,2026-09-11T16:05:47+00:00
H4,704,VNM,Viet Nam,899,_X ,"Areas, nes",False,X,2017,8542,12428076.0,False,True,UN_Comtrade_official_public_preview_reporter_query,2026-09-11T16:05:47+00:00
H6,704,VNM,Viet Nam,36,AUS,Australia,False,M,2022,8542,772466.146,False,True,UN_Comtrade_official_public_preview_reporter_query,2026-09-11T16:05:47+00:00
H6,704,VNM,Viet Nam,40,AUT,Austria,False,M,2022,8542,8891440.706,False,True,UN_Comtrade_official_public_preview_reporter_query,2026-09-11T16:05:47+00:00
H6,704,VNM,Viet Nam,56,BEL,Belgium,False,M,2022,8542,293793.542,False,True,UN_Comtrade_official_public_preview_reporter_query,2026-09-11T16:05:47+00:00
H6,704,VNM,Viet Nam,76,BRA,Brazil,False,M,2022,8542,13796681.187,False,True,UN_Comtrade_official_public_preview_reporter_query,2026-09-11T16:05:47+00:00
H6,704,VNM,Viet Nam,100,BGR,Bulgaria,False,M,2022,8542,35421.812,False,True,UN_Comtrade_official_public_preview_reporter_query,2026-09-11T16:05:47+00:00
H6,704,VNM,Viet Nam,104,MMR,Myanmar,False,M,2022,8542,1449026.27,False,True,UN_Comtrade_official_public_preview_reporter_query,2026-09-11T16:05:47+00:00
H6,704,VNM,Viet Nam,116,KHM,Cambodia,False,M,2022,8542,15278.0,False,True,UN_Comtrade_official_public_preview_reporter_query,2026-09-11T16:05:47+00:00
H6,704,VNM,Viet Nam,124,CAN,Canada,False,M,2022,8542,8134004.293,False,True,UN_Comtrade_official_public_preview_reporter_query,2026-09-11T16:05:47+00:00
H6,704,VNM,Viet Nam,144,LKA,Sri Lanka,False,M,2022,8542,5200.0,False,True,UN_Comtrade_official_public_preview_reporter_query,2026-09-11T16:05:47+00:00
H6,704,VNM,Viet Nam,156,CHN,China,False,M,2022,8542,9795037790.642,False,True,UN_Comtrade_official_public_preview_reporter_query,2026-09-11T16:05:47+00:00
H6,704,VNM,Viet Nam,170,COL,Colombia,False,M,2022,8542,4173.285,False,True,UN_Comtrade_official_public_preview_reporter_query,2026-09-11T16:05:47+00:00
H6,704,VNM,Viet Nam,188,CRI,Costa Rica,False,M,2022,8542,1515765.871,False,True,UN_Comtrade_official_public_preview_reporter_query,2026-09-11T16:05:47+00:00
H6,704,VNM,Viet Nam,191,HRV,Croatia,False,M,2022,8542,12007.4,False,True,UN_Comtrade_official_public_preview_reporter_query,2026-09-11T16:05:47+00:00
H6,704,VNM,Viet Nam,203,CZE,Czechia,False,M,2022,8542,57925.955,False,True,UN_Comtrade_official_public_preview_reporter_query,2026-09-11T16:05:47+00:00
H6,704,VNM,Viet Nam,208,DNK,Denmark,False,M,2022,8542,1888086.249,False,True,UN_Comtrade_official_public_preview_reporter_query,2026-09-11T16:05:47+00:00
H6,704,VNM,Viet Nam,233,EST,Estonia,False,M,2022,8542,25873.706,False,True,UN_Comtrade_official_public_preview_reporter_query,2026-09-11T16:05:47+00:00
H6,704,VNM,Viet Nam,246,FIN,Finland,False,M,2022,8542,1082822.516,False,True,UN_Comtrade_official_public_preview_reporter_query,2026-09-11T16:05:47+00:00
H6,704,VNM,Viet Nam,251,FRA,France,False,M,2022,8542,14147172.525,False,True,UN_Comtrade_official_public_preview_reporter_query,2026-09-11T16:05:47+00:00
H6,704,VNM,Viet Nam,276,DEU,Germany,False,M,2022,8542,170648076.413,False,True,UN_Comtrade_official_public_preview_reporter_query,2026-09-11T16:05:47+00:00
H6,704,VNM,Viet Nam,344,HKG,"China, Hong Kong SAR",False,M,2022,8542,399385806.824,False,True,UN_Comtrade_official_public_preview_reporter_query,2026-09-11T16:05:47+00:00
H6,704,VNM,Viet Nam,348,HUN,Hungary,False,M,2022,8542,3180812.202,False,True,UN_Comtrade_official_public_preview_reporter_query,2026-09-11T16:05:47+00:00
H6,704,VNM,Viet Nam,360,IDN,Indonesia,False,M,2022,8542,22950467.261,False,True,UN_Comtrade_official_public_preview_reporter_query,2026-09-11T16:05:47+00:00
H6,704,VNM,Viet Nam,372,IRL,Ireland,False,M,2022,8542,3047050174.522,False,True,UN_Comtrade_official_public_preview_reporter_query,2026-09-11T16:05:47+00:00
H6,704,VNM,Viet Nam,376,ISR,Israel,False,M,2022,8542,1202455670.16,False,True,UN_Comtrade_official_public_preview_reporter_query,2026-09-11T16:05:47+00:00
H6,704,VNM,Viet Nam,380,ITA,Italy,False,M,2022,8542,6029573.903,False,True,UN_Comtrade_official_public_preview_reporter_query,2026-09-11T16:05:47+00:00
H6,704,VNM,Viet Nam,392,JPN,Japan,False,M,2022,8542,4126029236.714,False,True,UN_Comtrade_official_public_preview_reporter_query,2026-09-11T16:05:47+00:00
H6,704,VNM,Viet Nam,410,KOR,Rep. of Korea,False,M,2022,8542,19485455503.79,False,True,UN_Comtrade_official_public_preview_reporter_query,2026-09-11T16:05:47+00:00
H6,704,VNM,Viet Nam,414,KWT,Kuwait,False,M,2022,8542,105855.813,False,True,UN_Comtrade_official_public_preview_reporter_query,2026-09-11T16:05:47+00:00
H6,704,VNM,Viet Nam,428,LVA,Latvia,False,M,2022,8542,2075.608,False,True,UN_Comtrade_official_public_preview_reporter_query,2026-09-11T16:05:47+00:00
H6,704,VNM,Viet Nam,440,LTU,Lithuania,False,M,2022,8542,17732.191,False,True,UN_Comtrade_official_public_preview_reporter_query,2026-09-11T16:05:47+00:00
H6,704,VNM,Viet Nam,442,LUX,Luxembourg,False,M,2022,8542,606.39,False,True,UN_Comtrade_official_public_preview_reporter_query,2026-09-11T16:05:47+00:00
H6,704,VNM,Viet Nam,458,MYS,Malaysia,False,M,2022,8542,742279619.485,False,True,UN_Comtrade_official_public_preview_reporter_query,2026-09-11T16:05:47+00:00
H6,704,VNM,Viet Nam,470,MLT,Malta,False,M,2022,8542,26401950.188,False,True,UN_Comtrade_official_public_preview_reporter_query,2026-09-11T16:05:47+00:00
H6,704,VNM,Viet Nam,484,MEX,Mexico,False,M,2022,8542,428775058.673,False,True,UN_Comtrade_official_public_preview_reporter_query,2026-09-11T16:05:47+00:00
H6,704,VNM,Viet Nam,490,S19,"Other Asia, nes",False,M,2022,8542,9643367192.499,False,True,UN_Comtrade_official_public_preview_reporter_query,2026-09-11T16:05:47+00:00
H6,704,VNM,Viet Nam,504,MAR,Morocco,False,M,2022,8542,3671973.873,False,True,UN_Comtrade_official_public_preview_reporter_query,2026-09-11T16:05:47+00:00
H6,704,VNM,Viet Nam,528,NLD,Netherlands,False,M,2022,8542,730245.962,False,True,UN_Comtrade_official_public_preview_reporter_query,2026-09-11T16:05:47+00:00
H6,704,VNM,Viet Nam,554,NZL,New Zealand,False,M,2022,8542,193179.612,False,True,UN_Comtrade_official_public_preview_reporter_query,2026-09-11T16:05:47+00:00
H6,704,VNM,Viet Nam,579,NOR,Norway,False,M,2022,8542,155291.311,False,True,UN_Comtrade_official_public_preview_reporter_query,2026-09-11T16:05:47+00:00
H6,704,VNM,Viet Nam,608,PHL,Philippines,False,M,2022,8542,939453571.454,False,True,UN_Comtrade_official_public_preview_reporter_query,2026-09-11T16:05:47+00:00
H6,704,VNM,Viet Nam,616,POL,Poland,False,M,2022,8542,921233.122,False,True,UN_Comtrade_official_public_preview_reporter_query,2026-09-11T16:05:47+00:00
H6,704,VNM,Viet Nam,620,PRT,Portugal,False,M,2022,8542,11144721.649,False,True,UN_Comtrade_official_public_preview_reporter_query,2026-09-11T16:05:47+00:00
H6,704,VNM,Viet Nam,642,ROU,Romania,False,M,2022,8542,607911.111,False,True,UN_Comtrade_official_public_preview_reporter_query,2026-09-11T16:05:47+00:00
H6,704,VNM,Viet Nam,643,RUS,Russian Federation,False,M,2022,8542,211177.719,False,True,UN_Comtrade_official_public_preview_reporter_query,2026-09-11T16:05:47+00:00
H6,704,VNM,Viet Nam,686,SEN,Senegal,False,M,2022,8542,67850.0,False,True,UN_Comtrade_official_public_preview_reporter_query,2026-09-11T16:05:47+00:00
H6,704,VNM,Viet Nam,699,IND,India,False,M,2022,8542,26627599.281,False,True,UN_Comtrade_official_public_preview_reporter_query,2026-09-11T16:05:47+00:00
H6,704,VNM,Viet Nam,702,SGP,Singapore,False,M,2022,8542,402204977.302,False,True,UN_Comtrade_official_public_preview_reporter_query,2026-09-11T16:05:47+00:00
H6,704,VNM,Viet Nam,703,SVK,Slovakia,False,M,2022,8542,5313098.828,False,True,UN_Comtrade_official_public_preview_reporter_query,2026-09-11T16:05:47+00:00
H6,704,VNM,Viet Nam,705,SVN,Slovenia,False,M,2022,8542,23022.48,False,True,UN_Comtrade_official_public_preview_reporter_query,2026-09-11T16:05:47+00:00
H6,704,VNM,Viet Nam,710,ZAF,South Africa,False,M,2022,8542,224780.94,False,True,UN_Comtrade_official_public_preview_reporter_query,2026-09-11T16:05:47+00:00
H6,704,VNM,Viet Nam,724,ESP,Spain,False,M,2022,8542,5268246.555,False,True,UN_Comtrade_official_public_preview_reporter_query,2026-09-11T16:05:47+00:00
H6,704,VNM,Viet Nam,752,SWE,Sweden,False,M,2022,8542,431738.655,False,True,UN_Comtrade_official_public_preview_reporter_query,2026-09-11T16:05:47+00:00
H6,704,VNM,Viet Nam,757,CHE,Switzerland,False,M,2022,8542,85494478.835,False,True,UN_Comtrade_official_public_preview_reporter_query,2026-09-11T16:05:47+00:00
H6,704,VNM,Viet Nam,764,THA,Thailand,False,M,2022,8542,432982722.357,False,True,UN_Comtrade_official_public_preview_reporter_query,2026-09-11T16:05:47+00:00
H6,704,VNM,Viet Nam,784,ARE,United Arab Emirates,False,M,2022,8542,16708432.912,False,True,UN_Comtrade_official_public_preview_reporter_query,2026-09-11T16:05:47+00:00
H6,704,VNM,Viet Nam,788,TUN,Tunisia,False,M,2022,8542,65007.12,False,True,UN_Comtrade_official_public_preview_reporter_query,2026-09-11T16:05:47+00:00
H6,704,VNM,Viet Nam,792,TUR,Türkiye,False,M,2022,8542,827667.077,False,True,UN_Comtrade_official_public_preview_reporter_query,2026-09-11T16:05:47+00:00
H6,704,VNM,Viet Nam,804,UKR,Ukraine,False,M,2022,8542,4225.0,False,True,UN_Comtrade_official_public_preview_reporter_query,2026-09-11T16:05:47+00:00
H6,704,VNM,Viet Nam,818,EGY,Egypt,False,M,2022,8542,674878.79,False,True,UN_Comtrade_official_public_preview_reporter_query,2026-09-11T16:05:47+00:00
H6,704,VNM,Viet Nam,826,GBR,United Kingdom,False,M,2022,8542,885327.615,False,True,UN_Comtrade_official_public_preview_reporter_query,2026-09-11T16:05:47+00:00
H6,704,VNM,Viet Nam,842,USA,USA,False,M,2022,8542,3257468722.018,False,True,UN_Comtrade_official_public_preview_reporter_query,2026-09-11T16:05:47+00:00
H6,704,VNM,Viet Nam,862,VEN,Venezuela,False,M,2022,8542,4557.13,False,True,UN_Comtrade_official_public_preview_reporter_query,2026-09-11T16:05:47+00:00
H6,704,VNM,Viet Nam,32,ARG,Argentina,False,X,2022,8542,17277.72,False,True,UN_Comtrade_official_public_preview_reporter_query,2026-09-11T16:05:47+00:00
H6,704,VNM,Viet Nam,36,AUS,Australia,False,X,2022,8542,1865370.692,False,True,UN_Comtrade_official_public_preview_reporter_query,2026-09-11T16:05:47+00:00
H6,704,VNM,Viet Nam,40,AUT,Austria,False,X,2022,8542,938947.474,False,True,UN_Comtrade_official_public_preview_reporter_query,2026-09-11T16:05:47+00:00
H6,704,VNM,Viet Nam,50,BGD,Bangladesh,False,X,2022,8542,15194.34,False,True,UN_Comtrade_official_public_preview_reporter_query,2026-09-11T16:05:47+00:00
H6,704,VNM,Viet Nam,56,BEL,Belgium,False,X,2022,8542,215992.926,False,True,UN_Comtrade_official_public_preview_reporter_query,2026-09-11T16:05:47+00:00
H6,704,VNM,Viet Nam,76,BRA,Brazil,False,X,2022,8542,183439107.735,False,True,UN_Comtrade_official_public_preview_reporter_query,2026-09-11T16:05:47+00:00
H6,704,VNM,Viet Nam,100,BGR,Bulgaria,False,X,2022,8542,15999.277,False,True,UN_Comtrade_official_public_preview_reporter_query,2026-09-11T16:05:47+00:00
H6,704,VNM,Viet Nam,116,KHM,Cambodia,False,X,2022,8542,102715.45,False,True,UN_Comtrade_official_public_preview_reporter_query,2026-09-11T16:05:47+00:00
H6,704,VNM,Viet Nam,124,CAN,Canada,False,X,2022,8542,8975116.341,False,True,UN_Comtrade_official_public_preview_reporter_query,2026-09-11T16:05:47+00:00
H6,704,VNM,Viet Nam,144,LKA,Sri Lanka,False,X,2022,8542,2952.8,False,True,UN_Comtrade_official_public_preview_reporter_query,2026-09-11T16:05:47+00:00
H6,704,VNM,Viet Nam,152,CHL,Chile,False,X,2022,8542,42279.9,False,True,UN_Comtrade_official_public_preview_reporter_query,2026-09-11T16:05:47+00:00
H6,704,VNM,Viet Nam,156,CHN,China,False,X,2022,8542,6848344849.236,False,True,UN_Comtrade_official_public_preview_reporter_query,2026-09-11T16:05:47+00:00
H6,704,VNM,Viet Nam,188,CRI,Costa Rica,False,X,2022,8542,1916802.55,False,True,UN_Comtrade_official_public_preview_reporter_query,2026-09-11T16:05:47+00:00
H6,704,VNM,Viet Nam,196,CYP,Cyprus,False,X,2022,8542,981.0,False,True,UN_Comtrade_official_public_preview_reporter_query,2026-09-11T16:05:47+00:00
H6,704,VNM,Viet Nam,203,CZE,Czechia,False,X,2022,8542,334731.73,False,True,UN_Comtrade_official_public_preview_reporter_query,2026-09-11T16:05:47+00:00
H6,704,VNM,Viet Nam,208,DNK,Denmark,False,X,2022,8542,651.51,False,True,UN_Comtrade_official_public_preview_reporter_query,2026-09-11T16:05:47+00:00
H6,704,VNM,Viet Nam,246,FIN,Finland,False,X,2022,8542,2558670.49,False,True,UN_Comtrade_official_public_preview_reporter_query,2026-09-11T16:05:47+00:00
H6,704,VNM,Viet Nam,251,FRA,France,False,X,2022,8542,1891785.59,False,True,UN_Comtrade_official_public_preview_reporter_query,2026-09-11T16:05:47+00:00
H6,704,VNM,Viet Nam,276,DEU,Germany,False,X,2022,8542,19181332.298,False,True,UN_Comtrade_official_public_preview_reporter_query,2026-09-11T16:05:47+00:00
H6,704,VNM,Viet Nam,288,GHA,Ghana,False,X,2022,8542,1300.0,False,True,UN_Comtrade_official_public_preview_reporter_query,2026-09-11T16:05:47+00:00
H6,704,VNM,Viet Nam,300,GRC,Greece,False,X,2022,8542,10225.287,False,True,UN_Comtrade_official_public_preview_reporter_query,2026-09-11T16:05:47+00:00
H6,704,VNM,Viet Nam,344,HKG,"China, Hong Kong SAR",False,X,2022,8542,2583583185.879,False,True,UN_Comtrade_official_public_preview_reporter_query,2026-09-11T16:05:47+00:00
H6,704,VNM,Viet Nam,348,HUN,Hungary,False,X,2022,8542,3741496.959,False,True,UN_Comtrade_official_public_preview_reporter_query,2026-09-11T16:05:47+00:00
H6,704,VNM,Viet Nam,360,IDN,Indonesia,False,X,2022,8542,34694871.199,False,True,UN_Comtrade_official_public_preview_reporter_query,2026-09-11T16:05:47+00:00
H6,704,VNM,Viet Nam,372,IRL,Ireland,False,X,2022,8542,343343.5,False,True,UN_Comtrade_official_public_preview_reporter_query,2026-09-11T16:05:47+00:00
H6,704,VNM,Viet Nam,376,ISR,Israel,False,X,2022,8542,22342277.018,False,True,UN_Comtrade_official_public_preview_reporter_query,2026-09-11T16:05:47+00:00
H6,704,VNM,Viet Nam,380,ITA,Italy,False,X,2022,8542,1379225.264,False,True,UN_Comtrade_official_public_preview_reporter_query,2026-09-11T16:05:47+00:00
H6,704,VNM,Viet Nam,392,JPN,Japan,False,X,2022,8542,243035038.046,False,True,UN_Comtrade_official_public_preview_reporter_query,2026-09-11T16:05:47+00:00
H6,704,VNM,Viet Nam,410,KOR,Rep. of Korea,False,X,2022,8542,359797729.115,False,True,UN_Comtrade_official_public_preview_reporter_query,2026-09-11T16:05:47+00:00
H6,704,VNM,Viet Nam,418,LAO,Lao People's Dem. Rep.,False,X,2022,8542,6278.557,False,True,UN_Comtrade_official_public_preview_reporter_query,2026-09-11T16:05:47+00:00
H6,704,VNM,Viet Nam,440,LTU,Lithuania,False,X,2022,8542,22480.4,False,True,UN_Comtrade_official_public_preview_reporter_query,2026-09-11T16:05:47+00:00
H6,704,VNM,Viet Nam,458,MYS,Malaysia,False,X,2022,8542,518067839.654,False,True,UN_Comtrade_official_public_preview_reporter_query,2026-09-11T16:05:47+00:00
H6,704,VNM,Viet Nam,484,MEX,Mexico,False,X,2022,8542,51588963.434,False,True,UN_Comtrade_official_public_preview_reporter_query,2026-09-11T16:05:47+00:00
H6,704,VNM,Viet Nam,490,S19,"Other Asia, nes",False,X,2022,8542,318395991.021,False,True,UN_Comtrade_official_public_preview_reporter_query,2026-09-11T16:05:47+00:00
H6,704,VNM,Viet Nam,528,NLD,Netherlands,False,X,2022,8542,414645784.831,False,True,UN_Comtrade_official_public_preview_reporter_query,2026-09-11T16:05:47+00:00
H6,704,VNM,Viet Nam,554,NZL,New Zealand,False,X,2022,8542,391103.03,False,True,UN_Comtrade_official_public_preview_reporter_query,2026-09-11T16:05:47+00:00
H6,704,VNM,Viet Nam,566,NGA,Nigeria,False,X,2022,8542,500.0,False,True,UN_Comtrade_official_public_preview_reporter_query,2026-09-11T16:05:47+00:00
H6,704,VNM,Viet Nam,579,NOR,Norway,False,X,2022,8542,22534.7,False,True,UN_Comtrade_official_public_preview_reporter_query,2026-09-11T16:05:47+00:00
H6,704,VNM,Viet Nam,586,PAK,Pakistan,False,X,2022,8542,711.79,False,True,UN_Comtrade_official_public_preview_reporter_query,2026-09-11T16:05:47+00:00
H6,704,VNM,Viet Nam,591,PAN,Panama,False,X,2022,8542,42869.78,False,True,UN_Comtrade_official_public_preview_reporter_query,2026-09-11T16:05:47+00:00
H6,704,VNM,Viet Nam,600,PRY,Paraguay,False,X,2022,8542,1602.99,False,True,UN_Comtrade_official_public_preview_reporter_query,2026-09-11T16:05:47+00:00
H6,704,VNM,Viet Nam,608,PHL,Philippines,False,X,2022,8542,12224412.381,False,True,UN_Comtrade_official_public_preview_reporter_query,2026-09-11T16:05:47+00:00
H6,704,VNM,Viet Nam,616,POL,Poland,False,X,2022,8542,3178155.565,False,True,UN_Comtrade_official_public_preview_reporter_query,2026-09-11T16:05:47+00:00
H6,704,VNM,Viet Nam,620,PRT,Portugal,False,X,2022,8542,4354.71,False,True,UN_Comtrade_official_public_preview_reporter_query,2026-09-11T16:05:47+00:00
H6,704,VNM,Viet Nam,642,ROU,Romania,False,X,2022,8542,65841.713,False,True,UN_Comtrade_official_public_preview_reporter_query,2026-09-11T16:05:47+00:00
H6,704,VNM,Viet Nam,643,RUS,Russian Federation,False,X,2022,8542,605104.941,False,True,UN_Comtrade_official_public_preview_reporter_query,2026-09-11T16:05:47+00:00
H6,704,VNM,Viet Nam,699,IND,India,False,X,2022,8542,188831052.049,False,True,UN_Comtrade_official_public_preview_reporter_query,2026-09-11T16:05:47+00:00
H6,704,VNM,Viet Nam,702,SGP,Singapore,False,X,2022,8542,624406395.816,False,True,UN_Comtrade_official_public_preview_reporter_query,2026-09-11T16:05:47+00:00
H6,704,VNM,Viet Nam,703,SVK,Slovakia,False,X,2022,8542,899369.032,False,True,UN_Comtrade_official_public_preview_reporter_query,2026-09-11T16:05:47+00:00
H6,704,VNM,Viet Nam,705,SVN,Slovenia,False,X,2022,8542,1860876.094,False,True,UN_Comtrade_official_public_preview_reporter_query,2026-09-11T16:05:47+00:00
H6,704,VNM,Viet Nam,710,ZAF,South Africa,False,X,2022,8542,27919.65,False,True,UN_Comtrade_official_public_preview_reporter_query,2026-09-11T16:05:47+00:00
H6,704,VNM,Viet Nam,724,ESP,Spain,False,X,2022,8542,6598926.605,False,True,UN_Comtrade_official_public_preview_reporter_query,2026-09-11T16:05:47+00:00
H6,704,VNM,Viet Nam,752,SWE,Sweden,False,X,2022,8542,839836.874,False,True,UN_Comtrade_official_public_preview_reporter_query,2026-09-11T16:05:47+00:00
H6,704,VNM,Viet Nam,757,CHE,Switzerland,False,X,2022,8542,22050109.631,False,True,UN_Comtrade_official_public_preview_reporter_query,2026-09-11T16:05:47+00:00
H6,704,VNM,Viet Nam,764,THA,Thailand,False,X,2022,8542,44763128.399,False,True,UN_Comtrade_official_public_preview_reporter_query,2026-09-11T16:05:47+00:00
H6,704,VNM,Viet Nam,784,ARE,United Arab Emirates,False,X,2022,8542,46209.537,False,True,UN_Comtrade_official_public_preview_reporter_query,2026-09-11T16:05:47+00:00
H6,704,VNM,Viet Nam,792,TUR,Türkiye,False,X,2022,8542,100267684.54,False,True,UN_Comtrade_official_public_preview_reporter_query,2026-09-11T16:05:47+00:00
H6,704,VNM,Viet Nam,818,EGY,Egypt,False,X,2022,8542,8226757.911,False,True,UN_Comtrade_official_public_preview_reporter_query,2026-09-11T16:05:47+00:00
H6,704,VNM,Viet Nam,826,GBR,United Kingdom,False,X,2022,8542,3329699.142,False,True,UN_Comtrade_official_public_preview_reporter_query,2026-09-11T16:05:47+00:00
H6,704,VNM,Viet Nam,842,USA,USA,False,X,2022,8542,617674661.47,False,True,UN_Comtrade_official_public_preview_reporter_query,2026-09-11T16:05:47+00:00
H6,704,VNM,Viet Nam,862,VEN,Venezuela,False,X,2022,8542,2496.44,False,True,UN_Comtrade_official_public_preview_reporter_query,2026-09-11T16:05:47+00:00
H4,702,SGP,Singapore,4,AFG,Afghanistan,False,M,2017,8542,104561.541,False,True,UN_Comtrade_official_public_preview_reporter_query,2026-09-11T16:05:47+00:00
H4,702,SGP,Singapore,20,AND,Andorra,False,M,2017,8542,21625.129,False,True,UN_Comtrade_official_public_preview_reporter_query,2026-09-11T16:05:47+00:00
H4,702,SGP,Singapore,32,ARG,Argentina,False,M,2017,8542,52.882,False,True,UN_Comtrade_official_public_preview_reporter_query,2026-09-11T16:05:47+00:00
H4,702,SGP,Singapore,36,AUS,Australia,False,M,2017,8542,5703811.08,False,True,UN_Comtrade_official_public_preview_reporter_query,2026-09-11T16:05:47+00:00
H4,702,SGP,Singapore,40,AUT,Austria,False,M,2017,8542,117965950.053,False,True,UN_Comtrade_official_public_preview_reporter_query,2026-09-11T16:05:47+00:00
H4,702,SGP,Singapore,50,BGD,Bangladesh,False,M,2017,8542,3750.278,False,True,UN_Comtrade_official_public_preview_reporter_query,2026-09-11T16:05:47+00:00
H4,702,SGP,Singapore,51,ARM,Armenia,False,M,2017,8542,32507.237,False,True,UN_Comtrade_official_public_preview_reporter_query,2026-09-11T16:05:47+00:00
H4,702,SGP,Singapore,52,BRB,Barbados,False,M,2017,8542,84330.18,False,True,UN_Comtrade_official_public_preview_reporter_query,2026-09-11T16:05:47+00:00
H4,702,SGP,Singapore,56,BEL,Belgium,False,M,2017,8542,4172788.594,False,True,UN_Comtrade_official_public_preview_reporter_query,2026-09-11T16:05:47+00:00
H4,702,SGP,Singapore,60,BMU,Bermuda,False,M,2017,8542,16849.809,False,True,UN_Comtrade_official_public_preview_reporter_query,2026-09-11T16:05:47+00:00
H4,702,SGP,Singapore,68,BOL,Bolivia (Plurinational State of),False,M,2017,8542,7990.982,False,True,UN_Comtrade_official_public_preview_reporter_query,2026-09-11T16:05:47+00:00
H4,702,SGP,Singapore,70,BIH,Bosnia Herzegovina,False,M,2017,8542,21223.081,False,True,UN_Comtrade_official_public_preview_reporter_query,2026-09-11T16:05:47+00:00
H4,702,SGP,Singapore,76,BRA,Brazil,False,M,2017,8542,707189.968,False,True,UN_Comtrade_official_public_preview_reporter_query,2026-09-11T16:05:47+00:00
H4,702,SGP,Singapore,96,BRN,Brunei Darussalam,False,M,2017,8542,2176.856,False,True,UN_Comtrade_official_public_preview_reporter_query,2026-09-11T16:05:47+00:00
H4,702,SGP,Singapore,100,BGR,Bulgaria,False,M,2017,8542,1699564.042,False,True,UN_Comtrade_official_public_preview_reporter_query,2026-09-11T16:05:47+00:00
H4,702,SGP,Singapore,104,MMR,Myanmar,False,M,2017,8542,4059.601,False,True,UN_Comtrade_official_public_preview_reporter_query,2026-09-11T16:05:47+00:00
H4,702,SGP,Singapore,112,BLR,Belarus,False,M,2017,8542,26842.34,False,True,UN_Comtrade_official_public_preview_reporter_query,2026-09-11T16:05:47+00:00
H4,702,SGP,Singapore,120,CMR,Cameroon,False,M,2017,8542,157060.36,False,True,UN_Comtrade_official_public_preview_reporter_query,2026-09-11T16:05:47+00:00
H4,702,SGP,Singapore,124,CAN,Canada,False,M,2017,8542,52419356.434,False,True,UN_Comtrade_official_public_preview_reporter_query,2026-09-11T16:05:47+00:00
H4,702,SGP,Singapore,144,LKA,Sri Lanka,False,M,2017,8542,28422.281,False,True,UN_Comtrade_official_public_preview_reporter_query,2026-09-11T16:05:47+00:00
H4,702,SGP,Singapore,152,CHL,Chile,False,M,2017,8542,9228.277,False,True,UN_Comtrade_official_public_preview_reporter_query,2026-09-11T16:05:47+00:00
H4,702,SGP,Singapore,156,CHN,China,False,M,2017,8542,6230601510.291,False,True,UN_Comtrade_official_public_preview_reporter_query,2026-09-11T16:05:47+00:00
H4,702,SGP,Singapore,166,CCK,Cocos Isds,False,M,2017,8542,6985.499,False,True,UN_Comtrade_official_public_preview_reporter_query,2026-09-11T16:05:47+00:00
H4,702,SGP,Singapore,170,COL,Colombia,False,M,2017,8542,2865.047,False,True,UN_Comtrade_official_public_preview_reporter_query,2026-09-11T16:05:47+00:00
H4,702,SGP,Singapore,188,CRI,Costa Rica,False,M,2017,8542,2836463.986,False,True,UN_Comtrade_official_public_preview_reporter_query,2026-09-11T16:05:47+00:00
H4,702,SGP,Singapore,191,HRV,Croatia,False,M,2017,8542,30607.83,False,True,UN_Comtrade_official_public_preview_reporter_query,2026-09-11T16:05:47+00:00
H4,702,SGP,Singapore,203,CZE,Czechia,False,M,2017,8542,13159793.682,False,True,UN_Comtrade_official_public_preview_reporter_query,2026-09-11T16:05:47+00:00
H4,702,SGP,Singapore,208,DNK,Denmark,False,M,2017,8542,389545.711,False,True,UN_Comtrade_official_public_preview_reporter_query,2026-09-11T16:05:47+00:00
H4,702,SGP,Singapore,214,DOM,Dominican Rep.,False,M,2017,8542,28467.919,False,True,UN_Comtrade_official_public_preview_reporter_query,2026-09-11T16:05:47+00:00
H4,702,SGP,Singapore,222,SLV,El Salvador,False,M,2017,8542,168974.03,False,True,UN_Comtrade_official_public_preview_reporter_query,2026-09-11T16:05:47+00:00
H4,702,SGP,Singapore,231,ETH,Ethiopia,False,M,2017,8542,951015.979,False,True,UN_Comtrade_official_public_preview_reporter_query,2026-09-11T16:05:47+00:00
H4,702,SGP,Singapore,232,ERI,Eritrea,False,M,2017,8542,494.049,False,True,UN_Comtrade_official_public_preview_reporter_query,2026-09-11T16:05:47+00:00
H4,702,SGP,Singapore,233,EST,Estonia,False,M,2017,8542,403.497,False,True,UN_Comtrade_official_public_preview_reporter_query,2026-09-11T16:05:47+00:00
H4,702,SGP,Singapore,246,FIN,Finland,False,M,2017,8542,364121.768,False,True,UN_Comtrade_official_public_preview_reporter_query,2026-09-11T16:05:47+00:00
H4,702,SGP,Singapore,251,FRA,France,False,M,2017,8542,609755600.028,False,True,UN_Comtrade_official_public_preview_reporter_query,2026-09-11T16:05:47+00:00
H4,702,SGP,Singapore,258,PYF,French Polynesia,False,M,2017,8542,1767.564,False,True,UN_Comtrade_official_public_preview_reporter_query,2026-09-11T16:05:47+00:00
H4,702,SGP,Singapore,266,GAB,Gabon,False,M,2017,8542,15220.608,False,True,UN_Comtrade_official_public_preview_reporter_query,2026-09-11T16:05:47+00:00
H4,702,SGP,Singapore,268,GEO,Georgia,False,M,2017,8542,75.339,False,True,UN_Comtrade_official_public_preview_reporter_query,2026-09-11T16:05:47+00:00
H4,702,SGP,Singapore,276,DEU,Germany,False,M,2017,8542,733093908.898,False,True,UN_Comtrade_official_public_preview_reporter_query,2026-09-11T16:05:47+00:00
H4,702,SGP,Singapore,300,GRC,Greece,False,M,2017,8542,19339.611,False,True,UN_Comtrade_official_public_preview_reporter_query,2026-09-11T16:05:47+00:00
H4,702,SGP,Singapore,316,GUM,Guam,False,M,2017,8542,738.9,False,True,UN_Comtrade_official_public_preview_reporter_query,2026-09-11T16:05:47+00:00
H4,702,SGP,Singapore,340,HND,Honduras,False,M,2017,8542,306464.416,False,True,UN_Comtrade_official_public_preview_reporter_query,2026-09-11T16:05:47+00:00
H4,702,SGP,Singapore,344,HKG,"China, Hong Kong SAR",False,M,2017,8542,236561516.479,False,True,UN_Comtrade_official_public_preview_reporter_query,2026-09-11T16:05:47+00:00
H4,702,SGP,Singapore,348,HUN,Hungary,False,M,2017,8542,1599953.128,False,True,UN_Comtrade_official_public_preview_reporter_query,2026-09-11T16:05:47+00:00
H4,702,SGP,Singapore,352,ISL,Iceland,False,M,2017,8542,36489.327,False,True,UN_Comtrade_official_public_preview_reporter_query,2026-09-11T16:05:47+00:00
H4,702,SGP,Singapore,360,IDN,Indonesia,False,M,2017,8542,334242526.761,False,True,UN_Comtrade_official_public_preview_reporter_query,2026-09-11T16:05:47+00:00
H4,702,SGP,Singapore,368,IRQ,Iraq,False,M,2017,8542,5010.754,False,True,UN_Comtrade_official_public_preview_reporter_query,2026-09-11T16:05:47+00:00
H4,702,SGP,Singapore,372,IRL,Ireland,False,M,2017,8542,7378438.708,False,True,UN_Comtrade_official_public_preview_reporter_query,2026-09-11T16:05:47+00:00
H4,702,SGP,Singapore,376,ISR,Israel,False,M,2017,8542,39725135.439,False,True,UN_Comtrade_official_public_preview_reporter_query,2026-09-11T16:05:47+00:00
H4,702,SGP,Singapore,380,ITA,Italy,False,M,2017,8542,442250916.922,False,True,UN_Comtrade_official_public_preview_reporter_query,2026-09-11T16:05:47+00:00
H4,702,SGP,Singapore,388,JAM,Jamaica,False,M,2017,8542,310373.34,False,True,UN_Comtrade_official_public_preview_reporter_query,2026-09-11T16:05:47+00:00
H4,702,SGP,Singapore,392,JPN,Japan,False,M,2017,8542,2389292161.662,False,True,UN_Comtrade_official_public_preview_reporter_query,2026-09-11T16:05:47+00:00
H4,702,SGP,Singapore,404,KEN,Kenya,False,M,2017,8542,3647670.014,False,True,UN_Comtrade_official_public_preview_reporter_query,2026-09-11T16:05:47+00:00
H4,702,SGP,Singapore,410,KOR,Rep. of Korea,False,M,2017,8542,10176812306.539,False,True,UN_Comtrade_official_public_preview_reporter_query,2026-09-11T16:05:47+00:00
H4,702,SGP,Singapore,418,LAO,Lao People's Dem. Rep.,False,M,2017,8542,16572.36,False,True,UN_Comtrade_official_public_preview_reporter_query,2026-09-11T16:05:47+00:00
H4,702,SGP,Singapore,440,LTU,Lithuania,False,M,2017,8542,78600.086,False,True,UN_Comtrade_official_public_preview_reporter_query,2026-09-11T16:05:47+00:00
H4,702,SGP,Singapore,442,LUX,Luxembourg,False,M,2017,8542,419334.956,False,True,UN_Comtrade_official_public_preview_reporter_query,2026-09-11T16:05:47+00:00
H4,702,SGP,Singapore,446,MAC,"China, Macao SAR",False,M,2017,8542,80166.263,False,True,UN_Comtrade_official_public_preview_reporter_query,2026-09-11T16:05:47+00:00
H4,702,SGP,Singapore,458,MYS,Malaysia,False,M,2017,8542,9165673955.666,False,True,UN_Comtrade_official_public_preview_reporter_query,2026-09-11T16:05:47+00:00
H4,702,SGP,Singapore,462,MDV,Maldives,False,M,2017,8542,5010.029,False,True,UN_Comtrade_official_public_preview_reporter_query,2026-09-11T16:05:47+00:00
H4,702,SGP,Singapore,466,MLI,Mali,False,M,2017,8542,393825.533,False,True,UN_Comtrade_official_public_preview_reporter_query,2026-09-11T16:05:47+00:00
H4,702,SGP,Singapore,470,MLT,Malta,False,M,2017,8542,150071106.291,False,True,UN_Comtrade_official_public_preview_reporter_query,2026-09-11T16:05:47+00:00
H4,702,SGP,Singapore,478,MRT,Mauritania,False,M,2017,8542,1011.278,False,True,UN_Comtrade_official_public_preview_reporter_query,2026-09-11T16:05:47+00:00
H4,702,SGP,Singapore,480,MUS,Mauritius,False,M,2017,8542,348096.339,False,True,UN_Comtrade_official_public_preview_reporter_query,2026-09-11T16:05:47+00:00
H4,702,SGP,Singapore,484,MEX,Mexico,False,M,2017,8542,134276903.624,False,True,UN_Comtrade_official_public_preview_reporter_query,2026-09-11T16:05:47+00:00
H4,702,SGP,Singapore,490,S19,"Other Asia, nes",False,M,2017,8542,20365463776.526,False,True,UN_Comtrade_official_public_preview_reporter_query,2026-09-11T16:05:47+00:00
H4,702,SGP,Singapore,496,MNG,Mongolia,False,M,2017,8542,208734.798,False,True,UN_Comtrade_official_public_preview_reporter_query,2026-09-11T16:05:47+00:00
H4,702,SGP,Singapore,504,MAR,Morocco,False,M,2017,8542,85901546.302,False,True,UN_Comtrade_official_public_preview_reporter_query,2026-09-11T16:05:47+00:00
H4,702,SGP,Singapore,516,NAM,Namibia,False,M,2017,8542,1720.477,False,True,UN_Comtrade_official_public_preview_reporter_query,2026-09-11T16:05:47+00:00
H4,702,SGP,Singapore,527,O19,"Oceania, nes",False,M,2017,8542,29059.039,False,True,UN_Comtrade_official_public_preview_reporter_query,2026-09-11T16:05:47+00:00
H4,702,SGP,Singapore,528,NLD,Netherlands,False,M,2017,8542,8357840.748,False,True,UN_Comtrade_official_public_preview_reporter_query,2026-09-11T16:05:47+00:00
H4,702,SGP,Singapore,540,NCL,New Caledonia,False,M,2017,8542,6.52,False,True,UN_Comtrade_official_public_preview_reporter_query,2026-09-11T16:05:47+00:00
H4,702,SGP,Singapore,554,NZL,New Zealand,False,M,2017,8542,76197.213,False,True,UN_Comtrade_official_public_preview_reporter_query,2026-09-11T16:05:47+00:00
H4,702,SGP,Singapore,566,NGA,Nigeria,False,M,2017,8542,19589.533,False,True,UN_Comtrade_official_public_preview_reporter_query,2026-09-11T16:05:47+00:00
H4,702,SGP,Singapore,579,NOR,Norway,False,M,2017,8542,455596.093,False,True,UN_Comtrade_official_public_preview_reporter_query,2026-09-11T16:05:47+00:00
H4,702,SGP,Singapore,580,MNP,N. Mariana Isds,False,M,2017,8542,91920.563,False,True,UN_Comtrade_official_public_preview_reporter_query,2026-09-11T16:05:47+00:00
H4,702,SGP,Singapore,586,PAK,Pakistan,False,M,2017,8542,3402.56,False,True,UN_Comtrade_official_public_preview_reporter_query,2026-09-11T16:05:47+00:00
H4,702,SGP,Singapore,591,PAN,Panama,False,M,2017,8542,3393.143,False,True,UN_Comtrade_official_public_preview_reporter_query,2026-09-11T16:05:47+00:00
H4,702,SGP,Singapore,598,PNG,Papua New Guinea,False,M,2017,8542,97589.082,False,True,UN_Comtrade_official_public_preview_reporter_query,2026-09-11T16:05:47+00:00
H4,702,SGP,Singapore,600,PRY,Paraguay,False,M,2017,8542,3755.349,False,True,UN_Comtrade_official_public_preview_reporter_query,2026-09-11T16:05:47+00:00
H4,702,SGP,Singapore,608,PHL,Philippines,False,M,2017,8542,4136255994.271,False,True,UN_Comtrade_official_public_preview_reporter_query,2026-09-11T16:05:47+00:00
H4,702,SGP,Singapore,616,POL,Poland,False,M,2017,8542,326469.037,False,True,UN_Comtrade_official_public_preview_reporter_query,2026-09-11T16:05:47+00:00
H4,702,SGP,Singapore,620,PRT,Portugal,False,M,2017,8542,198721871.787,False,True,UN_Comtrade_official_public_preview_reporter_query,2026-09-11T16:05:47+00:00
H4,702,SGP,Singapore,634,QAT,Qatar,False,M,2017,8542,8603.11,False,True,UN_Comtrade_official_public_preview_reporter_query,2026-09-11T16:05:47+00:00
H4,702,SGP,Singapore,642,ROU,Romania,False,M,2017,8542,42249.846,False,True,UN_Comtrade_official_public_preview_reporter_query,2026-09-11T16:05:47+00:00
H4,702,SGP,Singapore,643,RUS,Russian Federation,False,M,2017,8542,113634.794,False,True,UN_Comtrade_official_public_preview_reporter_query,2026-09-11T16:05:47+00:00
H4,702,SGP,Singapore,678,STP,Sao Tome and Principe,False,M,2017,8542,14978.655,False,True,UN_Comtrade_official_public_preview_reporter_query,2026-09-11T16:05:47+00:00
H4,702,SGP,Singapore,682,SAU,Saudi Arabia,False,M,2017,8542,7876.525,False,True,UN_Comtrade_official_public_preview_reporter_query,2026-09-11T16:05:47+00:00
H4,702,SGP,Singapore,688,SRB,Serbia,False,M,2017,8542,747.593,False,True,UN_Comtrade_official_public_preview_reporter_query,2026-09-11T16:05:47+00:00
H4,702,SGP,Singapore,694,SLE,Sierra Leone,False,M,2017,8542,146856.301,False,True,UN_Comtrade_official_public_preview_reporter_query,2026-09-11T16:05:47+00:00
H4,702,SGP,Singapore,699,IND,India,False,M,2017,8542,9080286.82,False,True,UN_Comtrade_official_public_preview_reporter_query,2026-09-11T16:05:47+00:00
H4,702,SGP,Singapore,703,SVK,Slovakia,False,M,2017,8542,183111.643,False,True,UN_Comtrade_official_public_preview_reporter_query,2026-09-11T16:05:47+00:00
H4,702,SGP,Singapore,704,VNM,Viet Nam,False,M,2017,8542,381263964.246,False,True,UN_Comtrade_official_public_preview_reporter_query,2026-09-11T16:05:47+00:00
H4,702,SGP,Singapore,705,SVN,Slovenia,False,M,2017,8542,63672.14,False,True,UN_Comtrade_official_public_preview_reporter_query,2026-09-11T16:05:47+00:00
H4,702,SGP,Singapore,706,SOM,Somalia,False,M,2017,8542,4776.044,False,True,UN_Comtrade_official_public_preview_reporter_query,2026-09-11T16:05:47+00:00
H4,702,SGP,Singapore,710,ZAF,South Africa,False,M,2017,8542,78812.338,False,True,UN_Comtrade_official_public_preview_reporter_query,2026-09-11T16:05:47+00:00
H4,702,SGP,Singapore,724,ESP,Spain,False,M,2017,8542,2743468.397,False,True,UN_Comtrade_official_public_preview_reporter_query,2026-09-11T16:05:47+00:00
H4,702,SGP,Singapore,748,SWZ,Eswatini,False,M,2017,8542,334566.507,False,True,UN_Comtrade_official_public_preview_reporter_query,2026-09-11T16:05:47+00:00
H4,702,SGP,Singapore,752,SWE,Sweden,False,M,2017,8542,299296.365,False,True,UN_Comtrade_official_public_preview_reporter_query,2026-09-11T16:05:47+00:00
H4,702,SGP,Singapore,757,CHE,Switzerland,False,M,2017,8542,7495775.245,False,True,UN_Comtrade_official_public_preview_reporter_query,2026-09-11T16:05:47+00:00
H4,702,SGP,Singapore,764,THA,Thailand,False,M,2017,8542,1407116232.043,False,True,UN_Comtrade_official_public_preview_reporter_query,2026-09-11T16:05:47+00:00
H4,702,SGP,Singapore,768,TGO,Togo,False,M,2017,8542,464255.707,False,True,UN_Comtrade_official_public_preview_reporter_query,2026-09-11T16:05:47+00:00
H4,702,SGP,Singapore,784,ARE,United Arab Emirates,False,M,2017,8542,406522.292,False,True,UN_Comtrade_official_public_preview_reporter_query,2026-09-11T16:05:47+00:00
H4,702,SGP,Singapore,788,TUN,Tunisia,False,M,2017,8542,26921.301,False,True,UN_Comtrade_official_public_preview_reporter_query,2026-09-11T16:05:47+00:00
H4,702,SGP,Singapore,792,TUR,Türkiye,False,M,2017,8542,505567.44,False,True,UN_Comtrade_official_public_preview_reporter_query,2026-09-11T16:05:47+00:00
H4,702,SGP,Singapore,796,TCA,Turks and Caicos Isds,False,M,2017,8542,244868.439,False,True,UN_Comtrade_official_public_preview_reporter_query,2026-09-11T16:05:47+00:00
H4,702,SGP,Singapore,798,TUV,Tuvalu,False,M,2017,8542,4381.965,False,True,UN_Comtrade_official_public_preview_reporter_query,2026-09-11T16:05:47+00:00
H4,702,SGP,Singapore,800,UGA,Uganda,False,M,2017,8542,493.324,False,True,UN_Comtrade_official_public_preview_reporter_query,2026-09-11T16:05:47+00:00
H4,702,SGP,Singapore,804,UKR,Ukraine,False,M,2017,8542,406599.804,False,True,UN_Comtrade_official_public_preview_reporter_query,2026-09-11T16:05:47+00:00
H4,702,SGP,Singapore,807,MKD,North Macedonia,False,M,2017,8542,1020.696,False,True,UN_Comtrade_official_public_preview_reporter_query,2026-09-11T16:05:47+00:00
H4,702,SGP,Singapore,818,EGY,Egypt,False,M,2017,8542,10952.376,False,True,UN_Comtrade_official_public_preview_reporter_query,2026-09-11T16:05:47+00:00
H4,702,SGP,Singapore,826,GBR,United Kingdom,False,M,2017,8542,22760998.944,False,True,UN_Comtrade_official_public_preview_reporter_query,2026-09-11T16:05:47+00:00
H4,702,SGP,Singapore,834,TZA,United Rep. of Tanzania,False,M,2017,8542,20463.898,False,True,UN_Comtrade_official_public_preview_reporter_query,2026-09-11T16:05:47+00:00
H4,702,SGP,Singapore,842,USA,USA,False,M,2017,8542,1686610463.907,False,True,UN_Comtrade_official_public_preview_reporter_query,2026-09-11T16:05:47+00:00
H4,702,SGP,Singapore,876,WLF,Wallis and Futuna Isds,False,M,2017,8542,272701.774,False,True,UN_Comtrade_official_public_preview_reporter_query,2026-09-11T16:05:47+00:00
H4,702,SGP,Singapore,4,AFG,Afghanistan,False,X,2017,8542,344.095,False,True,UN_Comtrade_official_public_preview_reporter_query,2026-09-11T16:05:47+00:00
H4,702,SGP,Singapore,12,DZA,Algeria,False,X,2017,8542,3086.717,False,True,UN_Comtrade_official_public_preview_reporter_query,2026-09-11T16:05:47+00:00
H4,702,SGP,Singapore,16,ASM,American Samoa,False,X,2017,8542,114818.482,False,True,UN_Comtrade_official_public_preview_reporter_query,2026-09-11T16:05:47+00:00
H4,702,SGP,Singapore,32,ARG,Argentina,False,X,2017,8542,654179.715,False,True,UN_Comtrade_official_public_preview_reporter_query,2026-09-11T16:05:47+00:00
H4,702,SGP,Singapore,36,AUS,Australia,False,X,2017,8542,78223505.527,False,True,UN_Comtrade_official_public_preview_reporter_query,2026-09-11T16:05:47+00:00
H4,702,SGP,Singapore,40,AUT,Austria,False,X,2017,8542,30908534.369,False,True,UN_Comtrade_official_public_preview_reporter_query,2026-09-11T16:05:47+00:00
H4,702,SGP,Singapore,44,BHS,Bahamas,False,X,2017,8542,4360.957,False,True,UN_Comtrade_official_public_preview_reporter_query,2026-09-11T16:05:47+00:00
H4,702,SGP,Singapore,48,BHR,Bahrain,False,X,2017,8542,12473.64,False,True,UN_Comtrade_official_public_preview_reporter_query,2026-09-11T16:05:47+00:00
H4,702,SGP,Singapore,50,BGD,Bangladesh,False,X,2017,8542,3625352.347,False,True,UN_Comtrade_official_public_preview_reporter_query,2026-09-11T16:05:47+00:00
H4,702,SGP,Singapore,51,ARM,Armenia,False,X,2017,8542,121.701,False,True,UN_Comtrade_official_public_preview_reporter_query,2026-09-11T16:05:47+00:00
H4,702,SGP,Singapore,56,BEL,Belgium,False,X,2017,8542,5954204.604,False,True,UN_Comtrade_official_public_preview_reporter_query,2026-09-11T16:05:47+00:00
H4,702,SGP,Singapore,64,BTN,Bhutan,False,X,2017,8542,67473.851,False,True,UN_Comtrade_official_public_preview_reporter_query,2026-09-11T16:05:47+00:00
H4,702,SGP,Singapore,68,BOL,Bolivia (Plurinational State of),False,X,2017,8542,33659.776,False,True,UN_Comtrade_official_public_preview_reporter_query,2026-09-11T16:05:47+00:00
H4,702,SGP,Singapore,70,BIH,Bosnia Herzegovina,False,X,2017,8542,1371.311,False,True,UN_Comtrade_official_public_preview_reporter_query,2026-09-11T16:05:47+00:00
H4,702,SGP,Singapore,72,BWA,Botswana,False,X,2017,8542,1738.587,False,True,UN_Comtrade_official_public_preview_reporter_query,2026-09-11T16:05:47+00:00
H4,702,SGP,Singapore,76,BRA,Brazil,False,X,2017,8542,214786461.734,False,True,UN_Comtrade_official_public_preview_reporter_query,2026-09-11T16:05:47+00:00
H4,702,SGP,Singapore,90,SLB,Solomon Isds,False,X,2017,8542,807.719,False,True,UN_Comtrade_official_public_preview_reporter_query,2026-09-11T16:05:47+00:00
H4,702,SGP,Singapore,92,VGB,Br. Virgin Isds,False,X,2017,8542,212621.99,False,True,UN_Comtrade_official_public_preview_reporter_query,2026-09-11T16:05:47+00:00
H4,702,SGP,Singapore,96,BRN,Brunei Darussalam,False,X,2017,8542,1481090.257,False,True,UN_Comtrade_official_public_preview_reporter_query,2026-09-11T16:05:47+00:00
H4,702,SGP,Singapore,100,BGR,Bulgaria,False,X,2017,8542,2090034.102,False,True,UN_Comtrade_official_public_preview_reporter_query,2026-09-11T16:05:47+00:00
H4,702,SGP,Singapore,104,MMR,Myanmar,False,X,2017,8542,5050103.681,False,True,UN_Comtrade_official_public_preview_reporter_query,2026-09-11T16:05:47+00:00
H4,702,SGP,Singapore,112,BLR,Belarus,False,X,2017,8542,15717.554,False,True,UN_Comtrade_official_public_preview_reporter_query,2026-09-11T16:05:47+00:00
H4,702,SGP,Singapore,116,KHM,Cambodia,False,X,2017,8542,175375.653,False,True,UN_Comtrade_official_public_preview_reporter_query,2026-09-11T16:05:47+00:00
H4,702,SGP,Singapore,120,CMR,Cameroon,False,X,2017,8542,3432015.638,False,True,UN_Comtrade_official_public_preview_reporter_query,2026-09-11T16:05:47+00:00
H4,702,SGP,Singapore,124,CAN,Canada,False,X,2017,8542,44342989.358,False,True,UN_Comtrade_official_public_preview_reporter_query,2026-09-11T16:05:47+00:00
H4,702,SGP,Singapore,132,CPV,Cabo Verde,False,X,2017,8542,540.411,False,True,UN_Comtrade_official_public_preview_reporter_query,2026-09-11T16:05:47+00:00
H4,702,SGP,Singapore,144,LKA,Sri Lanka,False,X,2017,8542,1427745.326,False,True,UN_Comtrade_official_public_preview_reporter_query,2026-09-11T16:05:47+00:00
H4,702,SGP,Singapore,152,CHL,Chile,False,X,2017,8542,192050.879,False,True,UN_Comtrade_official_public_preview_reporter_query,2026-09-11T16:05:47+00:00
H4,702,SGP,Singapore,156,CHN,China,False,X,2017,8542,14451645486.537,False,True,UN_Comtrade_official_public_preview_reporter_query,2026-09-11T16:05:47+00:00
H4,702,SGP,Singapore,170,COL,Colombia,False,X,2017,8542,330482.276,False,True,UN_Comtrade_official_public_preview_reporter_query,2026-09-11T16:05:47+00:00
H4,702,SGP,Singapore,184,COK,Cook Isds,False,X,2017,8542,130883.03,False,True,UN_Comtrade_official_public_preview_reporter_query,2026-09-11T16:05:47+00:00
H4,702,SGP,Singapore,188,CRI,Costa Rica,False,X,2017,8542,37193.455,False,True,UN_Comtrade_official_public_preview_reporter_query,2026-09-11T16:05:47+00:00
H4,702,SGP,Singapore,191,HRV,Croatia,False,X,2017,8542,10599.588,False,True,UN_Comtrade_official_public_preview_reporter_query,2026-09-11T16:05:47+00:00
H4,702,SGP,Singapore,196,CYP,Cyprus,False,X,2017,8542,1.449,False,True,UN_Comtrade_official_public_preview_reporter_query,2026-09-11T16:05:47+00:00
H4,702,SGP,Singapore,203,CZE,Czechia,False,X,2017,8542,38026111.808,False,True,UN_Comtrade_official_public_preview_reporter_query,2026-09-11T16:05:47+00:00
H4,702,SGP,Singapore,208,DNK,Denmark,False,X,2017,8542,218302.1,False,True,UN_Comtrade_official_public_preview_reporter_query,2026-09-11T16:05:47+00:00
H4,702,SGP,Singapore,218,ECU,Ecuador,False,X,2017,8542,65045.624,False,True,UN_Comtrade_official_public_preview_reporter_query,2026-09-11T16:05:47+00:00
H4,702,SGP,Singapore,222,SLV,El Salvador,False,X,2017,8542,35106.425,False,True,UN_Comtrade_official_public_preview_reporter_query,2026-09-11T16:05:47+00:00
H4,702,SGP,Singapore,231,ETH,Ethiopia,False,X,2017,8542,160553.472,False,True,UN_Comtrade_official_public_preview_reporter_query,2026-09-11T16:05:47+00:00
H4,702,SGP,Singapore,233,EST,Estonia,False,X,2017,8542,156845.21,False,True,UN_Comtrade_official_public_preview_reporter_query,2026-09-11T16:05:47+00:00
H4,702,SGP,Singapore,246,FIN,Finland,False,X,2017,8542,74716768.303,False,True,UN_Comtrade_official_public_preview_reporter_query,2026-09-11T16:05:47+00:00
H4,702,SGP,Singapore,251,FRA,France,False,X,2017,8542,895386125.996,False,True,UN_Comtrade_official_public_preview_reporter_query,2026-09-11T16:05:47+00:00
H4,702,SGP,Singapore,258,PYF,French Polynesia,False,X,2017,8542,1826.966,False,True,UN_Comtrade_official_public_preview_reporter_query,2026-09-11T16:05:47+00:00
H4,702,SGP,Singapore,262,DJI,Djibouti,False,X,2017,8542,26427.252,False,True,UN_Comtrade_official_public_preview_reporter_query,2026-09-11T16:05:47+00:00
H4,702,SGP,Singapore,268,GEO,Georgia,False,X,2017,8542,3785.05,False,True,UN_Comtrade_official_public_preview_reporter_query,2026-09-11T16:05:47+00:00
H4,702,SGP,Singapore,276,DEU,Germany,False,X,2017,8542,1846244597.531,False,True,UN_Comtrade_official_public_preview_reporter_query,2026-09-11T16:05:47+00:00
H4,702,SGP,Singapore,288,GHA,Ghana,False,X,2017,8542,772.947,False,True,UN_Comtrade_official_public_preview_reporter_query,2026-09-11T16:05:47+00:00
H4,702,SGP,Singapore,300,GRC,Greece,False,X,2017,8542,867.12,False,True,UN_Comtrade_official_public_preview_reporter_query,2026-09-11T16:05:47+00:00
H4,702,SGP,Singapore,316,GUM,Guam,False,X,2017,8542,8163.392,False,True,UN_Comtrade_official_public_preview_reporter_query,2026-09-11T16:05:47+00:00
H4,702,SGP,Singapore,340,HND,Honduras,False,X,2017,8542,3258.402,False,True,UN_Comtrade_official_public_preview_reporter_query,2026-09-11T16:05:47+00:00
H4,702,SGP,Singapore,344,HKG,"China, Hong Kong SAR",False,X,2017,8542,25366706697.528,False,True,UN_Comtrade_official_public_preview_reporter_query,2026-09-11T16:05:47+00:00
H4,702,SGP,Singapore,348,HUN,Hungary,False,X,2017,8542,41534961.417,False,True,UN_Comtrade_official_public_preview_reporter_query,2026-09-11T16:05:47+00:00
H4,702,SGP,Singapore,352,ISL,Iceland,False,X,2017,8542,1845.8,False,True,UN_Comtrade_official_public_preview_reporter_query,2026-09-11T16:05:47+00:00
H4,702,SGP,Singapore,360,IDN,Indonesia,False,X,2017,8542,592781118.938,False,True,UN_Comtrade_official_public_preview_reporter_query,2026-09-11T16:05:47+00:00
H4,702,SGP,Singapore,364,IRN,Iran,False,X,2017,8542,8129155.659,False,True,UN_Comtrade_official_public_preview_reporter_query,2026-09-11T16:05:47+00:00
H4,702,SGP,Singapore,368,IRQ,Iraq,False,X,2017,8542,1274.24,False,True,UN_Comtrade_official_public_preview_reporter_query,2026-09-11T16:05:47+00:00
H4,702,SGP,Singapore,372,IRL,Ireland,False,X,2017,8542,21057641.159,False,True,UN_Comtrade_official_public_preview_reporter_query,2026-09-11T16:05:47+00:00
H4,702,SGP,Singapore,376,ISR,Israel,False,X,2017,8542,119885815.57,False,True,UN_Comtrade_official_public_preview_reporter_query,2026-09-11T16:05:47+00:00
H4,702,SGP,Singapore,380,ITA,Italy,False,X,2017,8542,75746681.376,False,True,UN_Comtrade_official_public_preview_reporter_query,2026-09-11T16:05:47+00:00
H4,702,SGP,Singapore,384,CIV,Côte d'Ivoire,False,X,2017,8542,10667.682,False,True,UN_Comtrade_official_public_preview_reporter_query,2026-09-11T16:05:47+00:00
H4,702,SGP,Singapore,392,JPN,Japan,False,X,2017,8542,3539887797.262,False,True,UN_Comtrade_official_public_preview_reporter_query,2026-09-11T16:05:47+00:00
H4,702,SGP,Singapore,398,KAZ,Kazakhstan,False,X,2017,8542,31130.856,False,True,UN_Comtrade_official_public_preview_reporter_query,2026-09-11T16:05:47+00:00
H4,702,SGP,Singapore,400,JOR,Jordan,False,X,2017,8542,21.008,False,True,UN_Comtrade_official_public_preview_reporter_query,2026-09-11T16:05:47+00:00
H4,702,SGP,Singapore,404,KEN,Kenya,False,X,2017,8542,870.018,False,True,UN_Comtrade_official_public_preview_reporter_query,2026-09-11T16:05:47+00:00
H4,702,SGP,Singapore,410,KOR,Rep. of Korea,False,X,2017,8542,4978324082.956,False,True,UN_Comtrade_official_public_preview_reporter_query,2026-09-11T16:05:47+00:00
H4,702,SGP,Singapore,414,KWT,Kuwait,False,X,2017,8542,8716.842,False,True,UN_Comtrade_official_public_preview_reporter_query,2026-09-11T16:05:47+00:00
H4,702,SGP,Singapore,418,LAO,Lao People's Dem. Rep.,False,X,2017,8542,58165.889,False,True,UN_Comtrade_official_public_preview_reporter_query,2026-09-11T16:05:47+00:00
H4,702,SGP,Singapore,422,LBN,Lebanon,False,X,2017,8542,465692.939,False,True,UN_Comtrade_official_public_preview_reporter_query,2026-09-11T16:05:47+00:00
H4,702,SGP,Singapore,428,LVA,Latvia,False,X,2017,8542,3586416.684,False,True,UN_Comtrade_official_public_preview_reporter_query,2026-09-11T16:05:47+00:00
H4,702,SGP,Singapore,430,LBR,Liberia,False,X,2017,8542,101307.485,False,True,UN_Comtrade_official_public_preview_reporter_query,2026-09-11T16:05:47+00:00
H4,702,SGP,Singapore,440,LTU,Lithuania,False,X,2017,8542,429072.494,False,True,UN_Comtrade_official_public_preview_reporter_query,2026-09-11T16:05:47+00:00
H4,702,SGP,Singapore,442,LUX,Luxembourg,False,X,2017,8542,89025.815,False,True,UN_Comtrade_official_public_preview_reporter_query,2026-09-11T16:05:47+00:00
H4,702,SGP,Singapore,446,MAC,"China, Macao SAR",False,X,2017,8542,845356.954,False,True,UN_Comtrade_official_public_preview_reporter_query,2026-09-11T16:05:47+00:00
H4,702,SGP,Singapore,450,MDG,Madagascar,False,X,2017,8542,1522.713,False,True,UN_Comtrade_official_public_preview_reporter_query,2026-09-11T16:05:47+00:00
H4,702,SGP,Singapore,458,MYS,Malaysia,False,X,2017,8542,8031891576.88,False,True,UN_Comtrade_official_public_preview_reporter_query,2026-09-11T16:05:47+00:00
H4,702,SGP,Singapore,462,MDV,Maldives,False,X,2017,8542,20178.48,False,True,UN_Comtrade_official_public_preview_reporter_query,2026-09-11T16:05:47+00:00
H4,702,SGP,Singapore,470,MLT,Malta,False,X,2017,8542,20886722.085,False,True,UN_Comtrade_official_public_preview_reporter_query,2026-09-11T16:05:47+00:00
H4,702,SGP,Singapore,480,MUS,Mauritius,False,X,2017,8542,9216.686,False,True,UN_Comtrade_official_public_preview_reporter_query,2026-09-11T16:05:47+00:00
H4,702,SGP,Singapore,484,MEX,Mexico,False,X,2017,8542,332647544.543,False,True,UN_Comtrade_official_public_preview_reporter_query,2026-09-11T16:05:47+00:00
H4,702,SGP,Singapore,490,S19,"Other Asia, nes",False,X,2017,8542,7803106733.41,False,True,UN_Comtrade_official_public_preview_reporter_query,2026-09-11T16:05:47+00:00
H4,702,SGP,Singapore,496,MNG,Mongolia,False,X,2017,8542,8832.024,False,True,UN_Comtrade_official_public_preview_reporter_query,2026-09-11T16:05:47+00:00
H4,702,SGP,Singapore,504,MAR,Morocco,False,X,2017,8542,70763572.71,False,True,UN_Comtrade_official_public_preview_reporter_query,2026-09-11T16:05:47+00:00
H4,702,SGP,Singapore,508,MOZ,Mozambique,False,X,2017,8542,9063.835,False,True,UN_Comtrade_official_public_preview_reporter_query,2026-09-11T16:05:47+00:00
H4,702,SGP,Singapore,512,OMN,Oman,False,X,2017,8542,49301.991,False,True,UN_Comtrade_official_public_preview_reporter_query,2026-09-11T16:05:47+00:00
H4,702,SGP,Singapore,516,NAM,Namibia,False,X,2017,8542,364687.533,False,True,UN_Comtrade_official_public_preview_reporter_query,2026-09-11T16:05:47+00:00
H4,702,SGP,Singapore,524,NPL,Nepal,False,X,2017,8542,105561.229,False,True,UN_Comtrade_official_public_preview_reporter_query,2026-09-11T16:05:47+00:00
H4,702,SGP,Singapore,528,NLD,Netherlands,False,X,2017,8542,1554003648.75,False,True,UN_Comtrade_official_public_preview_reporter_query,2026-09-11T16:05:47+00:00
H4,702,SGP,Singapore,533,ABW,Aruba,False,X,2017,8542,1563.28,False,True,UN_Comtrade_official_public_preview_reporter_query,2026-09-11T16:05:47+00:00
H4,702,SGP,Singapore,540,NCL,New Caledonia,False,X,2017,8542,40813.338,False,True,UN_Comtrade_official_public_preview_reporter_query,2026-09-11T16:05:47+00:00
H4,702,SGP,Singapore,554,NZL,New Zealand,False,X,2017,8542,11244644.807,False,True,UN_Comtrade_official_public_preview_reporter_query,2026-09-11T16:05:47+00:00
H4,702,SGP,Singapore,566,NGA,Nigeria,False,X,2017,8542,1534491.692,False,True,UN_Comtrade_official_public_preview_reporter_query,2026-09-11T16:05:47+00:00
H4,702,SGP,Singapore,579,NOR,Norway,False,X,2017,8542,1912207.765,False,True,UN_Comtrade_official_public_preview_reporter_query,2026-09-11T16:05:47+00:00
H4,702,SGP,Singapore,584,MHL,Marshall Isds,False,X,2017,8542,25519.565,False,True,UN_Comtrade_official_public_preview_reporter_query,2026-09-11T16:05:47+00:00
H4,702,SGP,Singapore,586,PAK,Pakistan,False,X,2017,8542,3337597.305,False,True,UN_Comtrade_official_public_preview_reporter_query,2026-09-11T16:05:47+00:00
H4,702,SGP,Singapore,591,PAN,Panama,False,X,2017,8542,12251.246,False,True,UN_Comtrade_official_public_preview_reporter_query,2026-09-11T16:05:47+00:00
H4,702,SGP,Singapore,598,PNG,Papua New Guinea,False,X,2017,8542,21724.373,False,True,UN_Comtrade_official_public_preview_reporter_query,2026-09-11T16:05:47+00:00
H4,702,SGP,Singapore,600,PRY,Paraguay,False,X,2017,8542,4082.783,False,True,UN_Comtrade_official_public_preview_reporter_query,2026-09-11T16:05:47+00:00
H4,702,SGP,Singapore,604,PER,Peru,False,X,2017,8542,80264.783,False,True,UN_Comtrade_official_public_preview_reporter_query,2026-09-11T16:05:47+00:00
H4,702,SGP,Singapore,608,PHL,Philippines,False,X,2017,8542,1276791921.301,False,True,UN_Comtrade_official_public_preview_reporter_query,2026-09-11T16:05:47+00:00
H4,702,SGP,Singapore,616,POL,Poland,False,X,2017,8542,10011850.179,False,True,UN_Comtrade_official_public_preview_reporter_query,2026-09-11T16:05:47+00:00
H4,702,SGP,Singapore,620,PRT,Portugal,False,X,2017,8542,6715683.411,False,True,UN_Comtrade_official_public_preview_reporter_query,2026-09-11T16:05:47+00:00
H4,702,SGP,Singapore,626,TLS,Timor-Leste,False,X,2017,8542,6983.326,False,True,UN_Comtrade_official_public_preview_reporter_query,2026-09-11T16:05:47+00:00
H4,702,SGP,Singapore,634,QAT,Qatar,False,X,2017,8542,123339.009,False,True,UN_Comtrade_official_public_preview_reporter_query,2026-09-11T16:05:47+00:00
H4,702,SGP,Singapore,642,ROU,Romania,False,X,2017,8542,26966894.587,False,True,UN_Comtrade_official_public_preview_reporter_query,2026-09-11T16:05:47+00:00
H4,702,SGP,Singapore,643,RUS,Russian Federation,False,X,2017,8542,18809622.348,False,True,UN_Comtrade_official_public_preview_reporter_query,2026-09-11T16:05:47+00:00
H4,702,SGP,Singapore,682,SAU,Saudi Arabia,False,X,2017,8542,3741059.683,False,True,UN_Comtrade_official_public_preview_reporter_query,2026-09-11T16:05:47+00:00
H4,702,SGP,Singapore,688,SRB,Serbia,False,X,2017,8542,49911.221,False,True,UN_Comtrade_official_public_preview_reporter_query,2026-09-11T16:05:47+00:00
H4,702,SGP,Singapore,699,IND,India,False,X,2017,8542,467293324.972,False,True,UN_Comtrade_official_public_preview_reporter_query,2026-09-11T16:05:47+00:00
H4,702,SGP,Singapore,703,SVK,Slovakia,False,X,2017,8542,2493877.52,False,True,UN_Comtrade_official_public_preview_reporter_query,2026-09-11T16:05:47+00:00
H4,702,SGP,Singapore,704,VNM,Viet Nam,False,X,2017,8542,1616430002.532,False,True,UN_Comtrade_official_public_preview_reporter_query,2026-09-11T16:05:47+00:00
H4,702,SGP,Singapore,705,SVN,Slovenia,False,X,2017,8542,169148.613,False,True,UN_Comtrade_official_public_preview_reporter_query,2026-09-11T16:05:47+00:00
H4,702,SGP,Singapore,710,ZAF,South Africa,False,X,2017,8542,5944603.98,False,True,UN_Comtrade_official_public_preview_reporter_query,2026-09-11T16:05:47+00:00
H4,702,SGP,Singapore,716,ZWE,Zimbabwe,False,X,2017,8542,2347.093,False,True,UN_Comtrade_official_public_preview_reporter_query,2026-09-11T16:05:47+00:00
H4,702,SGP,Singapore,724,ESP,Spain,False,X,2017,8542,2955525.346,False,True,UN_Comtrade_official_public_preview_reporter_query,2026-09-11T16:05:47+00:00
H4,702,SGP,Singapore,752,SWE,Sweden,False,X,2017,8542,1699173.585,False,True,UN_Comtrade_official_public_preview_reporter_query,2026-09-11T16:05:47+00:00
H4,702,SGP,Singapore,757,CHE,Switzerland,False,X,2017,8542,7117815.77,False,True,UN_Comtrade_official_public_preview_reporter_query,2026-09-11T16:05:47+00:00
H4,702,SGP,Singapore,764,THA,Thailand,False,X,2017,8542,2384254717.071,False,True,UN_Comtrade_official_public_preview_reporter_query,2026-09-11T16:05:47+00:00
H4,702,SGP,Singapore,784,ARE,United Arab Emirates,False,X,2017,8542,4720918.826,False,True,UN_Comtrade_official_public_preview_reporter_query,2026-09-11T16:05:47+00:00
H4,702,SGP,Singapore,788,TUN,Tunisia,False,X,2017,8542,19004923.662,False,True,UN_Comtrade_official_public_preview_reporter_query,2026-09-11T16:05:47+00:00
H4,702,SGP,Singapore,792,TUR,Türkiye,False,X,2017,8542,53681827.299,False,True,UN_Comtrade_official_public_preview_reporter_query,2026-09-11T16:05:47+00:00
H4,702,SGP,Singapore,804,UKR,Ukraine,False,X,2017,8542,1490415.605,False,True,UN_Comtrade_official_public_preview_reporter_query,2026-09-11T16:05:47+00:00
H4,702,SGP,Singapore,818,EGY,Egypt,False,X,2017,8542,1597594.445,False,True,UN_Comtrade_official_public_preview_reporter_query,2026-09-11T16:05:47+00:00
H4,702,SGP,Singapore,826,GBR,United Kingdom,False,X,2017,8542,38675282.218,False,True,UN_Comtrade_official_public_preview_reporter_query,2026-09-11T16:05:47+00:00
H4,702,SGP,Singapore,834,TZA,United Rep. of Tanzania,False,X,2017,8542,21296.971,False,True,UN_Comtrade_official_public_preview_reporter_query,2026-09-11T16:05:47+00:00
H4,702,SGP,Singapore,842,USA,USA,False,X,2017,8542,3754063585.981,False,True,UN_Comtrade_official_public_preview_reporter_query,2026-09-11T16:05:47+00:00
H4,702,SGP,Singapore,860,UZB,Uzbekistan,False,X,2017,8542,13790.62,False,True,UN_Comtrade_official_public_preview_reporter_query,2026-09-11T16:05:47+00:00
H4,702,SGP,Singapore,862,VEN,Venezuela,False,X,2017,8542,5100.581,False,True,UN_Comtrade_official_public_preview_reporter_query,2026-09-11T16:05:47+00:00
H6,702,SGP,Singapore,4,AFG,Afghanistan,False,M,2022,8542,8104.932,False,True,UN_Comtrade_official_public_preview_reporter_query,2026-09-11T16:05:47+00:00
H6,702,SGP,Singapore,20,AND,Andorra,False,M,2022,8542,533710.589,False,True,UN_Comtrade_official_public_preview_reporter_query,2026-09-11T16:05:47+00:00
H6,702,SGP,Singapore,28,ATG,Antigua and Barbuda,False,M,2022,8542,654.255,False,True,UN_Comtrade_official_public_preview_reporter_query,2026-09-11T16:05:47+00:00
H6,702,SGP,Singapore,32,ARG,Argentina,False,M,2022,8542,269.101,False,True,UN_Comtrade_official_public_preview_reporter_query,2026-09-11T16:05:47+00:00
H6,702,SGP,Singapore,36,AUS,Australia,False,M,2022,8542,2705722.191,False,True,UN_Comtrade_official_public_preview_reporter_query,2026-09-11T16:05:47+00:00
H6,702,SGP,Singapore,40,AUT,Austria,False,M,2022,8542,116482489.637,False,True,UN_Comtrade_official_public_preview_reporter_query,2026-09-11T16:05:47+00:00
H6,702,SGP,Singapore,48,BHR,Bahrain,False,M,2022,8542,12813.104,False,True,UN_Comtrade_official_public_preview_reporter_query,2026-09-11T16:05:47+00:00
H6,702,SGP,Singapore,50,BGD,Bangladesh,False,M,2022,8542,9935.687,False,True,UN_Comtrade_official_public_preview_reporter_query,2026-09-11T16:05:47+00:00
H6,702,SGP,Singapore,51,ARM,Armenia,False,M,2022,8542,8928.191,False,True,UN_Comtrade_official_public_preview_reporter_query,2026-09-11T16:05:47+00:00
H6,702,SGP,Singapore,52,BRB,Barbados,False,M,2022,8542,32741.779,False,True,UN_Comtrade_official_public_preview_reporter_query,2026-09-11T16:05:47+00:00
H6,702,SGP,Singapore,56,BEL,Belgium,False,M,2022,8542,3717773.93,False,True,UN_Comtrade_official_public_preview_reporter_query,2026-09-11T16:05:47+00:00
H6,702,SGP,Singapore,76,BRA,Brazil,False,M,2022,8542,207868.23,False,True,UN_Comtrade_official_public_preview_reporter_query,2026-09-11T16:05:47+00:00
H6,702,SGP,Singapore,96,BRN,Brunei Darussalam,False,M,2022,8542,5995.648,False,True,UN_Comtrade_official_public_preview_reporter_query,2026-09-11T16:05:47+00:00
H6,702,SGP,Singapore,100,BGR,Bulgaria,False,M,2022,8542,1180819.872,False,True,UN_Comtrade_official_public_preview_reporter_query,2026-09-11T16:05:47+00:00
H6,702,SGP,Singapore,104,MMR,Myanmar,False,M,2022,8542,355721.228,False,True,UN_Comtrade_official_public_preview_reporter_query,2026-09-11T16:05:47+00:00
H6,702,SGP,Singapore,112,BLR,Belarus,False,M,2022,8542,21515.716,False,True,UN_Comtrade_official_public_preview_reporter_query,2026-09-11T16:05:47+00:00
H6,702,SGP,Singapore,116,KHM,Cambodia,False,M,2022,8542,3091.393,False,True,UN_Comtrade_official_public_preview_reporter_query,2026-09-11T16:05:47+00:00
H6,702,SGP,Singapore,120,CMR,Cameroon,False,M,2022,8542,333545.454,False,True,UN_Comtrade_official_public_preview_reporter_query,2026-09-11T16:05:47+00:00
H6,702,SGP,Singapore,124,CAN,Canada,False,M,2022,8542,115250334.659,False,True,UN_Comtrade_official_public_preview_reporter_query,2026-09-11T16:05:47+00:00
H6,702,SGP,Singapore,132,CPV,Cabo Verde,False,M,2022,8542,18916.828,False,True,UN_Comtrade_official_public_preview_reporter_query,2026-09-11T16:05:47+00:00
H6,702,SGP,Singapore,136,CYM,Cayman Isds,False,M,2022,8542,1068.424,False,True,UN_Comtrade_official_public_preview_reporter_query,2026-09-11T16:05:47+00:00
H6,702,SGP,Singapore,140,CAF,Central African Rep.,False,M,2022,8542,372.824,False,True,UN_Comtrade_official_public_preview_reporter_query,2026-09-11T16:05:47+00:00
H6,702,SGP,Singapore,144,LKA,Sri Lanka,False,M,2022,8542,91940.28,False,True,UN_Comtrade_official_public_preview_reporter_query,2026-09-11T16:05:47+00:00
H6,702,SGP,Singapore,152,CHL,Chile,False,M,2022,8542,13101.064,False,True,UN_Comtrade_official_public_preview_reporter_query,2026-09-11T16:05:47+00:00
H6,702,SGP,Singapore,156,CHN,China,False,M,2022,8542,8266290429.138,False,True,UN_Comtrade_official_public_preview_reporter_query,2026-09-11T16:05:47+00:00
H6,702,SGP,Singapore,162,CXR,Christmas Isds,False,M,2022,8542,860.251,False,True,UN_Comtrade_official_public_preview_reporter_query,2026-09-11T16:05:47+00:00
H6,702,SGP,Singapore,166,CCK,Cocos Isds,False,M,2022,8542,2004.11,False,True,UN_Comtrade_official_public_preview_reporter_query,2026-09-11T16:05:47+00:00
H6,702,SGP,Singapore,170,COL,Colombia,False,M,2022,8542,16402.079,False,True,UN_Comtrade_official_public_preview_reporter_query,2026-09-11T16:05:47+00:00
H6,702,SGP,Singapore,188,CRI,Costa Rica,False,M,2022,8542,115124749.553,False,True,UN_Comtrade_official_public_preview_reporter_query,2026-09-11T16:05:47+00:00
H6,702,SGP,Singapore,191,HRV,Croatia,False,M,2022,8542,680202.126,False,True,UN_Comtrade_official_public_preview_reporter_query,2026-09-11T16:05:47+00:00
H6,702,SGP,Singapore,196,CYP,Cyprus,False,M,2022,8542,83124.516,False,True,UN_Comtrade_official_public_preview_reporter_query,2026-09-11T16:05:47+00:00
H6,702,SGP,Singapore,203,CZE,Czechia,False,M,2022,8542,21583230.136,False,True,UN_Comtrade_official_public_preview_reporter_query,2026-09-11T16:05:47+00:00
H6,702,SGP,Singapore,208,DNK,Denmark,False,M,2022,8542,1110496.855,False,True,UN_Comtrade_official_public_preview_reporter_query,2026-09-11T16:05:47+00:00
H6,702,SGP,Singapore,212,DMA,Dominica,False,M,2022,8542,4309.961,False,True,UN_Comtrade_official_public_preview_reporter_query,2026-09-11T16:05:47+00:00
H6,702,SGP,Singapore,214,DOM,Dominican Rep.,False,M,2022,8542,21018.859,False,True,UN_Comtrade_official_public_preview_reporter_query,2026-09-11T16:05:47+00:00
H6,702,SGP,Singapore,222,SLV,El Salvador,False,M,2022,8542,1559185.442,False,True,UN_Comtrade_official_public_preview_reporter_query,2026-09-11T16:05:47+00:00
H6,702,SGP,Singapore,233,EST,Estonia,False,M,2022,8542,6915.377,False,True,UN_Comtrade_official_public_preview_reporter_query,2026-09-11T16:05:47+00:00
H6,702,SGP,Singapore,234,FRO,Faroe Isds,False,M,2022,8542,379.352,False,True,UN_Comtrade_official_public_preview_reporter_query,2026-09-11T16:05:47+00:00
H6,702,SGP,Singapore,246,FIN,Finland,False,M,2022,8542,387384.429,False,True,UN_Comtrade_official_public_preview_reporter_query,2026-09-11T16:05:47+00:00
H6,702,SGP,Singapore,251,FRA,France,False,M,2022,8542,644371765.048,False,True,UN_Comtrade_official_public_preview_reporter_query,2026-09-11T16:05:47+00:00
H6,702,SGP,Singapore,268,GEO,Georgia,False,M,2022,8542,5691.006,False,True,UN_Comtrade_official_public_preview_reporter_query,2026-09-11T16:05:47+00:00
H6,702,SGP,Singapore,270,GMB,Gambia,False,M,2022,8542,1703.095,False,True,UN_Comtrade_official_public_preview_reporter_query,2026-09-11T16:05:47+00:00
H6,702,SGP,Singapore,276,DEU,Germany,False,M,2022,8542,962612249.005,False,True,UN_Comtrade_official_public_preview_reporter_query,2026-09-11T16:05:47+00:00
H6,702,SGP,Singapore,300,GRC,Greece,False,M,2022,8542,15175.532,False,True,UN_Comtrade_official_public_preview_reporter_query,2026-09-11T16:05:47+00:00
H6,702,SGP,Singapore,336,VAT,Holy See (Vatican City State),False,M,2022,8542,10724.13,False,True,UN_Comtrade_official_public_preview_reporter_query,2026-09-11T16:05:47+00:00
H6,702,SGP,Singapore,340,HND,Honduras,False,M,2022,8542,79712.524,False,True,UN_Comtrade_official_public_preview_reporter_query,2026-09-11T16:05:47+00:00
H6,702,SGP,Singapore,344,HKG,"China, Hong Kong SAR",False,M,2022,8542,328352209.52,False,True,UN_Comtrade_official_public_preview_reporter_query,2026-09-11T16:05:47+00:00
H6,702,SGP,Singapore,348,HUN,Hungary,False,M,2022,8542,3571661.744,False,True,UN_Comtrade_official_public_preview_reporter_query,2026-09-11T16:05:47+00:00
H6,702,SGP,Singapore,352,ISL,Iceland,False,M,2022,8542,100139.507,False,True,UN_Comtrade_official_public_preview_reporter_query,2026-09-11T16:05:47+00:00
H6,702,SGP,Singapore,360,IDN,Indonesia,False,M,2022,8542,243996085.879,False,True,UN_Comtrade_official_public_preview_reporter_query,2026-09-11T16:05:47+00:00
H6,702,SGP,Singapore,372,IRL,Ireland,False,M,2022,8542,10564353.463,False,True,UN_Comtrade_official_public_preview_reporter_query,2026-09-11T16:05:47+00:00
H6,702,SGP,Singapore,376,ISR,Israel,False,M,2022,8542,46044410.459,False,True,UN_Comtrade_official_public_preview_reporter_query,2026-09-11T16:05:47+00:00
H6,702,SGP,Singapore,380,ITA,Italy,False,M,2022,8542,720742653.209,False,True,UN_Comtrade_official_public_preview_reporter_query,2026-09-11T16:05:47+00:00
H6,702,SGP,Singapore,392,JPN,Japan,False,M,2022,8542,4367688387.506,False,True,UN_Comtrade_official_public_preview_reporter_query,2026-09-11T16:05:47+00:00
H6,702,SGP,Singapore,400,JOR,Jordan,False,M,2022,8542,10288.201,False,True,UN_Comtrade_official_public_preview_reporter_query,2026-09-11T16:05:47+00:00
H6,702,SGP,Singapore,404,KEN,Kenya,False,M,2022,8542,97460.832,False,True,UN_Comtrade_official_public_preview_reporter_query,2026-09-11T16:05:47+00:00
H6,702,SGP,Singapore,410,KOR,Rep. of Korea,False,M,2022,8542,16685129107.762,False,True,UN_Comtrade_official_public_preview_reporter_query,2026-09-11T16:05:47+00:00
H6,702,SGP,Singapore,428,LVA,Latvia,False,M,2022,8542,90068.182,False,True,UN_Comtrade_official_public_preview_reporter_query,2026-09-11T16:05:47+00:00
H6,702,SGP,Singapore,430,LBR,Liberia,False,M,2022,8542,55999.758,False,True,UN_Comtrade_official_public_preview_reporter_query,2026-09-11T16:05:47+00:00
H6,702,SGP,Singapore,440,LTU,Lithuania,False,M,2022,8542,59086.073,False,True,UN_Comtrade_official_public_preview_reporter_query,2026-09-11T16:05:47+00:00
H6,702,SGP,Singapore,446,MAC,"China, Macao SAR",False,M,2022,8542,607805.366,False,True,UN_Comtrade_official_public_preview_reporter_query,2026-09-11T16:05:47+00:00
H6,702,SGP,Singapore,454,MWI,Malawi,False,M,2022,8542,12574.468,False,True,UN_Comtrade_official_public_preview_reporter_query,2026-09-11T16:05:47+00:00
H6,702,SGP,Singapore,458,MYS,Malaysia,False,M,2022,8542,15694473864.851,False,True,UN_Comtrade_official_public_preview_reporter_query,2026-09-11T16:05:47+00:00
H6,702,SGP,Singapore,462,MDV,Maldives,False,M,2022,8542,56210.106,False,True,UN_Comtrade_official_public_preview_reporter_query,2026-09-11T16:05:47+00:00
H6,702,SGP,Singapore,466,MLI,Mali,False,M,2022,8542,145799.565,False,True,UN_Comtrade_official_public_preview_reporter_query,2026-09-11T16:05:47+00:00
H6,702,SGP,Singapore,470,MLT,Malta,False,M,2022,8542,186994911.658,False,True,UN_Comtrade_official_public_preview_reporter_query,2026-09-11T16:05:47+00:00
H6,702,SGP,Singapore,478,MRT,Mauritania,False,M,2022,8542,776.838,False,True,UN_Comtrade_official_public_preview_reporter_query,2026-09-11T16:05:47+00:00
H6,702,SGP,Singapore,480,MUS,Mauritius,False,M,2022,8542,2960.832,False,True,UN_Comtrade_official_public_preview_reporter_query,2026-09-11T16:05:47+00:00
H6,702,SGP,Singapore,484,MEX,Mexico,False,M,2022,8542,138247570.111,False,True,UN_Comtrade_official_public_preview_reporter_query,2026-09-11T16:05:47+00:00
H6,702,SGP,Singapore,490,S19,"Other Asia, nes",False,M,2022,8542,47092978183.027,False,True,UN_Comtrade_official_public_preview_reporter_query,2026-09-11T16:05:47+00:00
H6,702,SGP,Singapore,499,MNE,Montenegro,False,M,2022,8542,27171.18,False,True,UN_Comtrade_official_public_preview_reporter_query,2026-09-11T16:05:47+00:00
H6,702,SGP,Singapore,504,MAR,Morocco,False,M,2022,8542,128140041.357,False,True,UN_Comtrade_official_public_preview_reporter_query,2026-09-11T16:05:47+00:00
H6,702,SGP,Singapore,508,MOZ,Mozambique,False,M,2022,8542,19656.673,False,True,UN_Comtrade_official_public_preview_reporter_query,2026-09-11T16:05:47+00:00
H6,702,SGP,Singapore,516,NAM,Namibia,False,M,2022,8542,56662.718,False,True,UN_Comtrade_official_public_preview_reporter_query,2026-09-11T16:05:47+00:00
H6,702,SGP,Singapore,528,NLD,Netherlands,False,M,2022,8542,13163962.984,False,True,UN_Comtrade_official_public_preview_reporter_query,2026-09-11T16:05:47+00:00
H6,702,SGP,Singapore,540,NCL,New Caledonia,False,M,2022,8542,8926.741,False,True,UN_Comtrade_official_public_preview_reporter_query,2026-09-11T16:05:47+00:00
H6,702,SGP,Singapore,554,NZL,New Zealand,False,M,2022,8542,182189.797,False,True,UN_Comtrade_official_public_preview_reporter_query,2026-09-11T16:05:47+00:00
H6,702,SGP,Singapore,570,NIU,Niue,False,M,2022,8542,60514.99,False,True,UN_Comtrade_official_public_preview_reporter_query,2026-09-11T16:05:47+00:00
H6,702,SGP,Singapore,579,NOR,Norway,False,M,2022,8542,202947.533,False,True,UN_Comtrade_official_public_preview_reporter_query,2026-09-11T16:05:47+00:00
H6,702,SGP,Singapore,580,MNP,N. Mariana Isds,False,M,2022,8542,1922.872,False,True,UN_Comtrade_official_public_preview_reporter_query,2026-09-11T16:05:47+00:00
H6,702,SGP,Singapore,581,UMI,United States Minor Outlying Islands,False,M,2022,8542,82492.746,False,True,UN_Comtrade_official_public_preview_reporter_query,2026-09-11T16:05:47+00:00
H6,702,SGP,Singapore,583,FSM,FS Micronesia,False,M,2022,8542,2543.037,False,True,UN_Comtrade_official_public_preview_reporter_query,2026-09-11T16:05:47+00:00
H6,702,SGP,Singapore,586,PAK,Pakistan,False,M,2022,8542,1096683.509,False,True,UN_Comtrade_official_public_preview_reporter_query,2026-09-11T16:05:47+00:00
H6,702,SGP,Singapore,598,PNG,Papua New Guinea,False,M,2022,8542,3269.826,False,True,UN_Comtrade_official_public_preview_reporter_query,2026-09-11T16:05:47+00:00
H6,702,SGP,Singapore,604,PER,Peru,False,M,2022,8542,660.058,False,True,UN_Comtrade_official_public_preview_reporter_query,2026-09-11T16:05:47+00:00
H6,702,SGP,Singapore,608,PHL,Philippines,False,M,2022,8542,5620699759.058,False,True,UN_Comtrade_official_public_preview_reporter_query,2026-09-11T16:05:47+00:00
H6,702,SGP,Singapore,612,PCN,Pitcairn,False,M,2022,8542,54258.22,False,True,UN_Comtrade_official_public_preview_reporter_query,2026-09-11T16:05:47+00:00
H6,702,SGP,Singapore,616,POL,Poland,False,M,2022,8542,710654.738,False,True,UN_Comtrade_official_public_preview_reporter_query,2026-09-11T16:05:47+00:00
H6,702,SGP,Singapore,620,PRT,Portugal,False,M,2022,8542,120569174.349,False,True,UN_Comtrade_official_public_preview_reporter_query,2026-09-11T16:05:47+00:00
H6,702,SGP,Singapore,624,GNB,Guinea-Bissau,False,M,2022,8542,174.081,False,True,UN_Comtrade_official_public_preview_reporter_query,2026-09-11T16:05:47+00:00
H6,702,SGP,Singapore,642,ROU,Romania,False,M,2022,8542,221985.493,False,True,UN_Comtrade_official_public_preview_reporter_query,2026-09-11T16:05:47+00:00
H6,702,SGP,Singapore,643,RUS,Russian Federation,False,M,2022,8542,19140.232,False,True,UN_Comtrade_official_public_preview_reporter_query,2026-09-11T16:05:47+00:00
H6,702,SGP,Singapore,646,RWA,Rwanda,False,M,2022,8542,124474.613,False,True,UN_Comtrade_official_public_preview_reporter_query,2026-09-11T16:05:47+00:00
H6,702,SGP,Singapore,659,KNA,Saint Kitts and Nevis,False,M,2022,8542,907.398,False,True,UN_Comtrade_official_public_preview_reporter_query,2026-09-11T16:05:47+00:00
H6,702,SGP,Singapore,666,SPM,Saint Pierre and Miquelon,False,M,2022,8542,484.526,False,True,UN_Comtrade_official_public_preview_reporter_query,2026-09-11T16:05:47+00:00
H6,702,SGP,Singapore,678,STP,Sao Tome and Principe,False,M,2022,8542,7657.398,False,True,UN_Comtrade_official_public_preview_reporter_query,2026-09-11T16:05:47+00:00
H6,702,SGP,Singapore,682,SAU,Saudi Arabia,False,M,2022,8542,529.497,False,True,UN_Comtrade_official_public_preview_reporter_query,2026-09-11T16:05:47+00:00
H6,702,SGP,Singapore,686,SEN,Senegal,False,M,2022,8542,4314.313,False,True,UN_Comtrade_official_public_preview_reporter_query,2026-09-11T16:05:47+00:00
H6,702,SGP,Singapore,688,SRB,Serbia,False,M,2022,8542,23.936,False,True,UN_Comtrade_official_public_preview_reporter_query,2026-09-11T16:05:47+00:00
H6,702,SGP,Singapore,699,IND,India,False,M,2022,8542,12112441.951,False,True,UN_Comtrade_official_public_preview_reporter_query,2026-09-11T16:05:47+00:00
H6,702,SGP,Singapore,703,SVK,Slovakia,False,M,2022,8542,387859.525,False,True,UN_Comtrade_official_public_preview_reporter_query,2026-09-11T16:05:47+00:00
H6,702,SGP,Singapore,704,VNM,Viet Nam,False,M,2022,8542,473466749.879,False,True,UN_Comtrade_official_public_preview_reporter_query,2026-09-11T16:05:47+00:00
H6,702,SGP,Singapore,705,SVN,Slovenia,False,M,2022,8542,338668.52,False,True,UN_Comtrade_official_public_preview_reporter_query,2026-09-11T16:05:47+00:00
H6,702,SGP,Singapore,710,ZAF,South Africa,False,M,2022,8542,85875.725,False,True,UN_Comtrade_official_public_preview_reporter_query,2026-09-11T16:05:47+00:00
H6,702,SGP,Singapore,724,ESP,Spain,False,M,2022,8542,1454335.587,False,True,UN_Comtrade_official_public_preview_reporter_query,2026-09-11T16:05:47+00:00
H6,702,SGP,Singapore,729,SDN,Sudan,False,M,2022,8542,41.344,False,True,UN_Comtrade_official_public_preview_reporter_query,2026-09-11T16:05:47+00:00
H6,702,SGP,Singapore,748,SWZ,Eswatini,False,M,2022,8542,13743.714,False,True,UN_Comtrade_official_public_preview_reporter_query,2026-09-11T16:05:47+00:00
H6,702,SGP,Singapore,752,SWE,Sweden,False,M,2022,8542,1468795.935,False,True,UN_Comtrade_official_public_preview_reporter_query,2026-09-11T16:05:47+00:00
H6,702,SGP,Singapore,757,CHE,Switzerland,False,M,2022,8542,28444819.098,False,True,UN_Comtrade_official_public_preview_reporter_query,2026-09-11T16:05:47+00:00
H6,702,SGP,Singapore,762,TJK,Tajikistan,False,M,2022,8542,40232.35,False,True,UN_Comtrade_official_public_preview_reporter_query,2026-09-11T16:05:47+00:00
H6,702,SGP,Singapore,764,THA,Thailand,False,M,2022,8542,4340408404.721,False,True,UN_Comtrade_official_public_preview_reporter_query,2026-09-11T16:05:47+00:00
H6,702,SGP,Singapore,768,TGO,Togo,False,M,2022,8542,39522.244,False,True,UN_Comtrade_official_public_preview_reporter_query,2026-09-11T16:05:47+00:00
H6,702,SGP,Singapore,784,ARE,United Arab Emirates,False,M,2022,8542,2053943.903,False,True,UN_Comtrade_official_public_preview_reporter_query,2026-09-11T16:05:47+00:00
H6,702,SGP,Singapore,788,TUN,Tunisia,False,M,2022,8542,68862.186,False,True,UN_Comtrade_official_public_preview_reporter_query,2026-09-11T16:05:47+00:00
H6,702,SGP,Singapore,792,TUR,Türkiye,False,M,2022,8542,55624.033,False,True,UN_Comtrade_official_public_preview_reporter_query,2026-09-11T16:05:47+00:00
H6,702,SGP,Singapore,796,TCA,Turks and Caicos Isds,False,M,2022,8542,220774.903,False,True,UN_Comtrade_official_public_preview_reporter_query,2026-09-11T16:05:47+00:00
H6,702,SGP,Singapore,804,UKR,Ukraine,False,M,2022,8542,8990.571,False,True,UN_Comtrade_official_public_preview_reporter_query,2026-09-11T16:05:47+00:00
H6,702,SGP,Singapore,807,MKD,North Macedonia,False,M,2022,8542,6562.863,False,True,UN_Comtrade_official_public_preview_reporter_query,2026-09-11T16:05:47+00:00
H6,702,SGP,Singapore,826,GBR,United Kingdom,False,M,2022,8542,17314225.791,False,True,UN_Comtrade_official_public_preview_reporter_query,2026-09-11T16:05:47+00:00
H6,702,SGP,Singapore,834,TZA,United Rep. of Tanzania,False,M,2022,8542,68293.52,False,True,UN_Comtrade_official_public_preview_reporter_query,2026-09-11T16:05:47+00:00
H6,702,SGP,Singapore,842,USA,USA,False,M,2022,8542,1422033262.208,False,True,UN_Comtrade_official_public_preview_reporter_query,2026-09-11T16:05:47+00:00
H6,702,SGP,Singapore,858,URY,Uruguay,False,M,2022,8542,1627.66,False,True,UN_Comtrade_official_public_preview_reporter_query,2026-09-11T16:05:47+00:00
H6,702,SGP,Singapore,860,UZB,Uzbekistan,False,M,2022,8542,27129.836,False,True,UN_Comtrade_official_public_preview_reporter_query,2026-09-11T16:05:47+00:00
H6,702,SGP,Singapore,12,DZA,Algeria,False,X,2022,8542,366229.932,False,True,UN_Comtrade_official_public_preview_reporter_query,2026-09-11T16:05:47+00:00
H6,702,SGP,Singapore,20,AND,Andorra,False,X,2022,8542,105205.271,False,True,UN_Comtrade_official_public_preview_reporter_query,2026-09-11T16:05:47+00:00
H6,702,SGP,Singapore,24,AGO,Angola,False,X,2022,8542,109756.044,False,True,UN_Comtrade_official_public_preview_reporter_query,2026-09-11T16:05:47+00:00
H6,702,SGP,Singapore,28,ATG,Antigua and Barbuda,False,X,2022,8542,1749.516,False,True,UN_Comtrade_official_public_preview_reporter_query,2026-09-11T16:05:47+00:00
H6,702,SGP,Singapore,31,AZE,Azerbaijan,False,X,2022,8542,5334.865,False,True,UN_Comtrade_official_public_preview_reporter_query,2026-09-11T16:05:47+00:00
H6,702,SGP,Singapore,32,ARG,Argentina,False,X,2022,8542,3905357.343,False,True,UN_Comtrade_official_public_preview_reporter_query,2026-09-11T16:05:47+00:00
H6,702,SGP,Singapore,36,AUS,Australia,False,X,2022,8542,74375346.337,False,True,UN_Comtrade_official_public_preview_reporter_query,2026-09-11T16:05:47+00:00
H6,702,SGP,Singapore,40,AUT,Austria,False,X,2022,8542,151953581.45,False,True,UN_Comtrade_official_public_preview_reporter_query,2026-09-11T16:05:47+00:00
H6,702,SGP,Singapore,48,BHR,Bahrain,False,X,2022,8542,14170.938,False,True,UN_Comtrade_official_public_preview_reporter_query,2026-09-11T16:05:47+00:00
H6,702,SGP,Singapore,50,BGD,Bangladesh,False,X,2022,8542,7195998.295,False,True,UN_Comtrade_official_public_preview_reporter_query,2026-09-11T16:05:47+00:00
H6,702,SGP,Singapore,51,ARM,Armenia,False,X,2022,8542,423581.721,False,True,UN_Comtrade_official_public_preview_reporter_query,2026-09-11T16:05:47+00:00
H6,702,SGP,Singapore,52,BRB,Barbados,False,X,2022,8542,993.714,False,True,UN_Comtrade_official_public_preview_reporter_query,2026-09-11T16:05:47+00:00
H6,702,SGP,Singapore,56,BEL,Belgium,False,X,2022,8542,408003654.252,False,True,UN_Comtrade_official_public_preview_reporter_query,2026-09-11T16:05:47+00:00
H6,702,SGP,Singapore,64,BTN,Bhutan,False,X,2022,8542,4846.712,False,True,UN_Comtrade_official_public_preview_reporter_query,2026-09-11T16:05:47+00:00
H6,702,SGP,Singapore,68,BOL,Bolivia (Plurinational State of),False,X,2022,8542,3642.65,False,True,UN_Comtrade_official_public_preview_reporter_query,2026-09-11T16:05:47+00:00
H6,702,SGP,Singapore,72,BWA,Botswana,False,X,2022,8542,2572.05,False,True,UN_Comtrade_official_public_preview_reporter_query,2026-09-11T16:05:47+00:00
H6,702,SGP,Singapore,76,BRA,Brazil,False,X,2022,8542,468016026.243,False,True,UN_Comtrade_official_public_preview_reporter_query,2026-09-11T16:05:47+00:00
H6,702,SGP,Singapore,96,BRN,Brunei Darussalam,False,X,2022,8542,4004467.594,False,True,UN_Comtrade_official_public_preview_reporter_query,2026-09-11T16:05:47+00:00
H6,702,SGP,Singapore,100,BGR,Bulgaria,False,X,2022,8542,7397848.391,False,True,UN_Comtrade_official_public_preview_reporter_query,2026-09-11T16:05:47+00:00
H6,702,SGP,Singapore,104,MMR,Myanmar,False,X,2022,8542,7263869.668,False,True,UN_Comtrade_official_public_preview_reporter_query,2026-09-11T16:05:47+00:00
H6,702,SGP,Singapore,112,BLR,Belarus,False,X,2022,8542,4289.652,False,True,UN_Comtrade_official_public_preview_reporter_query,2026-09-11T16:05:47+00:00
H6,702,SGP,Singapore,116,KHM,Cambodia,False,X,2022,8542,959413.199,False,True,UN_Comtrade_official_public_preview_reporter_query,2026-09-11T16:05:47+00:00
H6,702,SGP,Singapore,120,CMR,Cameroon,False,X,2022,8542,426346.711,False,True,UN_Comtrade_official_public_preview_reporter_query,2026-09-11T16:05:47+00:00
H6,702,SGP,Singapore,124,CAN,Canada,False,X,2022,8542,126154799.339,False,True,UN_Comtrade_official_public_preview_reporter_query,2026-09-11T16:05:47+00:00
H6,702,SGP,Singapore,144,LKA,Sri Lanka,False,X,2022,8542,5025338.724,False,True,UN_Comtrade_official_public_preview_reporter_query,2026-09-11T16:05:47+00:00
H6,702,SGP,Singapore,152,CHL,Chile,False,X,2022,8542,108467.843,False,True,UN_Comtrade_official_public_preview_reporter_query,2026-09-11T16:05:47+00:00
H6,702,SGP,Singapore,156,CHN,China,False,X,2022,8542,21368010423.863,False,True,UN_Comtrade_official_public_preview_reporter_query,2026-09-11T16:05:47+00:00
H6,702,SGP,Singapore,170,COL,Colombia,False,X,2022,8542,5630189.787,False,True,UN_Comtrade_official_public_preview_reporter_query,2026-09-11T16:05:47+00:00
H6,702,SGP,Singapore,188,CRI,Costa Rica,False,X,2022,8542,6589349.843,False,True,UN_Comtrade_official_public_preview_reporter_query,2026-09-11T16:05:47+00:00
H6,702,SGP,Singapore,191,HRV,Croatia,False,X,2022,8542,90876.209,False,True,UN_Comtrade_official_public_preview_reporter_query,2026-09-11T16:05:47+00:00
H6,702,SGP,Singapore,196,CYP,Cyprus,False,X,2022,8542,2588.733,False,True,UN_Comtrade_official_public_preview_reporter_query,2026-09-11T16:05:47+00:00
H6,702,SGP,Singapore,203,CZE,Czechia,False,X,2022,8542,69589879.228,False,True,UN_Comtrade_official_public_preview_reporter_query,2026-09-11T16:05:47+00:00
H6,702,SGP,Singapore,208,DNK,Denmark,False,X,2022,8542,6528585.336,False,True,UN_Comtrade_official_public_preview_reporter_query,2026-09-11T16:05:47+00:00
H6,702,SGP,Singapore,214,DOM,Dominican Rep.,False,X,2022,8542,96776.837,False,True,UN_Comtrade_official_public_preview_reporter_query,2026-09-11T16:05:47+00:00
H6,702,SGP,Singapore,218,ECU,Ecuador,False,X,2022,8542,2526938.583,False,True,UN_Comtrade_official_public_preview_reporter_query,2026-09-11T16:05:47+00:00
H6,702,SGP,Singapore,222,SLV,El Salvador,False,X,2022,8542,24221.954,False,True,UN_Comtrade_official_public_preview_reporter_query,2026-09-11T16:05:47+00:00
H6,702,SGP,Singapore,231,ETH,Ethiopia,False,X,2022,8542,56440.764,False,True,UN_Comtrade_official_public_preview_reporter_query,2026-09-11T16:05:47+00:00
H6,702,SGP,Singapore,233,EST,Estonia,False,X,2022,8542,5999490.076,False,True,UN_Comtrade_official_public_preview_reporter_query,2026-09-11T16:05:47+00:00
H6,702,SGP,Singapore,242,FJI,Fiji,False,X,2022,8542,1291.103,False,True,UN_Comtrade_official_public_preview_reporter_query,2026-09-11T16:05:47+00:00
H6,702,SGP,Singapore,246,FIN,Finland,False,X,2022,8542,309185443.838,False,True,UN_Comtrade_official_public_preview_reporter_query,2026-09-11T16:05:47+00:00
H6,702,SGP,Singapore,251,FRA,France,False,X,2022,8542,1087326473.879,False,True,UN_Comtrade_official_public_preview_reporter_query,2026-09-11T16:05:47+00:00
H6,702,SGP,Singapore,258,PYF,French Polynesia,False,X,2022,8542,37192.456,False,True,UN_Comtrade_official_public_preview_reporter_query,2026-09-11T16:05:47+00:00
H6,702,SGP,Singapore,266,GAB,Gabon,False,X,2022,8542,586870.647,False,True,UN_Comtrade_official_public_preview_reporter_query,2026-09-11T16:05:47+00:00
H6,702,SGP,Singapore,268,GEO,Georgia,False,X,2022,8542,74234.768,False,True,UN_Comtrade_official_public_preview_reporter_query,2026-09-11T16:05:47+00:00
H6,702,SGP,Singapore,276,DEU,Germany,False,X,2022,8542,2908147264.146,False,True,UN_Comtrade_official_public_preview_reporter_query,2026-09-11T16:05:47+00:00
H6,702,SGP,Singapore,300,GRC,Greece,False,X,2022,8542,1678101.786,False,True,UN_Comtrade_official_public_preview_reporter_query,2026-09-11T16:05:47+00:00
H6,702,SGP,Singapore,316,GUM,Guam,False,X,2022,8542,14661.267,False,True,UN_Comtrade_official_public_preview_reporter_query,2026-09-11T16:05:47+00:00
H6,702,SGP,Singapore,320,GTM,Guatemala,False,X,2022,8542,4008.22,False,True,UN_Comtrade_official_public_preview_reporter_query,2026-09-11T16:05:47+00:00
H6,702,SGP,Singapore,334,HMD,Heard Island and McDonald Islands,False,X,2022,8542,3045499.753,False,True,UN_Comtrade_official_public_preview_reporter_query,2026-09-11T16:05:47+00:00
H6,702,SGP,Singapore,340,HND,Honduras,False,X,2022,8542,378907.398,False,True,UN_Comtrade_official_public_preview_reporter_query,2026-09-11T16:05:47+00:00
H6,702,SGP,Singapore,344,HKG,"China, Hong Kong SAR",False,X,2022,8542,37848955984.359,False,True,UN_Comtrade_official_public_preview_reporter_query,2026-09-11T16:05:47+00:00
H6,702,SGP,Singapore,348,HUN,Hungary,False,X,2022,8542,117334480.206,False,True,UN_Comtrade_official_public_preview_reporter_query,2026-09-11T16:05:47+00:00
H6,702,SGP,Singapore,352,ISL,Iceland,False,X,2022,8542,32776.596,False,True,UN_Comtrade_official_public_preview_reporter_query,2026-09-11T16:05:47+00:00
H6,702,SGP,Singapore,360,IDN,Indonesia,False,X,2022,8542,2622378883.129,False,True,UN_Comtrade_official_public_preview_reporter_query,2026-09-11T16:05:47+00:00
H6,702,SGP,Singapore,372,IRL,Ireland,False,X,2022,8542,9098766.425,False,True,UN_Comtrade_official_public_preview_reporter_query,2026-09-11T16:05:47+00:00
H6,702,SGP,Singapore,376,ISR,Israel,False,X,2022,8542,180642643.052,False,True,UN_Comtrade_official_public_preview_reporter_query,2026-09-11T16:05:47+00:00
H6,702,SGP,Singapore,380,ITA,Italy,False,X,2022,8542,175567273.381,False,True,UN_Comtrade_official_public_preview_reporter_query,2026-09-11T16:05:47+00:00
H6,702,SGP,Singapore,392,JPN,Japan,False,X,2022,8542,3946376476.508,False,True,UN_Comtrade_official_public_preview_reporter_query,2026-09-11T16:05:47+00:00
H6,702,SGP,Singapore,398,KAZ,Kazakhstan,False,X,2022,8542,514230.899,False,True,UN_Comtrade_official_public_preview_reporter_query,2026-09-11T16:05:47+00:00
H6,702,SGP,Singapore,404,KEN,Kenya,False,X,2022,8542,305825.193,False,True,UN_Comtrade_official_public_preview_reporter_query,2026-09-11T16:05:47+00:00
H6,702,SGP,Singapore,410,KOR,Rep. of Korea,False,X,2022,8542,6114092865.043,False,True,UN_Comtrade_official_public_preview_reporter_query,2026-09-11T16:05:47+00:00
H6,702,SGP,Singapore,414,KWT,Kuwait,False,X,2022,8542,11572.776,False,True,UN_Comtrade_official_public_preview_reporter_query,2026-09-11T16:05:47+00:00
H6,702,SGP,Singapore,417,KGZ,Kyrgyzstan,False,X,2022,8542,8139.749,False,True,UN_Comtrade_official_public_preview_reporter_query,2026-09-11T16:05:47+00:00
H6,702,SGP,Singapore,418,LAO,Lao People's Dem. Rep.,False,X,2022,8542,10491.296,False,True,UN_Comtrade_official_public_preview_reporter_query,2026-09-11T16:05:47+00:00
H6,702,SGP,Singapore,428,LVA,Latvia,False,X,2022,8542,43866642.572,False,True,UN_Comtrade_official_public_preview_reporter_query,2026-09-11T16:05:47+00:00
H6,702,SGP,Singapore,440,LTU,Lithuania,False,X,2022,8542,2741629.347,False,True,UN_Comtrade_official_public_preview_reporter_query,2026-09-11T16:05:47+00:00
H6,702,SGP,Singapore,442,LUX,Luxembourg,False,X,2022,8542,541560.927,False,True,UN_Comtrade_official_public_preview_reporter_query,2026-09-11T16:05:47+00:00
H6,702,SGP,Singapore,446,MAC,"China, Macao SAR",False,X,2022,8542,14504581.454,False,True,UN_Comtrade_official_public_preview_reporter_query,2026-09-11T16:05:47+00:00
H6,702,SGP,Singapore,458,MYS,Malaysia,False,X,2022,8542,11574482291.699,False,True,UN_Comtrade_official_public_preview_reporter_query,2026-09-11T16:05:47+00:00
H6,702,SGP,Singapore,462,MDV,Maldives,False,X,2022,8542,1161897.242,False,True,UN_Comtrade_official_public_preview_reporter_query,2026-09-11T16:05:47+00:00
H6,702,SGP,Singapore,470,MLT,Malta,False,X,2022,8542,25790521.231,False,True,UN_Comtrade_official_public_preview_reporter_query,2026-09-11T16:05:47+00:00
H6,702,SGP,Singapore,480,MUS,Mauritius,False,X,2022,8542,1632.012,False,True,UN_Comtrade_official_public_preview_reporter_query,2026-09-11T16:05:47+00:00
H6,702,SGP,Singapore,484,MEX,Mexico,False,X,2022,8542,1007535148.345,False,True,UN_Comtrade_official_public_preview_reporter_query,2026-09-11T16:05:47+00:00
H6,702,SGP,Singapore,490,S19,"Other Asia, nes",False,X,2022,8542,10341747769.966,False,True,UN_Comtrade_official_public_preview_reporter_query,2026-09-11T16:05:47+00:00
H6,702,SGP,Singapore,496,MNG,Mongolia,False,X,2022,8542,350686.653,False,True,UN_Comtrade_official_public_preview_reporter_query,2026-09-11T16:05:47+00:00
H6,702,SGP,Singapore,498,MDA,Rep. of Moldova,False,X,2022,8542,4095.986,False,True,UN_Comtrade_official_public_preview_reporter_query,2026-09-11T16:05:47+00:00
H6,702,SGP,Singapore,504,MAR,Morocco,False,X,2022,8542,186529794.879,False,True,UN_Comtrade_official_public_preview_reporter_query,2026-09-11T16:05:47+00:00
H6,702,SGP,Singapore,512,OMN,Oman,False,X,2022,8542,22377.418,False,True,UN_Comtrade_official_public_preview_reporter_query,2026-09-11T16:05:47+00:00
H6,702,SGP,Singapore,516,NAM,Namibia,False,X,2022,8542,5734.526,False,True,UN_Comtrade_official_public_preview_reporter_query,2026-09-11T16:05:47+00:00
H6,702,SGP,Singapore,524,NPL,Nepal,False,X,2022,8542,60645.551,False,True,UN_Comtrade_official_public_preview_reporter_query,2026-09-11T16:05:47+00:00
H6,702,SGP,Singapore,528,NLD,Netherlands,False,X,2022,8542,1723380490.151,False,True,UN_Comtrade_official_public_preview_reporter_query,2026-09-11T16:05:47+00:00
H6,702,SGP,Singapore,540,NCL,New Caledonia,False,X,2022,8542,2401.596,False,True,UN_Comtrade_official_public_preview_reporter_query,2026-09-11T16:05:47+00:00
H6,702,SGP,Singapore,548,VUT,Vanuatu,False,X,2022,8542,3266.199,False,True,UN_Comtrade_official_public_preview_reporter_query,2026-09-11T16:05:47+00:00
H6,702,SGP,Singapore,554,NZL,New Zealand,False,X,2022,8542,20493260.36,False,True,UN_Comtrade_official_public_preview_reporter_query,2026-09-11T16:05:47+00:00
H6,702,SGP,Singapore,566,NGA,Nigeria,False,X,2022,8542,6022147.475,False,True,UN_Comtrade_official_public_preview_reporter_query,2026-09-11T16:05:47+00:00
H6,702,SGP,Singapore,579,NOR,Norway,False,X,2022,8542,3376857.586,False,True,UN_Comtrade_official_public_preview_reporter_query,2026-09-11T16:05:47+00:00
H6,702,SGP,Singapore,580,MNP,N. Mariana Isds,False,X,2022,8542,2671.422,False,True,UN_Comtrade_official_public_preview_reporter_query,2026-09-11T16:05:47+00:00
H6,702,SGP,Singapore,581,UMI,United States Minor Outlying Islands,False,X,2022,8542,18341.634,False,True,UN_Comtrade_official_public_preview_reporter_query,2026-09-11T16:05:47+00:00
H6,702,SGP,Singapore,583,FSM,FS Micronesia,False,X,2022,8542,1008.221,False,True,UN_Comtrade_official_public_preview_reporter_query,2026-09-11T16:05:47+00:00
H6,702,SGP,Singapore,586,PAK,Pakistan,False,X,2022,8542,3282628.863,False,True,UN_Comtrade_official_public_preview_reporter_query,2026-09-11T16:05:47+00:00
H6,702,SGP,Singapore,591,PAN,Panama,False,X,2022,8542,11409.574,False,True,UN_Comtrade_official_public_preview_reporter_query,2026-09-11T16:05:47+00:00
H6,702,SGP,Singapore,598,PNG,Papua New Guinea,False,X,2022,8542,150763.056,False,True,UN_Comtrade_official_public_preview_reporter_query,2026-09-11T16:05:47+00:00
H6,702,SGP,Singapore,600,PRY,Paraguay,False,X,2022,8542,10117.747,False,True,UN_Comtrade_official_public_preview_reporter_query,2026-09-11T16:05:47+00:00
H6,702,SGP,Singapore,604,PER,Peru,False,X,2022,8542,59694.632,False,True,UN_Comtrade_official_public_preview_reporter_query,2026-09-11T16:05:47+00:00
H6,702,SGP,Singapore,608,PHL,Philippines,False,X,2022,8542,1363694198.241,False,True,UN_Comtrade_official_public_preview_reporter_query,2026-09-11T16:05:47+00:00
H6,702,SGP,Singapore,616,POL,Poland,False,X,2022,8542,123883323.521,False,True,UN_Comtrade_official_public_preview_reporter_query,2026-09-11T16:05:47+00:00
H6,702,SGP,Singapore,620,PRT,Portugal,False,X,2022,8542,191843354.831,False,True,UN_Comtrade_official_public_preview_reporter_query,2026-09-11T16:05:47+00:00
H6,702,SGP,Singapore,626,TLS,Timor-Leste,False,X,2022,8542,7323.743,False,True,UN_Comtrade_official_public_preview_reporter_query,2026-09-11T16:05:47+00:00
H6,702,SGP,Singapore,634,QAT,Qatar,False,X,2022,8542,322857.591,False,True,UN_Comtrade_official_public_preview_reporter_query,2026-09-11T16:05:47+00:00
H6,702,SGP,Singapore,642,ROU,Romania,False,X,2022,8542,72084164.523,False,True,UN_Comtrade_official_public_preview_reporter_query,2026-09-11T16:05:47+00:00
H6,702,SGP,Singapore,643,RUS,Russian Federation,False,X,2022,8542,11085385.86,False,True,UN_Comtrade_official_public_preview_reporter_query,2026-09-11T16:05:47+00:00
H6,702,SGP,Singapore,682,SAU,Saudi Arabia,False,X,2022,8542,5997158.838,False,True,UN_Comtrade_official_public_preview_reporter_query,2026-09-11T16:05:47+00:00
H6,702,SGP,Singapore,686,SEN,Senegal,False,X,2022,8542,1529.739,False,True,UN_Comtrade_official_public_preview_reporter_query,2026-09-11T16:05:47+00:00
H6,702,SGP,Singapore,688,SRB,Serbia,False,X,2022,8542,4299721.704,False,True,UN_Comtrade_official_public_preview_reporter_query,2026-09-11T16:05:47+00:00
H6,702,SGP,Singapore,690,SYC,Seychelles,False,X,2022,8542,4642.892,False,True,UN_Comtrade_official_public_preview_reporter_query,2026-09-11T16:05:47+00:00
H6,702,SGP,Singapore,699,IND,India,False,X,2022,8542,1563230012.197,False,True,UN_Comtrade_official_public_preview_reporter_query,2026-09-11T16:05:47+00:00
H6,702,SGP,Singapore,703,SVK,Slovakia,False,X,2022,8542,16563659.303,False,True,UN_Comtrade_official_public_preview_reporter_query,2026-09-11T16:05:47+00:00
H6,702,SGP,Singapore,704,VNM,Viet Nam,False,X,2022,8542,6507645511.342,False,True,UN_Comtrade_official_public_preview_reporter_query,2026-09-11T16:05:47+00:00
H6,702,SGP,Singapore,705,SVN,Slovenia,False,X,2022,8542,1544262.328,False,True,UN_Comtrade_official_public_preview_reporter_query,2026-09-11T16:05:47+00:00
H6,702,SGP,Singapore,710,ZAF,South Africa,False,X,2022,8542,8502016.668,False,True,UN_Comtrade_official_public_preview_reporter_query,2026-09-11T16:05:47+00:00
H6,702,SGP,Singapore,716,ZWE,Zimbabwe,False,X,2022,8542,178110.493,False,True,UN_Comtrade_official_public_preview_reporter_query,2026-09-11T16:05:47+00:00
H6,702,SGP,Singapore,724,ESP,Spain,False,X,2022,8542,7599470.731,False,True,UN_Comtrade_official_public_preview_reporter_query,2026-09-11T16:05:47+00:00
H6,702,SGP,Singapore,748,SWZ,Eswatini,False,X,2022,8542,2161.509,False,True,UN_Comtrade_official_public_preview_reporter_query,2026-09-11T16:05:47+00:00
H6,702,SGP,Singapore,752,SWE,Sweden,False,X,2022,8542,32263627.602,False,True,UN_Comtrade_official_public_preview_reporter_query,2026-09-11T16:05:47+00:00
H6,702,SGP,Singapore,757,CHE,Switzerland,False,X,2022,8542,44295074.631,False,True,UN_Comtrade_official_public_preview_reporter_query,2026-09-11T16:05:47+00:00
H6,702,SGP,Singapore,764,THA,Thailand,False,X,2022,8542,3654117264.748,False,True,UN_Comtrade_official_public_preview_reporter_query,2026-09-11T16:05:47+00:00
H6,702,SGP,Singapore,780,TTO,Trinidad and Tobago,False,X,2022,8542,1083.656,False,True,UN_Comtrade_official_public_preview_reporter_query,2026-09-11T16:05:47+00:00
H6,702,SGP,Singapore,784,ARE,United Arab Emirates,False,X,2022,8542,6358723.393,False,True,UN_Comtrade_official_public_preview_reporter_query,2026-09-11T16:05:47+00:00
H6,702,SGP,Singapore,788,TUN,Tunisia,False,X,2022,8542,31781302.168,False,True,UN_Comtrade_official_public_preview_reporter_query,2026-09-11T16:05:47+00:00
H6,702,SGP,Singapore,792,TUR,Türkiye,False,X,2022,8542,27430917.021,False,True,UN_Comtrade_official_public_preview_reporter_query,2026-09-11T16:05:47+00:00
H6,702,SGP,Singapore,796,TCA,Turks and Caicos Isds,False,X,2022,8542,159699.226,False,True,UN_Comtrade_official_public_preview_reporter_query,2026-09-11T16:05:47+00:00
H6,702,SGP,Singapore,798,TUV,Tuvalu,False,X,2022,8542,173301.499,False,True,UN_Comtrade_official_public_preview_reporter_query,2026-09-11T16:05:47+00:00
H6,702,SGP,Singapore,800,UGA,Uganda,False,X,2022,8542,342.36,False,True,UN_Comtrade_official_public_preview_reporter_query,2026-09-11T16:05:47+00:00
H6,702,SGP,Singapore,804,UKR,Ukraine,False,X,2022,8542,93103.723,False,True,UN_Comtrade_official_public_preview_reporter_query,2026-09-11T16:05:47+00:00
H6,702,SGP,Singapore,807,MKD,North Macedonia,False,X,2022,8542,4201595.012,False,True,UN_Comtrade_official_public_preview_reporter_query,2026-09-11T16:05:47+00:00
H6,702,SGP,Singapore,818,EGY,Egypt,False,X,2022,8542,5218109.033,False,True,UN_Comtrade_official_public_preview_reporter_query,2026-09-11T16:05:47+00:00
H6,702,SGP,Singapore,826,GBR,United Kingdom,False,X,2022,8542,149194343.786,False,True,UN_Comtrade_official_public_preview_reporter_query,2026-09-11T16:05:47+00:00
H6,702,SGP,Singapore,842,USA,USA,False,X,2022,8542,5146160833.407,False,True,UN_Comtrade_official_public_preview_reporter_query,2026-09-11T16:05:47+00:00
H6,702,SGP,Singapore,860,UZB,Uzbekistan,False,X,2022,8542,39480.899,False,True,UN_Comtrade_official_public_preview_reporter_query,2026-09-11T16:05:47+00:00
H6,702,SGP,Singapore,882,WSM,Samoa,False,X,2022,8542,4144.584,False,True,UN_Comtrade_official_public_preview_reporter_query,2026-09-11T16:05:47+00:00
H6,702,SGP,Singapore,894,ZMB,Zambia,False,X,2022,8542,1151.838,False,True,UN_Comtrade_official_public_preview_reporter_query,2026-09-11T16:05:47+00:00
H5,764,THA,Thailand,4,AFG,Afghanistan,False,M,2017,8542,122.77,False,True,UN_Comtrade_official_public_preview_reporter_query,2026-09-11T16:05:47+00:00
H5,764,THA,Thailand,8,ALB,Albania,False,M,2017,8542,3734.27,False,True,UN_Comtrade_official_public_preview_reporter_query,2026-09-11T16:05:47+00:00
H5,764,THA,Thailand,16,ASM,American Samoa,False,M,2017,8542,35170.85,False,True,UN_Comtrade_official_public_preview_reporter_query,2026-09-11T16:05:47+00:00
H5,764,THA,Thailand,20,AND,Andorra,False,M,2017,8542,25342.26,False,True,UN_Comtrade_official_public_preview_reporter_query,2026-09-11T16:05:47+00:00
H5,764,THA,Thailand,36,AUS,Australia,False,M,2017,8542,2543892.81,False,True,UN_Comtrade_official_public_preview_reporter_query,2026-09-11T16:05:47+00:00
H5,764,THA,Thailand,40,AUT,Austria,False,M,2017,8542,5602342.47,False,True,UN_Comtrade_official_public_preview_reporter_query,2026-09-11T16:05:47+00:00
H5,764,THA,Thailand,48,BHR,Bahrain,False,M,2017,8542,32.07,False,True,UN_Comtrade_official_public_preview_reporter_query,2026-09-11T16:05:47+00:00
H5,764,THA,Thailand,50,BGD,Bangladesh,False,M,2017,8542,9.84,False,True,UN_Comtrade_official_public_preview_reporter_query,2026-09-11T16:05:47+00:00
H5,764,THA,Thailand,52,BRB,Barbados,False,M,2017,8542,69.2,False,True,UN_Comtrade_official_public_preview_reporter_query,2026-09-11T16:05:47+00:00
H5,764,THA,Thailand,56,BEL,Belgium,False,M,2017,8542,23165388.34,False,True,UN_Comtrade_official_public_preview_reporter_query,2026-09-11T16:05:47+00:00
H5,764,THA,Thailand,68,BOL,Bolivia (Plurinational State of),False,M,2017,8542,5.97,False,True,UN_Comtrade_official_public_preview_reporter_query,2026-09-11T16:05:47+00:00
H5,764,THA,Thailand,76,BRA,Brazil,False,M,2017,8542,419022.4,False,True,UN_Comtrade_official_public_preview_reporter_query,2026-09-11T16:05:47+00:00
H5,764,THA,Thailand,86,IOT,Br. Indian Ocean Terr.,False,M,2017,8542,983.49,False,True,UN_Comtrade_official_public_preview_reporter_query,2026-09-11T16:05:47+00:00
H5,764,THA,Thailand,92,VGB,Br. Virgin Isds,False,M,2017,8542,73909.15,False,True,UN_Comtrade_official_public_preview_reporter_query,2026-09-11T16:05:47+00:00
H5,764,THA,Thailand,96,BRN,Brunei Darussalam,False,M,2017,8542,470.01,False,True,UN_Comtrade_official_public_preview_reporter_query,2026-09-11T16:05:47+00:00
H5,764,THA,Thailand,100,BGR,Bulgaria,False,M,2017,8542,117429.36,False,True,UN_Comtrade_official_public_preview_reporter_query,2026-09-11T16:05:47+00:00
H5,764,THA,Thailand,104,MMR,Myanmar,False,M,2017,8542,1355.24,False,True,UN_Comtrade_official_public_preview_reporter_query,2026-09-11T16:05:47+00:00
H5,764,THA,Thailand,116,KHM,Cambodia,False,M,2017,8542,9957.89,False,True,UN_Comtrade_official_public_preview_reporter_query,2026-09-11T16:05:47+00:00
H5,764,THA,Thailand,120,CMR,Cameroon,False,M,2017,8542,1209.63,False,True,UN_Comtrade_official_public_preview_reporter_query,2026-09-11T16:05:47+00:00
H5,764,THA,Thailand,124,CAN,Canada,False,M,2017,8542,56059086.71,False,True,UN_Comtrade_official_public_preview_reporter_query,2026-09-11T16:05:47+00:00
H5,764,THA,Thailand,144,LKA,Sri Lanka,False,M,2017,8542,27.21,False,True,UN_Comtrade_official_public_preview_reporter_query,2026-09-11T16:05:47+00:00
H5,764,THA,Thailand,152,CHL,Chile,False,M,2017,8542,8.9,False,True,UN_Comtrade_official_public_preview_reporter_query,2026-09-11T16:05:47+00:00
H5,764,THA,Thailand,156,CHN,China,False,M,2017,8542,841607641.96,False,True,UN_Comtrade_official_public_preview_reporter_query,2026-09-11T16:05:47+00:00
H5,764,THA,Thailand,166,CCK,Cocos Isds,False,M,2017,8542,289.99,False,True,UN_Comtrade_official_public_preview_reporter_query,2026-09-11T16:05:47+00:00
H5,764,THA,Thailand,170,COL,Colombia,False,M,2017,8542,4.33,False,True,UN_Comtrade_official_public_preview_reporter_query,2026-09-11T16:05:47+00:00
H5,764,THA,Thailand,188,CRI,Costa Rica,False,M,2017,8542,386358.99,False,True,UN_Comtrade_official_public_preview_reporter_query,2026-09-11T16:05:47+00:00
H5,764,THA,Thailand,191,HRV,Croatia,False,M,2017,8542,431.05,False,True,UN_Comtrade_official_public_preview_reporter_query,2026-09-11T16:05:47+00:00
H5,764,THA,Thailand,196,CYP,Cyprus,False,M,2017,8542,9480.05,False,True,UN_Comtrade_official_public_preview_reporter_query,2026-09-11T16:05:47+00:00
H5,764,THA,Thailand,203,CZE,Czechia,False,M,2017,8542,2164200.49,False,True,UN_Comtrade_official_public_preview_reporter_query,2026-09-11T16:05:47+00:00
H5,764,THA,Thailand,208,DNK,Denmark,False,M,2017,8542,6260117.99,False,True,UN_Comtrade_official_public_preview_reporter_query,2026-09-11T16:05:47+00:00
H5,764,THA,Thailand,218,ECU,Ecuador,False,M,2017,8542,750.9,False,True,UN_Comtrade_official_public_preview_reporter_query,2026-09-11T16:05:47+00:00
H5,764,THA,Thailand,222,SLV,El Salvador,False,M,2017,8542,36836.2,False,True,UN_Comtrade_official_public_preview_reporter_query,2026-09-11T16:05:47+00:00
H5,764,THA,Thailand,246,FIN,Finland,False,M,2017,8542,269068.47,False,True,UN_Comtrade_official_public_preview_reporter_query,2026-09-11T16:05:47+00:00
H5,764,THA,Thailand,251,FRA,France,False,M,2017,8542,40172412.55,False,True,UN_Comtrade_official_public_preview_reporter_query,2026-09-11T16:05:47+00:00
H5,764,THA,Thailand,266,GAB,Gabon,False,M,2017,8542,931.46,False,True,UN_Comtrade_official_public_preview_reporter_query,2026-09-11T16:05:47+00:00
H5,764,THA,Thailand,276,DEU,Germany,False,M,2017,8542,167308189.57,False,True,UN_Comtrade_official_public_preview_reporter_query,2026-09-11T16:05:47+00:00
H5,764,THA,Thailand,344,HKG,"China, Hong Kong SAR",False,M,2017,8542,20689385.97,False,True,UN_Comtrade_official_public_preview_reporter_query,2026-09-11T16:05:47+00:00
H5,764,THA,Thailand,348,HUN,Hungary,False,M,2017,8542,1808670.82,False,True,UN_Comtrade_official_public_preview_reporter_query,2026-09-11T16:05:47+00:00
H5,764,THA,Thailand,352,ISL,Iceland,False,M,2017,8542,19015.64,False,True,UN_Comtrade_official_public_preview_reporter_query,2026-09-11T16:05:47+00:00
H5,764,THA,Thailand,360,IDN,Indonesia,False,M,2017,8542,10095689.89,False,True,UN_Comtrade_official_public_preview_reporter_query,2026-09-11T16:05:47+00:00
H5,764,THA,Thailand,372,IRL,Ireland,False,M,2017,8542,731064.85,False,True,UN_Comtrade_official_public_preview_reporter_query,2026-09-11T16:05:47+00:00
H5,764,THA,Thailand,376,ISR,Israel,False,M,2017,8542,23532720.73,False,True,UN_Comtrade_official_public_preview_reporter_query,2026-09-11T16:05:47+00:00
H5,764,THA,Thailand,380,ITA,Italy,False,M,2017,8542,26046057.1,False,True,UN_Comtrade_official_public_preview_reporter_query,2026-09-11T16:05:47+00:00
H5,764,THA,Thailand,392,JPN,Japan,False,M,2017,8542,1742223361.7,False,True,UN_Comtrade_official_public_preview_reporter_query,2026-09-11T16:05:47+00:00
H5,764,THA,Thailand,404,KEN,Kenya,False,M,2017,8542,410761.72,False,True,UN_Comtrade_official_public_preview_reporter_query,2026-09-11T16:05:47+00:00
H5,764,THA,Thailand,408,PRK,Dem. People's Rep. of Korea,False,M,2017,8542,2755.88,False,True,UN_Comtrade_official_public_preview_reporter_query,2026-09-11T16:05:47+00:00
H5,764,THA,Thailand,410,KOR,Rep. of Korea,False,M,2017,8542,762391175.92,False,True,UN_Comtrade_official_public_preview_reporter_query,2026-09-11T16:05:47+00:00
H5,764,THA,Thailand,414,KWT,Kuwait,False,M,2017,8542,4080.26,False,True,UN_Comtrade_official_public_preview_reporter_query,2026-09-11T16:05:47+00:00
H5,764,THA,Thailand,417,KGZ,Kyrgyzstan,False,M,2017,8542,5132.43,False,True,UN_Comtrade_official_public_preview_reporter_query,2026-09-11T16:05:47+00:00
H5,764,THA,Thailand,418,LAO,Lao People's Dem. Rep.,False,M,2017,8542,2132290.11,False,True,UN_Comtrade_official_public_preview_reporter_query,2026-09-11T16:05:47+00:00
H5,764,THA,Thailand,422,LBN,Lebanon,False,M,2017,8542,27.5,False,True,UN_Comtrade_official_public_preview_reporter_query,2026-09-11T16:05:47+00:00
H5,764,THA,Thailand,428,LVA,Latvia,False,M,2017,8542,36.7,False,True,UN_Comtrade_official_public_preview_reporter_query,2026-09-11T16:05:47+00:00
H5,764,THA,Thailand,442,LUX,Luxembourg,False,M,2017,8542,270.98,False,True,UN_Comtrade_official_public_preview_reporter_query,2026-09-11T16:05:47+00:00
H5,764,THA,Thailand,446,MAC,"China, Macao SAR",False,M,2017,8542,5450.98,False,True,UN_Comtrade_official_public_preview_reporter_query,2026-09-11T16:05:47+00:00
H5,764,THA,Thailand,458,MYS,Malaysia,False,M,2017,8542,772459256.39,False,True,UN_Comtrade_official_public_preview_reporter_query,2026-09-11T16:05:47+00:00
H5,764,THA,Thailand,462,MDV,Maldives,False,M,2017,8542,1375.19,False,True,UN_Comtrade_official_public_preview_reporter_query,2026-09-11T16:05:47+00:00
H5,764,THA,Thailand,466,MLI,Mali,False,M,2017,8542,12795.66,False,True,UN_Comtrade_official_public_preview_reporter_query,2026-09-11T16:05:47+00:00
H5,764,THA,Thailand,470,MLT,Malta,False,M,2017,8542,8084673.07,False,True,UN_Comtrade_official_public_preview_reporter_query,2026-09-11T16:05:47+00:00
H5,764,THA,Thailand,478,MRT,Mauritania,False,M,2017,8542,104.3,False,True,UN_Comtrade_official_public_preview_reporter_query,2026-09-11T16:05:47+00:00
H5,764,THA,Thailand,480,MUS,Mauritius,False,M,2017,8542,2249.99,False,True,UN_Comtrade_official_public_preview_reporter_query,2026-09-11T16:05:47+00:00
H5,764,THA,Thailand,484,MEX,Mexico,False,M,2017,8542,8133253.71,False,True,UN_Comtrade_official_public_preview_reporter_query,2026-09-11T16:05:47+00:00
H5,764,THA,Thailand,490,S19,"Other Asia, nes",False,M,2017,8542,2981502436.95,False,True,UN_Comtrade_official_public_preview_reporter_query,2026-09-11T16:05:47+00:00
H5,764,THA,Thailand,499,MNE,Montenegro,False,M,2017,8542,268.96,False,True,UN_Comtrade_official_public_preview_reporter_query,2026-09-11T16:05:47+00:00
H5,764,THA,Thailand,504,MAR,Morocco,False,M,2017,8542,2724850.79,False,True,UN_Comtrade_official_public_preview_reporter_query,2026-09-11T16:05:47+00:00
H5,764,THA,Thailand,508,MOZ,Mozambique,False,M,2017,8542,1547.23,False,True,UN_Comtrade_official_public_preview_reporter_query,2026-09-11T16:05:47+00:00
H5,764,THA,Thailand,512,OMN,Oman,False,M,2017,8542,913.41,False,True,UN_Comtrade_official_public_preview_reporter_query,2026-09-11T16:05:47+00:00
H5,764,THA,Thailand,528,NLD,Netherlands,False,M,2017,8542,129014713.21,False,True,UN_Comtrade_official_public_preview_reporter_query,2026-09-11T16:05:47+00:00
H5,764,THA,Thailand,531,CUW,Curaçao,False,M,2017,8542,8476.0,False,True,UN_Comtrade_official_public_preview_reporter_query,2026-09-11T16:05:47+00:00
H5,764,THA,Thailand,554,NZL,New Zealand,False,M,2017,8542,284553.52,False,True,UN_Comtrade_official_public_preview_reporter_query,2026-09-11T16:05:47+00:00
H5,764,THA,Thailand,562,NER,Niger,False,M,2017,8542,169.01,False,True,UN_Comtrade_official_public_preview_reporter_query,2026-09-11T16:05:47+00:00
H5,764,THA,Thailand,566,NGA,Nigeria,False,M,2017,8542,5.34,False,True,UN_Comtrade_official_public_preview_reporter_query,2026-09-11T16:05:47+00:00
H5,764,THA,Thailand,579,NOR,Norway,False,M,2017,8542,227530.11,False,True,UN_Comtrade_official_public_preview_reporter_query,2026-09-11T16:05:47+00:00
H5,764,THA,Thailand,586,PAK,Pakistan,False,M,2017,8542,179.32,False,True,UN_Comtrade_official_public_preview_reporter_query,2026-09-11T16:05:47+00:00
H5,764,THA,Thailand,591,PAN,Panama,False,M,2017,8542,1226.91,False,True,UN_Comtrade_official_public_preview_reporter_query,2026-09-11T16:05:47+00:00
H5,764,THA,Thailand,598,PNG,Papua New Guinea,False,M,2017,8542,5569.92,False,True,UN_Comtrade_official_public_preview_reporter_query,2026-09-11T16:05:47+00:00
H5,764,THA,Thailand,608,PHL,Philippines,False,M,2017,8542,490698006.84,False,True,UN_Comtrade_official_public_preview_reporter_query,2026-09-11T16:05:47+00:00
H5,764,THA,Thailand,612,PCN,Pitcairn,False,M,2017,8542,7582.14,False,True,UN_Comtrade_official_public_preview_reporter_query,2026-09-11T16:05:47+00:00
H5,764,THA,Thailand,616,POL,Poland,False,M,2017,8542,516265.05,False,True,UN_Comtrade_official_public_preview_reporter_query,2026-09-11T16:05:47+00:00
H5,764,THA,Thailand,620,PRT,Portugal,False,M,2017,8542,965754.04,False,True,UN_Comtrade_official_public_preview_reporter_query,2026-09-11T16:05:47+00:00
H5,764,THA,Thailand,634,QAT,Qatar,False,M,2017,8542,59.03,False,True,UN_Comtrade_official_public_preview_reporter_query,2026-09-11T16:05:47+00:00
H5,764,THA,Thailand,642,ROU,Romania,False,M,2017,8542,47212.41,False,True,UN_Comtrade_official_public_preview_reporter_query,2026-09-11T16:05:47+00:00
H5,764,THA,Thailand,643,RUS,Russian Federation,False,M,2017,8542,5909.66,False,True,UN_Comtrade_official_public_preview_reporter_query,2026-09-11T16:05:47+00:00
H5,764,THA,Thailand,646,RWA,Rwanda,False,M,2017,8542,10447.93,False,True,UN_Comtrade_official_public_preview_reporter_query,2026-09-11T16:05:47+00:00
H5,764,THA,Thailand,660,AIA,Anguilla,False,M,2017,8542,6907.73,False,True,UN_Comtrade_official_public_preview_reporter_query,2026-09-11T16:05:47+00:00
H5,764,THA,Thailand,682,SAU,Saudi Arabia,False,M,2017,8542,17.56,False,True,UN_Comtrade_official_public_preview_reporter_query,2026-09-11T16:05:47+00:00
H5,764,THA,Thailand,686,SEN,Senegal,False,M,2017,8542,981.05,False,True,UN_Comtrade_official_public_preview_reporter_query,2026-09-11T16:05:47+00:00
H5,764,THA,Thailand,688,SRB,Serbia,False,M,2017,8542,909.23,False,True,UN_Comtrade_official_public_preview_reporter_query,2026-09-11T16:05:47+00:00
H5,764,THA,Thailand,699,IND,India,False,M,2017,8542,406628.06,False,True,UN_Comtrade_official_public_preview_reporter_query,2026-09-11T16:05:47+00:00
H5,764,THA,Thailand,702,SGP,Singapore,False,M,2017,8542,846538733.13,False,True,UN_Comtrade_official_public_preview_reporter_query,2026-09-11T16:05:47+00:00
H5,764,THA,Thailand,703,SVK,Slovakia,False,M,2017,8542,35650.84,False,True,UN_Comtrade_official_public_preview_reporter_query,2026-09-11T16:05:47+00:00
H5,764,THA,Thailand,704,VNM,Viet Nam,False,M,2017,8542,42135914.84,False,True,UN_Comtrade_official_public_preview_reporter_query,2026-09-11T16:05:47+00:00
H5,764,THA,Thailand,705,SVN,Slovenia,False,M,2017,8542,2445.48,False,True,UN_Comtrade_official_public_preview_reporter_query,2026-09-11T16:05:47+00:00
H5,764,THA,Thailand,706,SOM,Somalia,False,M,2017,8542,65418.63,False,True,UN_Comtrade_official_public_preview_reporter_query,2026-09-11T16:05:47+00:00
H5,764,THA,Thailand,710,ZAF,South Africa,False,M,2017,8542,23176.76,False,True,UN_Comtrade_official_public_preview_reporter_query,2026-09-11T16:05:47+00:00
H5,764,THA,Thailand,724,ESP,Spain,False,M,2017,8542,1283811.48,False,True,UN_Comtrade_official_public_preview_reporter_query,2026-09-11T16:05:47+00:00
H5,764,THA,Thailand,748,SWZ,Eswatini,False,M,2017,8542,18716.29,False,True,UN_Comtrade_official_public_preview_reporter_query,2026-09-11T16:05:47+00:00
H5,764,THA,Thailand,752,SWE,Sweden,False,M,2017,8542,2732012.46,False,True,UN_Comtrade_official_public_preview_reporter_query,2026-09-11T16:05:47+00:00
H5,764,THA,Thailand,757,CHE,Switzerland,False,M,2017,8542,18664371.05,False,True,UN_Comtrade_official_public_preview_reporter_query,2026-09-11T16:05:47+00:00
H5,764,THA,Thailand,764,THA,Thailand,False,M,2017,8542,329336706.68,False,True,UN_Comtrade_official_public_preview_reporter_query,2026-09-11T16:05:47+00:00
H5,764,THA,Thailand,784,ARE,United Arab Emirates,False,M,2017,8542,739.83,False,True,UN_Comtrade_official_public_preview_reporter_query,2026-09-11T16:05:47+00:00
H5,764,THA,Thailand,788,TUN,Tunisia,False,M,2017,8542,722.42,False,True,UN_Comtrade_official_public_preview_reporter_query,2026-09-11T16:05:47+00:00
H5,764,THA,Thailand,792,TUR,Türkiye,False,M,2017,8542,1025.02,False,True,UN_Comtrade_official_public_preview_reporter_query,2026-09-11T16:05:47+00:00
H5,764,THA,Thailand,796,TCA,Turks and Caicos Isds,False,M,2017,8542,6114.54,False,True,UN_Comtrade_official_public_preview_reporter_query,2026-09-11T16:05:47+00:00
H5,764,THA,Thailand,804,UKR,Ukraine,False,M,2017,8542,337121.1,False,True,UN_Comtrade_official_public_preview_reporter_query,2026-09-11T16:05:47+00:00
H5,764,THA,Thailand,807,MKD,North Macedonia,False,M,2017,8542,1097.91,False,True,UN_Comtrade_official_public_preview_reporter_query,2026-09-11T16:05:47+00:00
H5,764,THA,Thailand,826,GBR,United Kingdom,False,M,2017,8542,230052979.39,False,True,UN_Comtrade_official_public_preview_reporter_query,2026-09-11T16:05:47+00:00
H5,764,THA,Thailand,842,USA,USA,False,M,2017,8542,1538607780.63,False,True,UN_Comtrade_official_public_preview_reporter_query,2026-09-11T16:05:47+00:00
H5,764,THA,Thailand,862,VEN,Venezuela,False,M,2017,8542,65.07,False,True,UN_Comtrade_official_public_preview_reporter_query,2026-09-11T16:05:47+00:00
H5,764,THA,Thailand,876,WLF,Wallis and Futuna Isds,False,M,2017,8542,20531.38,False,True,UN_Comtrade_official_public_preview_reporter_query,2026-09-11T16:05:47+00:00
H5,764,THA,Thailand,899,_X ,"Areas, nes",False,M,2017,8542,19.86,False,True,UN_Comtrade_official_public_preview_reporter_query,2026-09-11T16:05:47+00:00
H5,764,THA,Thailand,8,ALB,Albania,False,X,2017,8542,25.95,False,True,UN_Comtrade_official_public_preview_reporter_query,2026-09-11T16:05:47+00:00
H5,764,THA,Thailand,12,DZA,Algeria,False,X,2017,8542,6058.32,False,True,UN_Comtrade_official_public_preview_reporter_query,2026-09-11T16:05:47+00:00
H5,764,THA,Thailand,31,AZE,Azerbaijan,False,X,2017,8542,262.11,False,True,UN_Comtrade_official_public_preview_reporter_query,2026-09-11T16:05:47+00:00
H5,764,THA,Thailand,32,ARG,Argentina,False,X,2017,8542,8161823.65,False,True,UN_Comtrade_official_public_preview_reporter_query,2026-09-11T16:05:47+00:00
H5,764,THA,Thailand,36,AUS,Australia,False,X,2017,8542,2119516.8,False,True,UN_Comtrade_official_public_preview_reporter_query,2026-09-11T16:05:47+00:00
H5,764,THA,Thailand,40,AUT,Austria,False,X,2017,8542,406743.08,False,True,UN_Comtrade_official_public_preview_reporter_query,2026-09-11T16:05:47+00:00
H5,764,THA,Thailand,44,BHS,Bahamas,False,X,2017,8542,543.89,False,True,UN_Comtrade_official_public_preview_reporter_query,2026-09-11T16:05:47+00:00
H5,764,THA,Thailand,48,BHR,Bahrain,False,X,2017,8542,6180.0,False,True,UN_Comtrade_official_public_preview_reporter_query,2026-09-11T16:05:47+00:00
H5,764,THA,Thailand,50,BGD,Bangladesh,False,X,2017,8542,103886.77,False,True,UN_Comtrade_official_public_preview_reporter_query,2026-09-11T16:05:47+00:00
H5,764,THA,Thailand,56,BEL,Belgium,False,X,2017,8542,5780742.31,False,True,UN_Comtrade_official_public_preview_reporter_query,2026-09-11T16:05:47+00:00
H5,764,THA,Thailand,60,BMU,Bermuda,False,X,2017,8542,9007.97,False,True,UN_Comtrade_official_public_preview_reporter_query,2026-09-11T16:05:47+00:00
H5,764,THA,Thailand,70,BIH,Bosnia Herzegovina,False,X,2017,8542,11.46,False,True,UN_Comtrade_official_public_preview_reporter_query,2026-09-11T16:05:47+00:00
H5,764,THA,Thailand,76,BRA,Brazil,False,X,2017,8542,10845797.22,False,True,UN_Comtrade_official_public_preview_reporter_query,2026-09-11T16:05:47+00:00
H5,764,THA,Thailand,84,BLZ,Belize,False,X,2017,8542,13.6,False,True,UN_Comtrade_official_public_preview_reporter_query,2026-09-11T16:05:47+00:00
H5,764,THA,Thailand,96,BRN,Brunei Darussalam,False,X,2017,8542,848.32,False,True,UN_Comtrade_official_public_preview_reporter_query,2026-09-11T16:05:47+00:00
H5,764,THA,Thailand,100,BGR,Bulgaria,False,X,2017,8542,236226.1,False,True,UN_Comtrade_official_public_preview_reporter_query,2026-09-11T16:05:47+00:00
H5,764,THA,Thailand,104,MMR,Myanmar,False,X,2017,8542,1665861.22,False,True,UN_Comtrade_official_public_preview_reporter_query,2026-09-11T16:05:47+00:00
H5,764,THA,Thailand,116,KHM,Cambodia,False,X,2017,8542,427895.18,False,True,UN_Comtrade_official_public_preview_reporter_query,2026-09-11T16:05:47+00:00
H5,764,THA,Thailand,120,CMR,Cameroon,False,X,2017,8542,30.51,False,True,UN_Comtrade_official_public_preview_reporter_query,2026-09-11T16:05:47+00:00
H5,764,THA,Thailand,124,CAN,Canada,False,X,2017,8542,9967886.22,False,True,UN_Comtrade_official_public_preview_reporter_query,2026-09-11T16:05:47+00:00
H5,764,THA,Thailand,136,CYM,Cayman Isds,False,X,2017,8542,76873.08,False,True,UN_Comtrade_official_public_preview_reporter_query,2026-09-11T16:05:47+00:00
H5,764,THA,Thailand,144,LKA,Sri Lanka,False,X,2017,8542,24823.98,False,True,UN_Comtrade_official_public_preview_reporter_query,2026-09-11T16:05:47+00:00
H5,764,THA,Thailand,152,CHL,Chile,False,X,2017,8542,3079.61,False,True,UN_Comtrade_official_public_preview_reporter_query,2026-09-11T16:05:47+00:00
H5,764,THA,Thailand,156,CHN,China,False,X,2017,8542,1074417654.19,False,True,UN_Comtrade_official_public_preview_reporter_query,2026-09-11T16:05:47+00:00
H5,764,THA,Thailand,170,COL,Colombia,False,X,2017,8542,12885.53,False,True,UN_Comtrade_official_public_preview_reporter_query,2026-09-11T16:05:47+00:00
H5,764,THA,Thailand,188,CRI,Costa Rica,False,X,2017,8542,591.34,False,True,UN_Comtrade_official_public_preview_reporter_query,2026-09-11T16:05:47+00:00
H5,764,THA,Thailand,191,HRV,Croatia,False,X,2017,8542,3928.38,False,True,UN_Comtrade_official_public_preview_reporter_query,2026-09-11T16:05:47+00:00
H5,764,THA,Thailand,196,CYP,Cyprus,False,X,2017,8542,19719.43,False,True,UN_Comtrade_official_public_preview_reporter_query,2026-09-11T16:05:47+00:00
H5,764,THA,Thailand,203,CZE,Czechia,False,X,2017,8542,15251097.66,False,True,UN_Comtrade_official_public_preview_reporter_query,2026-09-11T16:05:47+00:00
H5,764,THA,Thailand,208,DNK,Denmark,False,X,2017,8542,1961604.15,False,True,UN_Comtrade_official_public_preview_reporter_query,2026-09-11T16:05:47+00:00
H5,764,THA,Thailand,212,DMA,Dominica,False,X,2017,8542,512.94,False,True,UN_Comtrade_official_public_preview_reporter_query,2026-09-11T16:05:47+00:00
H5,764,THA,Thailand,218,ECU,Ecuador,False,X,2017,8542,126282.58,False,True,UN_Comtrade_official_public_preview_reporter_query,2026-09-11T16:05:47+00:00
H5,764,THA,Thailand,231,ETH,Ethiopia,False,X,2017,8542,517.98,False,True,UN_Comtrade_official_public_preview_reporter_query,2026-09-11T16:05:47+00:00
H5,764,THA,Thailand,233,EST,Estonia,False,X,2017,8542,9003957.34,False,True,UN_Comtrade_official_public_preview_reporter_query,2026-09-11T16:05:47+00:00
H5,764,THA,Thailand,242,FJI,Fiji,False,X,2017,8542,46.59,False,True,UN_Comtrade_official_public_preview_reporter_query,2026-09-11T16:05:47+00:00
H5,764,THA,Thailand,246,FIN,Finland,False,X,2017,8542,71308.21,False,True,UN_Comtrade_official_public_preview_reporter_query,2026-09-11T16:05:47+00:00
H5,764,THA,Thailand,251,FRA,France,False,X,2017,8542,8192716.17,False,True,UN_Comtrade_official_public_preview_reporter_query,2026-09-11T16:05:47+00:00
H5,764,THA,Thailand,258,PYF,French Polynesia,False,X,2017,8542,30.87,False,True,UN_Comtrade_official_public_preview_reporter_query,2026-09-11T16:05:47+00:00
H5,764,THA,Thailand,268,GEO,Georgia,False,X,2017,8542,7401.31,False,True,UN_Comtrade_official_public_preview_reporter_query,2026-09-11T16:05:47+00:00
H5,764,THA,Thailand,276,DEU,Germany,False,X,2017,8542,520826335.6,False,True,UN_Comtrade_official_public_preview_reporter_query,2026-09-11T16:05:47+00:00
H5,764,THA,Thailand,292,GIB,Gibraltar,False,X,2017,8542,254.65,False,True,UN_Comtrade_official_public_preview_reporter_query,2026-09-11T16:05:47+00:00
H5,764,THA,Thailand,300,GRC,Greece,False,X,2017,8542,1676.22,False,True,UN_Comtrade_official_public_preview_reporter_query,2026-09-11T16:05:47+00:00
H5,764,THA,Thailand,320,GTM,Guatemala,False,X,2017,8542,17334.67,False,True,UN_Comtrade_official_public_preview_reporter_query,2026-09-11T16:05:47+00:00
H5,764,THA,Thailand,344,HKG,"China, Hong Kong SAR",False,X,2017,8542,2065373469.68,False,True,UN_Comtrade_official_public_preview_reporter_query,2026-09-11T16:05:47+00:00
H5,764,THA,Thailand,348,HUN,Hungary,False,X,2017,8542,8323031.33,False,True,UN_Comtrade_official_public_preview_reporter_query,2026-09-11T16:05:47+00:00
H5,764,THA,Thailand,352,ISL,Iceland,False,X,2017,8542,387854.01,False,True,UN_Comtrade_official_public_preview_reporter_query,2026-09-11T16:05:47+00:00
H5,764,THA,Thailand,360,IDN,Indonesia,False,X,2017,8542,14118607.08,False,True,UN_Comtrade_official_public_preview_reporter_query,2026-09-11T16:05:47+00:00
H5,764,THA,Thailand,368,IRQ,Iraq,False,X,2017,8542,2437.05,False,True,UN_Comtrade_official_public_preview_reporter_query,2026-09-11T16:05:47+00:00
H5,764,THA,Thailand,372,IRL,Ireland,False,X,2017,8542,6796247.9,False,True,UN_Comtrade_official_public_preview_reporter_query,2026-09-11T16:05:47+00:00
H5,764,THA,Thailand,376,ISR,Israel,False,X,2017,8542,10801116.59,False,True,UN_Comtrade_official_public_preview_reporter_query,2026-09-11T16:05:47+00:00
H5,764,THA,Thailand,380,ITA,Italy,False,X,2017,8542,954764.52,False,True,UN_Comtrade_official_public_preview_reporter_query,2026-09-11T16:05:47+00:00
H5,764,THA,Thailand,388,JAM,Jamaica,False,X,2017,8542,15.41,False,True,UN_Comtrade_official_public_preview_reporter_query,2026-09-11T16:05:47+00:00
H5,764,THA,Thailand,392,JPN,Japan,False,X,2017,8542,655588684.59,False,True,UN_Comtrade_official_public_preview_reporter_query,2026-09-11T16:05:47+00:00
H5,764,THA,Thailand,400,JOR,Jordan,False,X,2017,8542,258.53,False,True,UN_Comtrade_official_public_preview_reporter_query,2026-09-11T16:05:47+00:00
H5,764,THA,Thailand,404,KEN,Kenya,False,X,2017,8542,5.26,False,True,UN_Comtrade_official_public_preview_reporter_query,2026-09-11T16:05:47+00:00
H5,764,THA,Thailand,408,PRK,Dem. People's Rep. of Korea,False,X,2017,8542,0.99,False,True,UN_Comtrade_official_public_preview_reporter_query,2026-09-11T16:05:47+00:00
H5,764,THA,Thailand,410,KOR,Rep. of Korea,False,X,2017,8542,377980760.32,False,True,UN_Comtrade_official_public_preview_reporter_query,2026-09-11T16:05:47+00:00
H5,764,THA,Thailand,414,KWT,Kuwait,False,X,2017,8542,11221.32,False,True,UN_Comtrade_official_public_preview_reporter_query,2026-09-11T16:05:47+00:00
H5,764,THA,Thailand,418,LAO,Lao People's Dem. Rep.,False,X,2017,8542,23878531.3,False,True,UN_Comtrade_official_public_preview_reporter_query,2026-09-11T16:05:47+00:00
H5,764,THA,Thailand,422,LBN,Lebanon,False,X,2017,8542,0.97,False,True,UN_Comtrade_official_public_preview_reporter_query,2026-09-11T16:05:47+00:00
H5,764,THA,Thailand,428,LVA,Latvia,False,X,2017,8542,41292.73,False,True,UN_Comtrade_official_public_preview_reporter_query,2026-09-11T16:05:47+00:00
H5,764,THA,Thailand,440,LTU,Lithuania,False,X,2017,8542,5787.02,False,True,UN_Comtrade_official_public_preview_reporter_query,2026-09-11T16:05:47+00:00
H5,764,THA,Thailand,442,LUX,Luxembourg,False,X,2017,8542,1532.41,False,True,UN_Comtrade_official_public_preview_reporter_query,2026-09-11T16:05:47+00:00
H5,764,THA,Thailand,446,MAC,"China, Macao SAR",False,X,2017,8542,39716.84,False,True,UN_Comtrade_official_public_preview_reporter_query,2026-09-11T16:05:47+00:00
H5,764,THA,Thailand,458,MYS,Malaysia,False,X,2017,8542,372072070.69,False,True,UN_Comtrade_official_public_preview_reporter_query,2026-09-11T16:05:47+00:00
H5,764,THA,Thailand,462,MDV,Maldives,False,X,2017,8542,6204.84,False,True,UN_Comtrade_official_public_preview_reporter_query,2026-09-11T16:05:47+00:00
H5,764,THA,Thailand,470,MLT,Malta,False,X,2017,8542,512510.29,False,True,UN_Comtrade_official_public_preview_reporter_query,2026-09-11T16:05:47+00:00
H5,764,THA,Thailand,480,MUS,Mauritius,False,X,2017,8542,1969.47,False,True,UN_Comtrade_official_public_preview_reporter_query,2026-09-11T16:05:47+00:00
H5,764,THA,Thailand,484,MEX,Mexico,False,X,2017,8542,57254886.29,False,True,UN_Comtrade_official_public_preview_reporter_query,2026-09-11T16:05:47+00:00
H5,764,THA,Thailand,490,S19,"Other Asia, nes",False,X,2017,8542,569494791.35,False,True,UN_Comtrade_official_public_preview_reporter_query,2026-09-11T16:05:47+00:00
H5,764,THA,Thailand,496,MNG,Mongolia,False,X,2017,8542,1031.17,False,True,UN_Comtrade_official_public_preview_reporter_query,2026-09-11T16:05:47+00:00
H5,764,THA,Thailand,498,MDA,Rep. of Moldova,False,X,2017,8542,0.5,False,True,UN_Comtrade_official_public_preview_reporter_query,2026-09-11T16:05:47+00:00
H5,764,THA,Thailand,499,MNE,Montenegro,False,X,2017,8542,262.14,False,True,UN_Comtrade_official_public_preview_reporter_query,2026-09-11T16:05:47+00:00
H5,764,THA,Thailand,504,MAR,Morocco,False,X,2017,8542,85824.48,False,True,UN_Comtrade_official_public_preview_reporter_query,2026-09-11T16:05:47+00:00
H5,764,THA,Thailand,512,OMN,Oman,False,X,2017,8542,521.86,False,True,UN_Comtrade_official_public_preview_reporter_query,2026-09-11T16:05:47+00:00
H5,764,THA,Thailand,524,NPL,Nepal,False,X,2017,8542,10067.5,False,True,UN_Comtrade_official_public_preview_reporter_query,2026-09-11T16:05:47+00:00
H5,764,THA,Thailand,528,NLD,Netherlands,False,X,2017,8542,224419554.31,False,True,UN_Comtrade_official_public_preview_reporter_query,2026-09-11T16:05:47+00:00
H5,764,THA,Thailand,531,CUW,Curaçao,False,X,2017,8542,665.78,False,True,UN_Comtrade_official_public_preview_reporter_query,2026-09-11T16:05:47+00:00
H5,764,THA,Thailand,540,NCL,New Caledonia,False,X,2017,8542,409.64,False,True,UN_Comtrade_official_public_preview_reporter_query,2026-09-11T16:05:47+00:00
H5,764,THA,Thailand,554,NZL,New Zealand,False,X,2017,8542,156015.26,False,True,UN_Comtrade_official_public_preview_reporter_query,2026-09-11T16:05:47+00:00
H5,764,THA,Thailand,566,NGA,Nigeria,False,X,2017,8542,98.85,False,True,UN_Comtrade_official_public_preview_reporter_query,2026-09-11T16:05:47+00:00
H5,764,THA,Thailand,579,NOR,Norway,False,X,2017,8542,41178.53,False,True,UN_Comtrade_official_public_preview_reporter_query,2026-09-11T16:05:47+00:00
H5,764,THA,Thailand,584,MHL,Marshall Isds,False,X,2017,8542,236.94,False,True,UN_Comtrade_official_public_preview_reporter_query,2026-09-11T16:05:47+00:00
H5,764,THA,Thailand,586,PAK,Pakistan,False,X,2017,8542,2793.34,False,True,UN_Comtrade_official_public_preview_reporter_query,2026-09-11T16:05:47+00:00
H5,764,THA,Thailand,591,PAN,Panama,False,X,2017,8542,2314.47,False,True,UN_Comtrade_official_public_preview_reporter_query,2026-09-11T16:05:47+00:00
H5,764,THA,Thailand,604,PER,Peru,False,X,2017,8542,1171.88,False,True,UN_Comtrade_official_public_preview_reporter_query,2026-09-11T16:05:47+00:00
H5,764,THA,Thailand,608,PHL,Philippines,False,X,2017,8542,426860087.61,False,True,UN_Comtrade_official_public_preview_reporter_query,2026-09-11T16:05:47+00:00
H5,764,THA,Thailand,616,POL,Poland,False,X,2017,8542,1863597.35,False,True,UN_Comtrade_official_public_preview_reporter_query,2026-09-11T16:05:47+00:00
H5,764,THA,Thailand,620,PRT,Portugal,False,X,2017,8542,816801.7,False,True,UN_Comtrade_official_public_preview_reporter_query,2026-09-11T16:05:47+00:00
H5,764,THA,Thailand,626,TLS,Timor-Leste,False,X,2017,8542,10869.68,False,True,UN_Comtrade_official_public_preview_reporter_query,2026-09-11T16:05:47+00:00
H5,764,THA,Thailand,634,QAT,Qatar,False,X,2017,8542,8597.95,False,True,UN_Comtrade_official_public_preview_reporter_query,2026-09-11T16:05:47+00:00
H5,764,THA,Thailand,642,ROU,Romania,False,X,2017,8542,4334922.26,False,True,UN_Comtrade_official_public_preview_reporter_query,2026-09-11T16:05:47+00:00
H5,764,THA,Thailand,643,RUS,Russian Federation,False,X,2017,8542,84312.75,False,True,UN_Comtrade_official_public_preview_reporter_query,2026-09-11T16:05:47+00:00
H5,764,THA,Thailand,682,SAU,Saudi Arabia,False,X,2017,8542,43881.43,False,True,UN_Comtrade_official_public_preview_reporter_query,2026-09-11T16:05:47+00:00
H5,764,THA,Thailand,686,SEN,Senegal,False,X,2017,8542,890.27,False,True,UN_Comtrade_official_public_preview_reporter_query,2026-09-11T16:05:47+00:00
H5,764,THA,Thailand,688,SRB,Serbia,False,X,2017,8542,6390.09,False,True,UN_Comtrade_official_public_preview_reporter_query,2026-09-11T16:05:47+00:00
H5,764,THA,Thailand,699,IND,India,False,X,2017,8542,17333817.2,False,True,UN_Comtrade_official_public_preview_reporter_query,2026-09-11T16:05:47+00:00
H5,764,THA,Thailand,702,SGP,Singapore,False,X,2017,8542,704188016.32,False,True,UN_Comtrade_official_public_preview_reporter_query,2026-09-11T16:05:47+00:00
H5,764,THA,Thailand,703,SVK,Slovakia,False,X,2017,8542,146566.28,False,True,UN_Comtrade_official_public_preview_reporter_query,2026-09-11T16:05:47+00:00
H5,764,THA,Thailand,704,VNM,Viet Nam,False,X,2017,8542,122370265.18,False,True,UN_Comtrade_official_public_preview_reporter_query,2026-09-11T16:05:47+00:00
H5,764,THA,Thailand,705,SVN,Slovenia,False,X,2017,8542,447919.67,False,True,UN_Comtrade_official_public_preview_reporter_query,2026-09-11T16:05:47+00:00
H5,764,THA,Thailand,710,ZAF,South Africa,False,X,2017,8542,713852.71,False,True,UN_Comtrade_official_public_preview_reporter_query,2026-09-11T16:05:47+00:00
H5,764,THA,Thailand,724,ESP,Spain,False,X,2017,8542,2347478.78,False,True,UN_Comtrade_official_public_preview_reporter_query,2026-09-11T16:05:47+00:00
H5,764,THA,Thailand,748,SWZ,Eswatini,False,X,2017,8542,191.84,False,True,UN_Comtrade_official_public_preview_reporter_query,2026-09-11T16:05:47+00:00
H5,764,THA,Thailand,752,SWE,Sweden,False,X,2017,8542,219167.0,False,True,UN_Comtrade_official_public_preview_reporter_query,2026-09-11T16:05:47+00:00
H5,764,THA,Thailand,757,CHE,Switzerland,False,X,2017,8542,12383307.97,False,True,UN_Comtrade_official_public_preview_reporter_query,2026-09-11T16:05:47+00:00
H5,764,THA,Thailand,780,TTO,Trinidad and Tobago,False,X,2017,8542,279.08,False,True,UN_Comtrade_official_public_preview_reporter_query,2026-09-11T16:05:47+00:00
H5,764,THA,Thailand,784,ARE,United Arab Emirates,False,X,2017,8542,50666.21,False,True,UN_Comtrade_official_public_preview_reporter_query,2026-09-11T16:05:47+00:00
H5,764,THA,Thailand,788,TUN,Tunisia,False,X,2017,8542,18601.45,False,True,UN_Comtrade_official_public_preview_reporter_query,2026-09-11T16:05:47+00:00
H5,764,THA,Thailand,792,TUR,Türkiye,False,X,2017,8542,2121952.43,False,True,UN_Comtrade_official_public_preview_reporter_query,2026-09-11T16:05:47+00:00
H5,764,THA,Thailand,804,UKR,Ukraine,False,X,2017,8542,3210.39,False,True,UN_Comtrade_official_public_preview_reporter_query,2026-09-11T16:05:47+00:00
H5,764,THA,Thailand,807,MKD,North Macedonia,False,X,2017,8542,1.19,False,True,UN_Comtrade_official_public_preview_reporter_query,2026-09-11T16:05:47+00:00
H5,764,THA,Thailand,818,EGY,Egypt,False,X,2017,8542,309516.49,False,True,UN_Comtrade_official_public_preview_reporter_query,2026-09-11T16:05:47+00:00
H5,764,THA,Thailand,826,GBR,United Kingdom,False,X,2017,8542,188298109.99,False,True,UN_Comtrade_official_public_preview_reporter_query,2026-09-11T16:05:47+00:00
H5,764,THA,Thailand,834,TZA,United Rep. of Tanzania,False,X,2017,8542,141830.96,False,True,UN_Comtrade_official_public_preview_reporter_query,2026-09-11T16:05:47+00:00
H5,764,THA,Thailand,842,USA,USA,False,X,2017,8542,724126499.62,False,True,UN_Comtrade_official_public_preview_reporter_query,2026-09-11T16:05:47+00:00
H5,764,THA,Thailand,862,VEN,Venezuela,False,X,2017,8542,309.41,False,True,UN_Comtrade_official_public_preview_reporter_query,2026-09-11T16:05:47+00:00
H5,764,THA,Thailand,882,WSM,Samoa,False,X,2017,8542,90.89,False,True,UN_Comtrade_official_public_preview_reporter_query,2026-09-11T16:05:47+00:00
H6,764,THA,Thailand,20,AND,Andorra,False,M,2022,8542,45242.007,False,True,UN_Comtrade_official_public_preview_reporter_query,2026-09-11T16:05:47+00:00
H6,764,THA,Thailand,32,ARG,Argentina,False,M,2022,8542,4519.44,False,True,UN_Comtrade_official_public_preview_reporter_query,2026-09-11T16:05:47+00:00
H6,764,THA,Thailand,36,AUS,Australia,False,M,2022,8542,12222596.742,False,True,UN_Comtrade_official_public_preview_reporter_query,2026-09-11T16:05:47+00:00
H6,764,THA,Thailand,40,AUT,Austria,False,M,2022,8542,55956516.132,False,True,UN_Comtrade_official_public_preview_reporter_query,2026-09-11T16:05:47+00:00
H6,764,THA,Thailand,48,BHR,Bahrain,False,M,2022,8542,361.338,False,True,UN_Comtrade_official_public_preview_reporter_query,2026-09-11T16:05:47+00:00
H6,764,THA,Thailand,50,BGD,Bangladesh,False,M,2022,8542,209.871,False,True,UN_Comtrade_official_public_preview_reporter_query,2026-09-11T16:05:47+00:00
H6,764,THA,Thailand,56,BEL,Belgium,False,M,2022,8542,51037611.105,False,True,UN_Comtrade_official_public_preview_reporter_query,2026-09-11T16:05:47+00:00
H6,764,THA,Thailand,76,BRA,Brazil,False,M,2022,8542,762725.785,False,True,UN_Comtrade_official_public_preview_reporter_query,2026-09-11T16:05:47+00:00
H6,764,THA,Thailand,96,BRN,Brunei Darussalam,False,M,2022,8542,451.995,False,True,UN_Comtrade_official_public_preview_reporter_query,2026-09-11T16:05:47+00:00
H6,764,THA,Thailand,100,BGR,Bulgaria,False,M,2022,8542,133612.126,False,True,UN_Comtrade_official_public_preview_reporter_query,2026-09-11T16:05:47+00:00
H6,764,THA,Thailand,112,BLR,Belarus,False,M,2022,8542,20.645,False,True,UN_Comtrade_official_public_preview_reporter_query,2026-09-11T16:05:47+00:00
H6,764,THA,Thailand,116,KHM,Cambodia,False,M,2022,8542,806455.379,False,True,UN_Comtrade_official_public_preview_reporter_query,2026-09-11T16:05:47+00:00
H6,764,THA,Thailand,120,CMR,Cameroon,False,M,2022,8542,9182.923,False,True,UN_Comtrade_official_public_preview_reporter_query,2026-09-11T16:05:47+00:00
H6,764,THA,Thailand,124,CAN,Canada,False,M,2022,8542,83426442.297,False,True,UN_Comtrade_official_public_preview_reporter_query,2026-09-11T16:05:47+00:00
H6,764,THA,Thailand,132,CPV,Cabo Verde,False,M,2022,8542,382.728,False,True,UN_Comtrade_official_public_preview_reporter_query,2026-09-11T16:05:47+00:00
H6,764,THA,Thailand,136,CYM,Cayman Isds,False,M,2022,8542,16361.871,False,True,UN_Comtrade_official_public_preview_reporter_query,2026-09-11T16:05:47+00:00
H6,764,THA,Thailand,144,LKA,Sri Lanka,False,M,2022,8542,34598.99,False,True,UN_Comtrade_official_public_preview_reporter_query,2026-09-11T16:05:47+00:00
H6,764,THA,Thailand,152,CHL,Chile,False,M,2022,8542,46575.328,False,True,UN_Comtrade_official_public_preview_reporter_query,2026-09-11T16:05:47+00:00
H6,764,THA,Thailand,156,CHN,China,False,M,2022,8542,2471490951.309,False,True,UN_Comtrade_official_public_preview_reporter_query,2026-09-11T16:05:47+00:00
H6,764,THA,Thailand,170,COL,Colombia,False,M,2022,8542,1525.483,False,True,UN_Comtrade_official_public_preview_reporter_query,2026-09-11T16:05:47+00:00
H6,764,THA,Thailand,188,CRI,Costa Rica,False,M,2022,8542,106436.292,False,True,UN_Comtrade_official_public_preview_reporter_query,2026-09-11T16:05:47+00:00
H6,764,THA,Thailand,191,HRV,Croatia,False,M,2022,8542,2375.669,False,True,UN_Comtrade_official_public_preview_reporter_query,2026-09-11T16:05:47+00:00
H6,764,THA,Thailand,196,CYP,Cyprus,False,M,2022,8542,8697.391,False,True,UN_Comtrade_official_public_preview_reporter_query,2026-09-11T16:05:47+00:00
H6,764,THA,Thailand,203,CZE,Czechia,False,M,2022,8542,1485330.814,False,True,UN_Comtrade_official_public_preview_reporter_query,2026-09-11T16:05:47+00:00
H6,764,THA,Thailand,208,DNK,Denmark,False,M,2022,8542,6686856.135,False,True,UN_Comtrade_official_public_preview_reporter_query,2026-09-11T16:05:47+00:00
H6,764,THA,Thailand,218,ECU,Ecuador,False,M,2022,8542,18.604,False,True,UN_Comtrade_official_public_preview_reporter_query,2026-09-11T16:05:47+00:00
H6,764,THA,Thailand,222,SLV,El Salvador,False,M,2022,8542,19310.067,False,True,UN_Comtrade_official_public_preview_reporter_query,2026-09-11T16:05:47+00:00
H6,764,THA,Thailand,233,EST,Estonia,False,M,2022,8542,965.112,False,True,UN_Comtrade_official_public_preview_reporter_query,2026-09-11T16:05:47+00:00
H6,764,THA,Thailand,238,FLK,Falkland Isds (Malvinas),False,M,2022,8542,8315.993,False,True,UN_Comtrade_official_public_preview_reporter_query,2026-09-11T16:05:47+00:00
H6,764,THA,Thailand,246,FIN,Finland,False,M,2022,8542,3966553.612,False,True,UN_Comtrade_official_public_preview_reporter_query,2026-09-11T16:05:47+00:00
H6,764,THA,Thailand,251,FRA,France,False,M,2022,8542,69437218.274,False,True,UN_Comtrade_official_public_preview_reporter_query,2026-09-11T16:05:47+00:00
H6,764,THA,Thailand,268,GEO,Georgia,False,M,2022,8542,633.513,False,True,UN_Comtrade_official_public_preview_reporter_query,2026-09-11T16:05:47+00:00
H6,764,THA,Thailand,276,DEU,Germany,False,M,2022,8542,260019217.285,False,True,UN_Comtrade_official_public_preview_reporter_query,2026-09-11T16:05:47+00:00
H6,764,THA,Thailand,300,GRC,Greece,False,M,2022,8542,8957549.745,False,True,UN_Comtrade_official_public_preview_reporter_query,2026-09-11T16:05:47+00:00
H6,764,THA,Thailand,344,HKG,"China, Hong Kong SAR",False,M,2022,8542,69961524.502,False,True,UN_Comtrade_official_public_preview_reporter_query,2026-09-11T16:05:47+00:00
H6,764,THA,Thailand,348,HUN,Hungary,False,M,2022,8542,318565.217,False,True,UN_Comtrade_official_public_preview_reporter_query,2026-09-11T16:05:47+00:00
H6,764,THA,Thailand,352,ISL,Iceland,False,M,2022,8542,19112.124,False,True,UN_Comtrade_official_public_preview_reporter_query,2026-09-11T16:05:47+00:00
H6,764,THA,Thailand,360,IDN,Indonesia,False,M,2022,8542,9642041.597,False,True,UN_Comtrade_official_public_preview_reporter_query,2026-09-11T16:05:47+00:00
H6,764,THA,Thailand,364,IRN,Iran,False,M,2022,8542,1959.274,False,True,UN_Comtrade_official_public_preview_reporter_query,2026-09-11T16:05:47+00:00
H6,764,THA,Thailand,368,IRQ,Iraq,False,M,2022,8542,500.003,False,True,UN_Comtrade_official_public_preview_reporter_query,2026-09-11T16:05:47+00:00
H6,764,THA,Thailand,372,IRL,Ireland,False,M,2022,8542,760805.963,False,True,UN_Comtrade_official_public_preview_reporter_query,2026-09-11T16:05:47+00:00
H6,764,THA,Thailand,376,ISR,Israel,False,M,2022,8542,26868338.938,False,True,UN_Comtrade_official_public_preview_reporter_query,2026-09-11T16:05:47+00:00
H6,764,THA,Thailand,380,ITA,Italy,False,M,2022,8542,76051406.233,False,True,UN_Comtrade_official_public_preview_reporter_query,2026-09-11T16:05:47+00:00
H6,764,THA,Thailand,392,JPN,Japan,False,M,2022,8542,2188173541.77,False,True,UN_Comtrade_official_public_preview_reporter_query,2026-09-11T16:05:47+00:00
H6,764,THA,Thailand,400,JOR,Jordan,False,M,2022,8542,752.171,False,True,UN_Comtrade_official_public_preview_reporter_query,2026-09-11T16:05:47+00:00
H6,764,THA,Thailand,404,KEN,Kenya,False,M,2022,8542,3149.282,False,True,UN_Comtrade_official_public_preview_reporter_query,2026-09-11T16:05:47+00:00
H6,764,THA,Thailand,410,KOR,Rep. of Korea,False,M,2022,8542,1713928685.064,False,True,UN_Comtrade_official_public_preview_reporter_query,2026-09-11T16:05:47+00:00
H6,764,THA,Thailand,418,LAO,Lao People's Dem. Rep.,False,M,2022,8542,1238665.697,False,True,UN_Comtrade_official_public_preview_reporter_query,2026-09-11T16:05:47+00:00
H6,764,THA,Thailand,428,LVA,Latvia,False,M,2022,8542,4953.874,False,True,UN_Comtrade_official_public_preview_reporter_query,2026-09-11T16:05:47+00:00
H6,764,THA,Thailand,440,LTU,Lithuania,False,M,2022,8542,206.364,False,True,UN_Comtrade_official_public_preview_reporter_query,2026-09-11T16:05:47+00:00
H6,764,THA,Thailand,442,LUX,Luxembourg,False,M,2022,8542,2217.644,False,True,UN_Comtrade_official_public_preview_reporter_query,2026-09-11T16:05:47+00:00
H6,764,THA,Thailand,446,MAC,"China, Macao SAR",False,M,2022,8542,52237.036,False,True,UN_Comtrade_official_public_preview_reporter_query,2026-09-11T16:05:47+00:00
H6,764,THA,Thailand,458,MYS,Malaysia,False,M,2022,8542,1291150655.002,False,True,UN_Comtrade_official_public_preview_reporter_query,2026-09-11T16:05:47+00:00
H6,764,THA,Thailand,466,MLI,Mali,False,M,2022,8542,51201.041,False,True,UN_Comtrade_official_public_preview_reporter_query,2026-09-11T16:05:47+00:00
H6,764,THA,Thailand,470,MLT,Malta,False,M,2022,8542,18945113.504,False,True,UN_Comtrade_official_public_preview_reporter_query,2026-09-11T16:05:47+00:00
H6,764,THA,Thailand,478,MRT,Mauritania,False,M,2022,8542,11653.327,False,True,UN_Comtrade_official_public_preview_reporter_query,2026-09-11T16:05:47+00:00
H6,764,THA,Thailand,484,MEX,Mexico,False,M,2022,8542,21188589.141,False,True,UN_Comtrade_official_public_preview_reporter_query,2026-09-11T16:05:47+00:00
H6,764,THA,Thailand,490,S19,"Other Asia, nes",False,M,2022,8542,5908971683.033,False,True,UN_Comtrade_official_public_preview_reporter_query,2026-09-11T16:05:47+00:00
H6,764,THA,Thailand,504,MAR,Morocco,False,M,2022,8542,9138511.15,False,True,UN_Comtrade_official_public_preview_reporter_query,2026-09-11T16:05:47+00:00
H6,764,THA,Thailand,508,MOZ,Mozambique,False,M,2022,8542,3966.213,False,True,UN_Comtrade_official_public_preview_reporter_query,2026-09-11T16:05:47+00:00
H6,764,THA,Thailand,516,NAM,Namibia,False,M,2022,8542,16269.502,False,True,UN_Comtrade_official_public_preview_reporter_query,2026-09-11T16:05:47+00:00
H6,764,THA,Thailand,528,NLD,Netherlands,False,M,2022,8542,206357762.836,False,True,UN_Comtrade_official_public_preview_reporter_query,2026-09-11T16:05:47+00:00
H6,764,THA,Thailand,554,NZL,New Zealand,False,M,2022,8542,352413.884,False,True,UN_Comtrade_official_public_preview_reporter_query,2026-09-11T16:05:47+00:00
H6,764,THA,Thailand,579,NOR,Norway,False,M,2022,8542,316893.035,False,True,UN_Comtrade_official_public_preview_reporter_query,2026-09-11T16:05:47+00:00
H6,764,THA,Thailand,580,MNP,N. Mariana Isds,False,M,2022,8542,215368.224,False,True,UN_Comtrade_official_public_preview_reporter_query,2026-09-11T16:05:47+00:00
H6,764,THA,Thailand,581,UMI,United States Minor Outlying Islands,False,M,2022,8542,5136.199,False,True,UN_Comtrade_official_public_preview_reporter_query,2026-09-11T16:05:47+00:00
H6,764,THA,Thailand,586,PAK,Pakistan,False,M,2022,8542,24.673,False,True,UN_Comtrade_official_public_preview_reporter_query,2026-09-11T16:05:47+00:00
H6,764,THA,Thailand,598,PNG,Papua New Guinea,False,M,2022,8542,251.972,False,True,UN_Comtrade_official_public_preview_reporter_query,2026-09-11T16:05:47+00:00
H6,764,THA,Thailand,604,PER,Peru,False,M,2022,8542,1.956,False,True,UN_Comtrade_official_public_preview_reporter_query,2026-09-11T16:05:47+00:00
H6,764,THA,Thailand,608,PHL,Philippines,False,M,2022,8542,743284028.24,False,True,UN_Comtrade_official_public_preview_reporter_query,2026-09-11T16:05:47+00:00
H6,764,THA,Thailand,616,POL,Poland,False,M,2022,8542,397425.366,False,True,UN_Comtrade_official_public_preview_reporter_query,2026-09-11T16:05:47+00:00
H6,764,THA,Thailand,620,PRT,Portugal,False,M,2022,8542,761297.053,False,True,UN_Comtrade_official_public_preview_reporter_query,2026-09-11T16:05:47+00:00
H6,764,THA,Thailand,626,TLS,Timor-Leste,False,M,2022,8542,768.26,False,True,UN_Comtrade_official_public_preview_reporter_query,2026-09-11T16:05:47+00:00
H6,764,THA,Thailand,634,QAT,Qatar,False,M,2022,8542,174.827,False,True,UN_Comtrade_official_public_preview_reporter_query,2026-09-11T16:05:47+00:00
H6,764,THA,Thailand,642,ROU,Romania,False,M,2022,8542,80777.1,False,True,UN_Comtrade_official_public_preview_reporter_query,2026-09-11T16:05:47+00:00
H6,764,THA,Thailand,643,RUS,Russian Federation,False,M,2022,8542,49909.144,False,True,UN_Comtrade_official_public_preview_reporter_query,2026-09-11T16:05:47+00:00
H6,764,THA,Thailand,646,RWA,Rwanda,False,M,2022,8542,2311.314,False,True,UN_Comtrade_official_public_preview_reporter_query,2026-09-11T16:05:47+00:00
H6,764,THA,Thailand,678,STP,Sao Tome and Principe,False,M,2022,8542,156.349,False,True,UN_Comtrade_official_public_preview_reporter_query,2026-09-11T16:05:47+00:00
H6,764,THA,Thailand,682,SAU,Saudi Arabia,False,M,2022,8542,298.471,False,True,UN_Comtrade_official_public_preview_reporter_query,2026-09-11T16:05:47+00:00
H6,764,THA,Thailand,686,SEN,Senegal,False,M,2022,8542,12382.04,False,True,UN_Comtrade_official_public_preview_reporter_query,2026-09-11T16:05:47+00:00
H6,764,THA,Thailand,688,SRB,Serbia,False,M,2022,8542,4486.325,False,True,UN_Comtrade_official_public_preview_reporter_query,2026-09-11T16:05:47+00:00
H6,764,THA,Thailand,694,SLE,Sierra Leone,False,M,2022,8542,4557.02,False,True,UN_Comtrade_official_public_preview_reporter_query,2026-09-11T16:05:47+00:00
H6,764,THA,Thailand,699,IND,India,False,M,2022,8542,537317.794,False,True,UN_Comtrade_official_public_preview_reporter_query,2026-09-11T16:05:47+00:00
H6,764,THA,Thailand,702,SGP,Singapore,False,M,2022,8542,766680539.488,False,True,UN_Comtrade_official_public_preview_reporter_query,2026-09-11T16:05:47+00:00
H6,764,THA,Thailand,703,SVK,Slovakia,False,M,2022,8542,259357.52,False,True,UN_Comtrade_official_public_preview_reporter_query,2026-09-11T16:05:47+00:00
H6,764,THA,Thailand,704,VNM,Viet Nam,False,M,2022,8542,93123520.866,False,True,UN_Comtrade_official_public_preview_reporter_query,2026-09-11T16:05:47+00:00
H6,764,THA,Thailand,705,SVN,Slovenia,False,M,2022,8542,16489.796,False,True,UN_Comtrade_official_public_preview_reporter_query,2026-09-11T16:05:47+00:00
H6,764,THA,Thailand,710,ZAF,South Africa,False,M,2022,8542,5436.612,False,True,UN_Comtrade_official_public_preview_reporter_query,2026-09-11T16:05:47+00:00
H6,764,THA,Thailand,724,ESP,Spain,False,M,2022,8542,909087.37,False,True,UN_Comtrade_official_public_preview_reporter_query,2026-09-11T16:05:47+00:00
H6,764,THA,Thailand,748,SWZ,Eswatini,False,M,2022,8542,74349.899,False,True,UN_Comtrade_official_public_preview_reporter_query,2026-09-11T16:05:47+00:00
H6,764,THA,Thailand,752,SWE,Sweden,False,M,2022,8542,2331606.355,False,True,UN_Comtrade_official_public_preview_reporter_query,2026-09-11T16:05:47+00:00
H6,764,THA,Thailand,757,CHE,Switzerland,False,M,2022,8542,37814054.235,False,True,UN_Comtrade_official_public_preview_reporter_query,2026-09-11T16:05:47+00:00
H6,764,THA,Thailand,762,TJK,Tajikistan,False,M,2022,8542,6290.112,False,True,UN_Comtrade_official_public_preview_reporter_query,2026-09-11T16:05:47+00:00
H6,764,THA,Thailand,764,THA,Thailand,False,M,2022,8542,1065987161.749,False,True,UN_Comtrade_official_public_preview_reporter_query,2026-09-11T16:05:47+00:00
H6,764,THA,Thailand,768,TGO,Togo,False,M,2022,8542,21884.142,False,True,UN_Comtrade_official_public_preview_reporter_query,2026-09-11T16:05:47+00:00
H6,764,THA,Thailand,772,TKL,Tokelau,False,M,2022,8542,12744.924,False,True,UN_Comtrade_official_public_preview_reporter_query,2026-09-11T16:05:47+00:00
H6,764,THA,Thailand,780,TTO,Trinidad and Tobago,False,M,2022,8542,82118.92,False,True,UN_Comtrade_official_public_preview_reporter_query,2026-09-11T16:05:47+00:00
H6,764,THA,Thailand,784,ARE,United Arab Emirates,False,M,2022,8542,518.901,False,True,UN_Comtrade_official_public_preview_reporter_query,2026-09-11T16:05:47+00:00
H6,764,THA,Thailand,788,TUN,Tunisia,False,M,2022,8542,27591.065,False,True,UN_Comtrade_official_public_preview_reporter_query,2026-09-11T16:05:47+00:00
H6,764,THA,Thailand,792,TUR,Türkiye,False,M,2022,8542,1441.417,False,True,UN_Comtrade_official_public_preview_reporter_query,2026-09-11T16:05:47+00:00
H6,764,THA,Thailand,798,TUV,Tuvalu,False,M,2022,8542,5882.664,False,True,UN_Comtrade_official_public_preview_reporter_query,2026-09-11T16:05:47+00:00
H6,764,THA,Thailand,804,UKR,Ukraine,False,M,2022,8542,33932.749,False,True,UN_Comtrade_official_public_preview_reporter_query,2026-09-11T16:05:47+00:00
H6,764,THA,Thailand,807,MKD,North Macedonia,False,M,2022,8542,435.686,False,True,UN_Comtrade_official_public_preview_reporter_query,2026-09-11T16:05:47+00:00
H6,764,THA,Thailand,818,EGY,Egypt,False,M,2022,8542,134.197,False,True,UN_Comtrade_official_public_preview_reporter_query,2026-09-11T16:05:47+00:00
H6,764,THA,Thailand,826,GBR,United Kingdom,False,M,2022,8542,303597090.314,False,True,UN_Comtrade_official_public_preview_reporter_query,2026-09-11T16:05:47+00:00
H6,764,THA,Thailand,834,TZA,United Rep. of Tanzania,False,M,2022,8542,37237.406,False,True,UN_Comtrade_official_public_preview_reporter_query,2026-09-11T16:05:47+00:00
H6,764,THA,Thailand,842,USA,USA,False,M,2022,8542,1452712079.338,False,True,UN_Comtrade_official_public_preview_reporter_query,2026-09-11T16:05:47+00:00
H6,764,THA,Thailand,858,URY,Uruguay,False,M,2022,8542,5538.826,False,True,UN_Comtrade_official_public_preview_reporter_query,2026-09-11T16:05:47+00:00
H6,764,THA,Thailand,860,UZB,Uzbekistan,False,M,2022,8542,8747.383,False,True,UN_Comtrade_official_public_preview_reporter_query,2026-09-11T16:05:47+00:00
H6,764,THA,Thailand,899,_X ,"Areas, nes",False,M,2022,8542,17796.166,False,True,UN_Comtrade_official_public_preview_reporter_query,2026-09-11T16:05:47+00:00
H6,764,THA,Thailand,12,DZA,Algeria,False,X,2022,8542,0.533,False,True,UN_Comtrade_official_public_preview_reporter_query,2026-09-11T16:05:47+00:00
H6,764,THA,Thailand,16,ASM,American Samoa,False,X,2022,8542,1002.361,False,True,UN_Comtrade_official_public_preview_reporter_query,2026-09-11T16:05:47+00:00
H6,764,THA,Thailand,20,AND,Andorra,False,X,2022,8542,2012.017,False,True,UN_Comtrade_official_public_preview_reporter_query,2026-09-11T16:05:47+00:00
H6,764,THA,Thailand,24,AGO,Angola,False,X,2022,8542,4196.273,False,True,UN_Comtrade_official_public_preview_reporter_query,2026-09-11T16:05:47+00:00
H6,764,THA,Thailand,31,AZE,Azerbaijan,False,X,2022,8542,2867.393,False,True,UN_Comtrade_official_public_preview_reporter_query,2026-09-11T16:05:47+00:00
H6,764,THA,Thailand,32,ARG,Argentina,False,X,2022,8542,1936620.238,False,True,UN_Comtrade_official_public_preview_reporter_query,2026-09-11T16:05:47+00:00
H6,764,THA,Thailand,36,AUS,Australia,False,X,2022,8542,5350060.052,False,True,UN_Comtrade_official_public_preview_reporter_query,2026-09-11T16:05:47+00:00
H6,764,THA,Thailand,40,AUT,Austria,False,X,2022,8542,3560690.762,False,True,UN_Comtrade_official_public_preview_reporter_query,2026-09-11T16:05:47+00:00
H6,764,THA,Thailand,48,BHR,Bahrain,False,X,2022,8542,8074.923,False,True,UN_Comtrade_official_public_preview_reporter_query,2026-09-11T16:05:47+00:00
H6,764,THA,Thailand,50,BGD,Bangladesh,False,X,2022,8542,35878.302,False,True,UN_Comtrade_official_public_preview_reporter_query,2026-09-11T16:05:47+00:00
H6,764,THA,Thailand,56,BEL,Belgium,False,X,2022,8542,47234499.508,False,True,UN_Comtrade_official_public_preview_reporter_query,2026-09-11T16:05:47+00:00
H6,764,THA,Thailand,60,BMU,Bermuda,False,X,2022,8542,5065.908,False,True,UN_Comtrade_official_public_preview_reporter_query,2026-09-11T16:05:47+00:00
H6,764,THA,Thailand,76,BRA,Brazil,False,X,2022,8542,26406654.618,False,True,UN_Comtrade_official_public_preview_reporter_query,2026-09-11T16:05:47+00:00
H6,764,THA,Thailand,90,SLB,Solomon Isds,False,X,2022,8542,5308.327,False,True,UN_Comtrade_official_public_preview_reporter_query,2026-09-11T16:05:47+00:00
H6,764,THA,Thailand,96,BRN,Brunei Darussalam,False,X,2022,8542,9671.814,False,True,UN_Comtrade_official_public_preview_reporter_query,2026-09-11T16:05:47+00:00
H6,764,THA,Thailand,100,BGR,Bulgaria,False,X,2022,8542,8534104.553,False,True,UN_Comtrade_official_public_preview_reporter_query,2026-09-11T16:05:47+00:00
H6,764,THA,Thailand,104,MMR,Myanmar,False,X,2022,8542,1033437.801,False,True,UN_Comtrade_official_public_preview_reporter_query,2026-09-11T16:05:47+00:00
H6,764,THA,Thailand,112,BLR,Belarus,False,X,2022,8542,883.855,False,True,UN_Comtrade_official_public_preview_reporter_query,2026-09-11T16:05:47+00:00
H6,764,THA,Thailand,116,KHM,Cambodia,False,X,2022,8542,37611168.399,False,True,UN_Comtrade_official_public_preview_reporter_query,2026-09-11T16:05:47+00:00
H6,764,THA,Thailand,124,CAN,Canada,False,X,2022,8542,18924790.743,False,True,UN_Comtrade_official_public_preview_reporter_query,2026-09-11T16:05:47+00:00
H6,764,THA,Thailand,144,LKA,Sri Lanka,False,X,2022,8542,48947.753,False,True,UN_Comtrade_official_public_preview_reporter_query,2026-09-11T16:05:47+00:00
H6,764,THA,Thailand,152,CHL,Chile,False,X,2022,8542,251301.375,False,True,UN_Comtrade_official_public_preview_reporter_query,2026-09-11T16:05:47+00:00
H6,764,THA,Thailand,156,CHN,China,False,X,2022,8542,747511116.197,False,True,UN_Comtrade_official_public_preview_reporter_query,2026-09-11T16:05:47+00:00
H6,764,THA,Thailand,170,COL,Colombia,False,X,2022,8542,181545.512,False,True,UN_Comtrade_official_public_preview_reporter_query,2026-09-11T16:05:47+00:00
H6,764,THA,Thailand,184,COK,Cook Isds,False,X,2022,8542,1214.006,False,True,UN_Comtrade_official_public_preview_reporter_query,2026-09-11T16:05:47+00:00
H6,764,THA,Thailand,188,CRI,Costa Rica,False,X,2022,8542,5636412.688,False,True,UN_Comtrade_official_public_preview_reporter_query,2026-09-11T16:05:47+00:00
H6,764,THA,Thailand,191,HRV,Croatia,False,X,2022,8542,32230.649,False,True,UN_Comtrade_official_public_preview_reporter_query,2026-09-11T16:05:47+00:00
H6,764,THA,Thailand,196,CYP,Cyprus,False,X,2022,8542,55.626,False,True,UN_Comtrade_official_public_preview_reporter_query,2026-09-11T16:05:47+00:00
H6,764,THA,Thailand,203,CZE,Czechia,False,X,2022,8542,19414296.985,False,True,UN_Comtrade_official_public_preview_reporter_query,2026-09-11T16:05:47+00:00
H6,764,THA,Thailand,208,DNK,Denmark,False,X,2022,8542,4188941.736,False,True,UN_Comtrade_official_public_preview_reporter_query,2026-09-11T16:05:47+00:00
H6,764,THA,Thailand,214,DOM,Dominican Rep.,False,X,2022,8542,10748.391,False,True,UN_Comtrade_official_public_preview_reporter_query,2026-09-11T16:05:47+00:00
H6,764,THA,Thailand,218,ECU,Ecuador,False,X,2022,8542,423032.252,False,True,UN_Comtrade_official_public_preview_reporter_query,2026-09-11T16:05:47+00:00
H6,764,THA,Thailand,233,EST,Estonia,False,X,2022,8542,903256.215,False,True,UN_Comtrade_official_public_preview_reporter_query,2026-09-11T16:05:47+00:00
H6,764,THA,Thailand,242,FJI,Fiji,False,X,2022,8542,9511.559,False,True,UN_Comtrade_official_public_preview_reporter_query,2026-09-11T16:05:47+00:00
H6,764,THA,Thailand,246,FIN,Finland,False,X,2022,8542,2876572.732,False,True,UN_Comtrade_official_public_preview_reporter_query,2026-09-11T16:05:47+00:00
H6,764,THA,Thailand,251,FRA,France,False,X,2022,8542,18720442.208,False,True,UN_Comtrade_official_public_preview_reporter_query,2026-09-11T16:05:47+00:00
H6,764,THA,Thailand,262,DJI,Djibouti,False,X,2022,8542,45.005,False,True,UN_Comtrade_official_public_preview_reporter_query,2026-09-11T16:05:47+00:00
H6,764,THA,Thailand,266,GAB,Gabon,False,X,2022,8542,431.469,False,True,UN_Comtrade_official_public_preview_reporter_query,2026-09-11T16:05:47+00:00
H6,764,THA,Thailand,268,GEO,Georgia,False,X,2022,8542,0.331,False,True,UN_Comtrade_official_public_preview_reporter_query,2026-09-11T16:05:47+00:00
H6,764,THA,Thailand,276,DEU,Germany,False,X,2022,8542,517683850.116,False,True,UN_Comtrade_official_public_preview_reporter_query,2026-09-11T16:05:47+00:00
H6,764,THA,Thailand,300,GRC,Greece,False,X,2022,8542,85079.115,False,True,UN_Comtrade_official_public_preview_reporter_query,2026-09-11T16:05:47+00:00
H6,764,THA,Thailand,316,GUM,Guam,False,X,2022,8542,27.427,False,True,UN_Comtrade_official_public_preview_reporter_query,2026-09-11T16:05:47+00:00
H6,764,THA,Thailand,320,GTM,Guatemala,False,X,2022,8542,0.574,False,True,UN_Comtrade_official_public_preview_reporter_query,2026-09-11T16:05:47+00:00
H6,764,THA,Thailand,340,HND,Honduras,False,X,2022,8542,4121.63,False,True,UN_Comtrade_official_public_preview_reporter_query,2026-09-11T16:05:47+00:00
H6,764,THA,Thailand,344,HKG,"China, Hong Kong SAR",False,X,2022,8542,2003222054.001,False,True,UN_Comtrade_official_public_preview_reporter_query,2026-09-11T16:05:47+00:00
H6,764,THA,Thailand,348,HUN,Hungary,False,X,2022,8542,16937473.992,False,True,UN_Comtrade_official_public_preview_reporter_query,2026-09-11T16:05:47+00:00
H6,764,THA,Thailand,352,ISL,Iceland,False,X,2022,8542,641.373,False,True,UN_Comtrade_official_public_preview_reporter_query,2026-09-11T16:05:47+00:00
H6,764,THA,Thailand,360,IDN,Indonesia,False,X,2022,8542,15540255.14,False,True,UN_Comtrade_official_public_preview_reporter_query,2026-09-11T16:05:47+00:00
H6,764,THA,Thailand,364,IRN,Iran,False,X,2022,8542,64654.469,False,True,UN_Comtrade_official_public_preview_reporter_query,2026-09-11T16:05:47+00:00
H6,764,THA,Thailand,368,IRQ,Iraq,False,X,2022,8542,797.45,False,True,UN_Comtrade_official_public_preview_reporter_query,2026-09-11T16:05:47+00:00
H6,764,THA,Thailand,372,IRL,Ireland,False,X,2022,8542,1526876.701,False,True,UN_Comtrade_official_public_preview_reporter_query,2026-09-11T16:05:47+00:00
H6,764,THA,Thailand,376,ISR,Israel,False,X,2022,8542,18188319.571,False,True,UN_Comtrade_official_public_preview_reporter_query,2026-09-11T16:05:47+00:00
H6,764,THA,Thailand,380,ITA,Italy,False,X,2022,8542,2889406.314,False,True,UN_Comtrade_official_public_preview_reporter_query,2026-09-11T16:05:47+00:00
H6,764,THA,Thailand,388,JAM,Jamaica,False,X,2022,8542,2186.33,False,True,UN_Comtrade_official_public_preview_reporter_query,2026-09-11T16:05:47+00:00
H6,764,THA,Thailand,392,JPN,Japan,False,X,2022,8542,653616270.173,False,True,UN_Comtrade_official_public_preview_reporter_query,2026-09-11T16:05:47+00:00
H6,764,THA,Thailand,398,KAZ,Kazakhstan,False,X,2022,8542,29969.99,False,True,UN_Comtrade_official_public_preview_reporter_query,2026-09-11T16:05:47+00:00
H6,764,THA,Thailand,400,JOR,Jordan,False,X,2022,8542,57.007,False,True,UN_Comtrade_official_public_preview_reporter_query,2026-09-11T16:05:47+00:00
H6,764,THA,Thailand,404,KEN,Kenya,False,X,2022,8542,423.988,False,True,UN_Comtrade_official_public_preview_reporter_query,2026-09-11T16:05:47+00:00
H6,764,THA,Thailand,410,KOR,Rep. of Korea,False,X,2022,8542,293473381.89,False,True,UN_Comtrade_official_public_preview_reporter_query,2026-09-11T16:05:47+00:00
H6,764,THA,Thailand,414,KWT,Kuwait,False,X,2022,8542,29921.271,False,True,UN_Comtrade_official_public_preview_reporter_query,2026-09-11T16:05:47+00:00
H6,764,THA,Thailand,417,KGZ,Kyrgyzstan,False,X,2022,8542,241.031,False,True,UN_Comtrade_official_public_preview_reporter_query,2026-09-11T16:05:47+00:00
H6,764,THA,Thailand,418,LAO,Lao People's Dem. Rep.,False,X,2022,8542,36692500.319,False,True,UN_Comtrade_official_public_preview_reporter_query,2026-09-11T16:05:47+00:00
H6,764,THA,Thailand,422,LBN,Lebanon,False,X,2022,8542,7455.532,False,True,UN_Comtrade_official_public_preview_reporter_query,2026-09-11T16:05:47+00:00
H6,764,THA,Thailand,428,LVA,Latvia,False,X,2022,8542,11698.151,False,True,UN_Comtrade_official_public_preview_reporter_query,2026-09-11T16:05:47+00:00
H6,764,THA,Thailand,434,LBY,Libya,False,X,2022,8542,1528.292,False,True,UN_Comtrade_official_public_preview_reporter_query,2026-09-11T16:05:47+00:00
H6,764,THA,Thailand,440,LTU,Lithuania,False,X,2022,8542,71175.083,False,True,UN_Comtrade_official_public_preview_reporter_query,2026-09-11T16:05:47+00:00
H6,764,THA,Thailand,442,LUX,Luxembourg,False,X,2022,8542,207.198,False,True,UN_Comtrade_official_public_preview_reporter_query,2026-09-11T16:05:47+00:00
H6,764,THA,Thailand,446,MAC,"China, Macao SAR",False,X,2022,8542,1567157.841,False,True,UN_Comtrade_official_public_preview_reporter_query,2026-09-11T16:05:47+00:00
H6,764,THA,Thailand,450,MDG,Madagascar,False,X,2022,8542,256.883,False,True,UN_Comtrade_official_public_preview_reporter_query,2026-09-11T16:05:47+00:00
H6,764,THA,Thailand,458,MYS,Malaysia,False,X,2022,8542,645430189.302,False,True,UN_Comtrade_official_public_preview_reporter_query,2026-09-11T16:05:47+00:00
H6,764,THA,Thailand,462,MDV,Maldives,False,X,2022,8542,100705.655,False,True,UN_Comtrade_official_public_preview_reporter_query,2026-09-11T16:05:47+00:00
H6,764,THA,Thailand,470,MLT,Malta,False,X,2022,8542,145065.561,False,True,UN_Comtrade_official_public_preview_reporter_query,2026-09-11T16:05:47+00:00
H6,764,THA,Thailand,480,MUS,Mauritius,False,X,2022,8542,598.612,False,True,UN_Comtrade_official_public_preview_reporter_query,2026-09-11T16:05:47+00:00
H6,764,THA,Thailand,484,MEX,Mexico,False,X,2022,8542,175451662.247,False,True,UN_Comtrade_official_public_preview_reporter_query,2026-09-11T16:05:47+00:00
H6,764,THA,Thailand,490,S19,"Other Asia, nes",False,X,2022,8542,685863821.059,False,True,UN_Comtrade_official_public_preview_reporter_query,2026-09-11T16:05:47+00:00
H6,764,THA,Thailand,496,MNG,Mongolia,False,X,2022,8542,73.166,False,True,UN_Comtrade_official_public_preview_reporter_query,2026-09-11T16:05:47+00:00
H6,764,THA,Thailand,498,MDA,Rep. of Moldova,False,X,2022,8542,375.501,False,True,UN_Comtrade_official_public_preview_reporter_query,2026-09-11T16:05:47+00:00
H6,764,THA,Thailand,504,MAR,Morocco,False,X,2022,8542,672023.447,False,True,UN_Comtrade_official_public_preview_reporter_query,2026-09-11T16:05:47+00:00
H6,764,THA,Thailand,512,OMN,Oman,False,X,2022,8542,1842.002,False,True,UN_Comtrade_official_public_preview_reporter_query,2026-09-11T16:05:47+00:00
H6,764,THA,Thailand,516,NAM,Namibia,False,X,2022,8542,803.626,False,True,UN_Comtrade_official_public_preview_reporter_query,2026-09-11T16:05:47+00:00
H6,764,THA,Thailand,524,NPL,Nepal,False,X,2022,8542,18224.156,False,True,UN_Comtrade_official_public_preview_reporter_query,2026-09-11T16:05:47+00:00
H6,764,THA,Thailand,528,NLD,Netherlands,False,X,2022,8542,325671265.385,False,True,UN_Comtrade_official_public_preview_reporter_query,2026-09-11T16:05:47+00:00
H6,764,THA,Thailand,540,NCL,New Caledonia,False,X,2022,8542,2552.979,False,True,UN_Comtrade_official_public_preview_reporter_query,2026-09-11T16:05:47+00:00
H6,764,THA,Thailand,554,NZL,New Zealand,False,X,2022,8542,14200951.037,False,True,UN_Comtrade_official_public_preview_reporter_query,2026-09-11T16:05:47+00:00
H6,764,THA,Thailand,566,NGA,Nigeria,False,X,2022,8542,518837.694,False,True,UN_Comtrade_official_public_preview_reporter_query,2026-09-11T16:05:47+00:00
H6,764,THA,Thailand,579,NOR,Norway,False,X,2022,8542,153570.004,False,True,UN_Comtrade_official_public_preview_reporter_query,2026-09-11T16:05:47+00:00
H6,764,THA,Thailand,586,PAK,Pakistan,False,X,2022,8542,24793.512,False,True,UN_Comtrade_official_public_preview_reporter_query,2026-09-11T16:05:47+00:00
H6,764,THA,Thailand,604,PER,Peru,False,X,2022,8542,2277.252,False,True,UN_Comtrade_official_public_preview_reporter_query,2026-09-11T16:05:47+00:00
H6,764,THA,Thailand,608,PHL,Philippines,False,X,2022,8542,691565915.743,False,True,UN_Comtrade_official_public_preview_reporter_query,2026-09-11T16:05:47+00:00
H6,764,THA,Thailand,616,POL,Poland,False,X,2022,8542,5081681.412,False,True,UN_Comtrade_official_public_preview_reporter_query,2026-09-11T16:05:47+00:00
H6,764,THA,Thailand,620,PRT,Portugal,False,X,2022,8542,1931711.433,False,True,UN_Comtrade_official_public_preview_reporter_query,2026-09-11T16:05:47+00:00
H6,764,THA,Thailand,634,QAT,Qatar,False,X,2022,8542,11583.948,False,True,UN_Comtrade_official_public_preview_reporter_query,2026-09-11T16:05:47+00:00
H6,764,THA,Thailand,642,ROU,Romania,False,X,2022,8542,5851290.226,False,True,UN_Comtrade_official_public_preview_reporter_query,2026-09-11T16:05:47+00:00
H6,764,THA,Thailand,643,RUS,Russian Federation,False,X,2022,8542,414376.712,False,True,UN_Comtrade_official_public_preview_reporter_query,2026-09-11T16:05:47+00:00
H6,764,THA,Thailand,682,SAU,Saudi Arabia,False,X,2022,8542,58786.556,False,True,UN_Comtrade_official_public_preview_reporter_query,2026-09-11T16:05:47+00:00
H6,764,THA,Thailand,688,SRB,Serbia,False,X,2022,8542,324110.346,False,True,UN_Comtrade_official_public_preview_reporter_query,2026-09-11T16:05:47+00:00
H6,764,THA,Thailand,699,IND,India,False,X,2022,8542,33174765.682,False,True,UN_Comtrade_official_public_preview_reporter_query,2026-09-11T16:05:47+00:00
H6,764,THA,Thailand,702,SGP,Singapore,False,X,2022,8542,1280552494.394,False,True,UN_Comtrade_official_public_preview_reporter_query,2026-09-11T16:05:47+00:00
H6,764,THA,Thailand,703,SVK,Slovakia,False,X,2022,8542,433030.83,False,True,UN_Comtrade_official_public_preview_reporter_query,2026-09-11T16:05:47+00:00
H6,764,THA,Thailand,704,VNM,Viet Nam,False,X,2022,8542,52226783.15,False,True,UN_Comtrade_official_public_preview_reporter_query,2026-09-11T16:05:47+00:00
H6,764,THA,Thailand,705,SVN,Slovenia,False,X,2022,8542,635601.787,False,True,UN_Comtrade_official_public_preview_reporter_query,2026-09-11T16:05:47+00:00
H6,764,THA,Thailand,710,ZAF,South Africa,False,X,2022,8542,649188.363,False,True,UN_Comtrade_official_public_preview_reporter_query,2026-09-11T16:05:47+00:00
H6,764,THA,Thailand,724,ESP,Spain,False,X,2022,8542,6709421.823,False,True,UN_Comtrade_official_public_preview_reporter_query,2026-09-11T16:05:47+00:00
H6,764,THA,Thailand,740,SUR,Suriname,False,X,2022,8542,149.903,False,True,UN_Comtrade_official_public_preview_reporter_query,2026-09-11T16:05:47+00:00
H6,764,THA,Thailand,752,SWE,Sweden,False,X,2022,8542,1452628.875,False,True,UN_Comtrade_official_public_preview_reporter_query,2026-09-11T16:05:47+00:00
H6,764,THA,Thailand,757,CHE,Switzerland,False,X,2022,8542,15782691.804,False,True,UN_Comtrade_official_public_preview_reporter_query,2026-09-11T16:05:47+00:00
H6,764,THA,Thailand,780,TTO,Trinidad and Tobago,False,X,2022,8542,7460.809,False,True,UN_Comtrade_official_public_preview_reporter_query,2026-09-11T16:05:47+00:00
H6,764,THA,Thailand,784,ARE,United Arab Emirates,False,X,2022,8542,2575181.948,False,True,UN_Comtrade_official_public_preview_reporter_query,2026-09-11T16:05:47+00:00
H6,764,THA,Thailand,788,TUN,Tunisia,False,X,2022,8542,543925.598,False,True,UN_Comtrade_official_public_preview_reporter_query,2026-09-11T16:05:47+00:00
H6,764,THA,Thailand,792,TUR,Türkiye,False,X,2022,8542,3010634.971,False,True,UN_Comtrade_official_public_preview_reporter_query,2026-09-11T16:05:47+00:00
H6,764,THA,Thailand,800,UGA,Uganda,False,X,2022,8542,106542.825,False,True,UN_Comtrade_official_public_preview_reporter_query,2026-09-11T16:05:47+00:00
H6,764,THA,Thailand,804,UKR,Ukraine,False,X,2022,8542,16075.083,False,True,UN_Comtrade_official_public_preview_reporter_query,2026-09-11T16:05:47+00:00
H6,764,THA,Thailand,807,MKD,North Macedonia,False,X,2022,8542,2397435.756,False,True,UN_Comtrade_official_public_preview_reporter_query,2026-09-11T16:05:47+00:00
H6,764,THA,Thailand,818,EGY,Egypt,False,X,2022,8542,2986204.434,False,True,UN_Comtrade_official_public_preview_reporter_query,2026-09-11T16:05:47+00:00
H6,764,THA,Thailand,826,GBR,United Kingdom,False,X,2022,8542,97526431.51,False,True,UN_Comtrade_official_public_preview_reporter_query,2026-09-11T16:05:47+00:00
H6,764,THA,Thailand,834,TZA,United Rep. of Tanzania,False,X,2022,8542,162677.731,False,True,UN_Comtrade_official_public_preview_reporter_query,2026-09-11T16:05:47+00:00
H6,764,THA,Thailand,842,USA,USA,False,X,2022,8542,741124932.54,False,True,UN_Comtrade_official_public_preview_reporter_query,2026-09-11T16:05:47+00:00
H6,764,THA,Thailand,858,URY,Uruguay,False,X,2022,8542,14703.73,False,True,UN_Comtrade_official_public_preview_reporter_query,2026-09-11T16:05:47+00:00
H6,764,THA,Thailand,862,VEN,Venezuela,False,X,2022,8542,126.83,False,True,UN_Comtrade_official_public_preview_reporter_query,2026-09-11T16:05:47+00:00
H5,699,IND,India,28,ATG,Antigua and Barbuda,False,M,2017,8542,3740.014,False,True,UN_Comtrade_official_public_preview_reporter_query,2026-09-11T16:05:47+00:00
H5,699,IND,India,36,AUS,Australia,False,M,2017,8542,243664.581,False,True,UN_Comtrade_official_public_preview_reporter_query,2026-09-11T16:05:47+00:00
H5,699,IND,India,40,AUT,Austria,False,M,2017,8542,880780.072,False,True,UN_Comtrade_official_public_preview_reporter_query,2026-09-11T16:05:47+00:00
H5,699,IND,India,56,BEL,Belgium,False,M,2017,8542,831823.517,False,True,UN_Comtrade_official_public_preview_reporter_query,2026-09-11T16:05:47+00:00
H5,699,IND,India,76,BRA,Brazil,False,M,2017,8542,318799.684,False,True,UN_Comtrade_official_public_preview_reporter_query,2026-09-11T16:05:47+00:00
H5,699,IND,India,100,BGR,Bulgaria,False,M,2017,8542,52195.173,False,True,UN_Comtrade_official_public_preview_reporter_query,2026-09-11T16:05:47+00:00
H5,699,IND,India,112,BLR,Belarus,False,M,2017,8542,963226.473,False,True,UN_Comtrade_official_public_preview_reporter_query,2026-09-11T16:05:47+00:00
H5,699,IND,India,124,CAN,Canada,False,M,2017,8542,1287394.34,False,True,UN_Comtrade_official_public_preview_reporter_query,2026-09-11T16:05:47+00:00
H5,699,IND,India,144,LKA,Sri Lanka,False,M,2017,8542,372441.877,False,True,UN_Comtrade_official_public_preview_reporter_query,2026-09-11T16:05:47+00:00
H5,699,IND,India,148,TCD,Chad,False,M,2017,8542,1033.608,False,True,UN_Comtrade_official_public_preview_reporter_query,2026-09-11T16:05:47+00:00
H5,699,IND,India,152,CHL,Chile,False,M,2017,8542,86760.213,False,True,UN_Comtrade_official_public_preview_reporter_query,2026-09-11T16:05:47+00:00
H5,699,IND,India,156,CHN,China,False,M,2017,8542,584890715.72,False,True,UN_Comtrade_official_public_preview_reporter_query,2026-09-11T16:05:47+00:00
H5,699,IND,India,170,COL,Colombia,False,M,2017,8542,36503.821,False,True,UN_Comtrade_official_public_preview_reporter_query,2026-09-11T16:05:47+00:00
H5,699,IND,India,188,CRI,Costa Rica,False,M,2017,8542,138486.078,False,True,UN_Comtrade_official_public_preview_reporter_query,2026-09-11T16:05:47+00:00
H5,699,IND,India,191,HRV,Croatia,False,M,2017,8542,552.497,False,True,UN_Comtrade_official_public_preview_reporter_query,2026-09-11T16:05:47+00:00
H5,699,IND,India,196,CYP,Cyprus,False,M,2017,8542,4219.265,False,True,UN_Comtrade_official_public_preview_reporter_query,2026-09-11T16:05:47+00:00
H5,699,IND,India,203,CZE,Czechia,False,M,2017,8542,350164.651,False,True,UN_Comtrade_official_public_preview_reporter_query,2026-09-11T16:05:47+00:00
H5,699,IND,India,208,DNK,Denmark,False,M,2017,8542,398487.902,False,True,UN_Comtrade_official_public_preview_reporter_query,2026-09-11T16:05:47+00:00
H5,699,IND,India,222,SLV,El Salvador,False,M,2017,8542,1002880.605,False,True,UN_Comtrade_official_public_preview_reporter_query,2026-09-11T16:05:47+00:00
H5,699,IND,India,233,EST,Estonia,False,M,2017,8542,2818.458,False,True,UN_Comtrade_official_public_preview_reporter_query,2026-09-11T16:05:47+00:00
H5,699,IND,India,246,FIN,Finland,False,M,2017,8542,84662325.228,False,True,UN_Comtrade_official_public_preview_reporter_query,2026-09-11T16:05:47+00:00
H5,699,IND,India,251,FRA,France,False,M,2017,8542,8529650.881,False,True,UN_Comtrade_official_public_preview_reporter_query,2026-09-11T16:05:47+00:00
H5,699,IND,India,276,DEU,Germany,False,M,2017,8542,30431724.059,False,True,UN_Comtrade_official_public_preview_reporter_query,2026-09-11T16:05:47+00:00
H5,699,IND,India,324,GIN,Guinea,False,M,2017,8542,2648.944,False,True,UN_Comtrade_official_public_preview_reporter_query,2026-09-11T16:05:47+00:00
H5,699,IND,India,344,HKG,"China, Hong Kong SAR",False,M,2017,8542,46107788.398,False,True,UN_Comtrade_official_public_preview_reporter_query,2026-09-11T16:05:47+00:00
H5,699,IND,India,348,HUN,Hungary,False,M,2017,8542,624300.768,False,True,UN_Comtrade_official_public_preview_reporter_query,2026-09-11T16:05:47+00:00
H5,699,IND,India,360,IDN,Indonesia,False,M,2017,8542,5006140.647,False,True,UN_Comtrade_official_public_preview_reporter_query,2026-09-11T16:05:47+00:00
H5,699,IND,India,372,IRL,Ireland,False,M,2017,8542,450316.444,False,True,UN_Comtrade_official_public_preview_reporter_query,2026-09-11T16:05:47+00:00
H5,699,IND,India,376,ISR,Israel,False,M,2017,8542,6175176.098,False,True,UN_Comtrade_official_public_preview_reporter_query,2026-09-11T16:05:47+00:00
H5,699,IND,India,380,ITA,Italy,False,M,2017,8542,2394907.19,False,True,UN_Comtrade_official_public_preview_reporter_query,2026-09-11T16:05:47+00:00
H5,699,IND,India,392,JPN,Japan,False,M,2017,8542,123114009.285,False,True,UN_Comtrade_official_public_preview_reporter_query,2026-09-11T16:05:47+00:00
H5,699,IND,India,408,PRK,Dem. People's Rep. of Korea,False,M,2017,8542,378837.489,False,True,UN_Comtrade_official_public_preview_reporter_query,2026-09-11T16:05:47+00:00
H5,699,IND,India,410,KOR,Rep. of Korea,False,M,2017,8542,476213376.424,False,True,UN_Comtrade_official_public_preview_reporter_query,2026-09-11T16:05:47+00:00
H5,699,IND,India,428,LVA,Latvia,False,M,2017,8542,12591.511,False,True,UN_Comtrade_official_public_preview_reporter_query,2026-09-11T16:05:47+00:00
H5,699,IND,India,440,LTU,Lithuania,False,M,2017,8542,51411.979,False,True,UN_Comtrade_official_public_preview_reporter_query,2026-09-11T16:05:47+00:00
H5,699,IND,India,442,LUX,Luxembourg,False,M,2017,8542,14110.794,False,True,UN_Comtrade_official_public_preview_reporter_query,2026-09-11T16:05:47+00:00
H5,699,IND,India,458,MYS,Malaysia,False,M,2017,8542,104055751.373,False,True,UN_Comtrade_official_public_preview_reporter_query,2026-09-11T16:05:47+00:00
H5,699,IND,India,470,MLT,Malta,False,M,2017,8542,1477170.848,False,True,UN_Comtrade_official_public_preview_reporter_query,2026-09-11T16:05:47+00:00
H5,699,IND,India,480,MUS,Mauritius,False,M,2017,8542,187147.927,False,True,UN_Comtrade_official_public_preview_reporter_query,2026-09-11T16:05:47+00:00
H5,699,IND,India,484,MEX,Mexico,False,M,2017,8542,21139129.911,False,True,UN_Comtrade_official_public_preview_reporter_query,2026-09-11T16:05:47+00:00
H5,699,IND,India,490,S19,"Other Asia, nes",False,M,2017,8542,201181309.373,False,True,UN_Comtrade_official_public_preview_reporter_query,2026-09-11T16:05:47+00:00
H5,699,IND,India,504,MAR,Morocco,False,M,2017,8542,1896932.429,False,True,UN_Comtrade_official_public_preview_reporter_query,2026-09-11T16:05:47+00:00
H5,699,IND,India,516,NAM,Namibia,False,M,2017,8542,633.843,False,True,UN_Comtrade_official_public_preview_reporter_query,2026-09-11T16:05:47+00:00
H5,699,IND,India,528,NLD,Netherlands,False,M,2017,8542,10150541.593,False,True,UN_Comtrade_official_public_preview_reporter_query,2026-09-11T16:05:47+00:00
H5,699,IND,India,531,CUW,Curaçao,False,M,2017,8542,1736.947,False,True,UN_Comtrade_official_public_preview_reporter_query,2026-09-11T16:05:47+00:00
H5,699,IND,India,554,NZL,New Zealand,False,M,2017,8542,3519.415,False,True,UN_Comtrade_official_public_preview_reporter_query,2026-09-11T16:05:47+00:00
H5,699,IND,India,562,NER,Niger,False,M,2017,8542,9314.289,False,True,UN_Comtrade_official_public_preview_reporter_query,2026-09-11T16:05:47+00:00
H5,699,IND,India,579,NOR,Norway,False,M,2017,8542,668278.348,False,True,UN_Comtrade_official_public_preview_reporter_query,2026-09-11T16:05:47+00:00
H5,699,IND,India,608,PHL,Philippines,False,M,2017,8542,36379493.179,False,True,UN_Comtrade_official_public_preview_reporter_query,2026-09-11T16:05:47+00:00
H5,699,IND,India,616,POL,Poland,False,M,2017,8542,515079.568,False,True,UN_Comtrade_official_public_preview_reporter_query,2026-09-11T16:05:47+00:00
H5,699,IND,India,620,PRT,Portugal,False,M,2017,8542,182114.732,False,True,UN_Comtrade_official_public_preview_reporter_query,2026-09-11T16:05:47+00:00
H5,699,IND,India,642,ROU,Romania,False,M,2017,8542,54976.885,False,True,UN_Comtrade_official_public_preview_reporter_query,2026-09-11T16:05:47+00:00
H5,699,IND,India,643,RUS,Russian Federation,False,M,2017,8542,878678.032,False,True,UN_Comtrade_official_public_preview_reporter_query,2026-09-11T16:05:47+00:00
H5,699,IND,India,660,AIA,Anguilla,False,M,2017,8542,132753.816,False,True,UN_Comtrade_official_public_preview_reporter_query,2026-09-11T16:05:47+00:00
H5,699,IND,India,686,SEN,Senegal,False,M,2017,8542,2460.418,False,True,UN_Comtrade_official_public_preview_reporter_query,2026-09-11T16:05:47+00:00
H5,699,IND,India,702,SGP,Singapore,False,M,2017,8542,231243579.957,False,True,UN_Comtrade_official_public_preview_reporter_query,2026-09-11T16:05:47+00:00
H5,699,IND,India,703,SVK,Slovakia,False,M,2017,8542,23462.859,False,True,UN_Comtrade_official_public_preview_reporter_query,2026-09-11T16:05:47+00:00
H5,699,IND,India,704,VNM,Viet Nam,False,M,2017,8542,7471674.732,False,True,UN_Comtrade_official_public_preview_reporter_query,2026-09-11T16:05:47+00:00
H5,699,IND,India,705,SVN,Slovenia,False,M,2017,8542,3562.493,False,True,UN_Comtrade_official_public_preview_reporter_query,2026-09-11T16:05:47+00:00
H5,699,IND,India,710,ZAF,South Africa,False,M,2017,8542,31777.012,False,True,UN_Comtrade_official_public_preview_reporter_query,2026-09-11T16:05:47+00:00
H5,699,IND,India,724,ESP,Spain,False,M,2017,8542,450037.275,False,True,UN_Comtrade_official_public_preview_reporter_query,2026-09-11T16:05:47+00:00
H5,699,IND,India,748,SWZ,Eswatini,False,M,2017,8542,2751.282,False,True,UN_Comtrade_official_public_preview_reporter_query,2026-09-11T16:05:47+00:00
H5,699,IND,India,752,SWE,Sweden,False,M,2017,8542,353291.647,False,True,UN_Comtrade_official_public_preview_reporter_query,2026-09-11T16:05:47+00:00
H5,699,IND,India,757,CHE,Switzerland,False,M,2017,8542,397169.808,False,True,UN_Comtrade_official_public_preview_reporter_query,2026-09-11T16:05:47+00:00
H5,699,IND,India,764,THA,Thailand,False,M,2017,8542,51448042.323,False,True,UN_Comtrade_official_public_preview_reporter_query,2026-09-11T16:05:47+00:00
H5,699,IND,India,784,ARE,United Arab Emirates,False,M,2017,8542,567258.758,False,True,UN_Comtrade_official_public_preview_reporter_query,2026-09-11T16:05:47+00:00
H5,699,IND,India,792,TUR,Türkiye,False,M,2017,8542,271204.639,False,True,UN_Comtrade_official_public_preview_reporter_query,2026-09-11T16:05:47+00:00
H5,699,IND,India,804,UKR,Ukraine,False,M,2017,8542,3133.85,False,True,UN_Comtrade_official_public_preview_reporter_query,2026-09-11T16:05:47+00:00
H5,699,IND,India,826,GBR,United Kingdom,False,M,2017,8542,3679087.949,False,True,UN_Comtrade_official_public_preview_reporter_query,2026-09-11T16:05:47+00:00
H5,699,IND,India,842,USA,USA,False,M,2017,8542,53718449.268,False,True,UN_Comtrade_official_public_preview_reporter_query,2026-09-11T16:05:47+00:00
H5,699,IND,India,899,_X ,"Areas, nes",False,M,2017,8542,5926.12,False,True,UN_Comtrade_official_public_preview_reporter_query,2026-09-11T16:05:47+00:00
H5,699,IND,India,4,AFG,Afghanistan,False,X,2017,8542,14034.966,False,True,UN_Comtrade_official_public_preview_reporter_query,2026-09-11T16:05:47+00:00
H5,699,IND,India,12,DZA,Algeria,False,X,2017,8542,1339.651,False,True,UN_Comtrade_official_public_preview_reporter_query,2026-09-11T16:05:47+00:00
H5,699,IND,India,32,ARG,Argentina,False,X,2017,8542,3275.567,False,True,UN_Comtrade_official_public_preview_reporter_query,2026-09-11T16:05:47+00:00
H5,699,IND,India,36,AUS,Australia,False,X,2017,8542,76437.797,False,True,UN_Comtrade_official_public_preview_reporter_query,2026-09-11T16:05:47+00:00
H5,699,IND,India,40,AUT,Austria,False,X,2017,8542,118424.733,False,True,UN_Comtrade_official_public_preview_reporter_query,2026-09-11T16:05:47+00:00
H5,699,IND,India,48,BHR,Bahrain,False,X,2017,8542,1064.847,False,True,UN_Comtrade_official_public_preview_reporter_query,2026-09-11T16:05:47+00:00
H5,699,IND,India,50,BGD,Bangladesh,False,X,2017,8542,163611.725,False,True,UN_Comtrade_official_public_preview_reporter_query,2026-09-11T16:05:47+00:00
H5,699,IND,India,51,ARM,Armenia,False,X,2017,8542,1839.256,False,True,UN_Comtrade_official_public_preview_reporter_query,2026-09-11T16:05:47+00:00
H5,699,IND,India,52,BRB,Barbados,False,X,2017,8542,1083.614,False,True,UN_Comtrade_official_public_preview_reporter_query,2026-09-11T16:05:47+00:00
H5,699,IND,India,56,BEL,Belgium,False,X,2017,8542,21808.083,False,True,UN_Comtrade_official_public_preview_reporter_query,2026-09-11T16:05:47+00:00
H5,699,IND,India,64,BTN,Bhutan,False,X,2017,8542,21164.119,False,True,UN_Comtrade_official_public_preview_reporter_query,2026-09-11T16:05:47+00:00
H5,699,IND,India,72,BWA,Botswana,False,X,2017,8542,20135.362,False,True,UN_Comtrade_official_public_preview_reporter_query,2026-09-11T16:05:47+00:00
H5,699,IND,India,76,BRA,Brazil,False,X,2017,8542,373642.04,False,True,UN_Comtrade_official_public_preview_reporter_query,2026-09-11T16:05:47+00:00
H5,699,IND,India,100,BGR,Bulgaria,False,X,2017,8542,2147.586,False,True,UN_Comtrade_official_public_preview_reporter_query,2026-09-11T16:05:47+00:00
H5,699,IND,India,104,MMR,Myanmar,False,X,2017,8542,22.022,False,True,UN_Comtrade_official_public_preview_reporter_query,2026-09-11T16:05:47+00:00
H5,699,IND,India,112,BLR,Belarus,False,X,2017,8542,14776.955,False,True,UN_Comtrade_official_public_preview_reporter_query,2026-09-11T16:05:47+00:00
H5,699,IND,India,120,CMR,Cameroon,False,X,2017,8542,457.326,False,True,UN_Comtrade_official_public_preview_reporter_query,2026-09-11T16:05:47+00:00
H5,699,IND,India,124,CAN,Canada,False,X,2017,8542,287270.455,False,True,UN_Comtrade_official_public_preview_reporter_query,2026-09-11T16:05:47+00:00
H5,699,IND,India,144,LKA,Sri Lanka,False,X,2017,8542,263510.055,False,True,UN_Comtrade_official_public_preview_reporter_query,2026-09-11T16:05:47+00:00
H5,699,IND,India,152,CHL,Chile,False,X,2017,8542,10718.179,False,True,UN_Comtrade_official_public_preview_reporter_query,2026-09-11T16:05:47+00:00
H5,699,IND,India,156,CHN,China,False,X,2017,8542,13729527.259,False,True,UN_Comtrade_official_public_preview_reporter_query,2026-09-11T16:05:47+00:00
H5,699,IND,India,170,COL,Colombia,False,X,2017,8542,211470.894,False,True,UN_Comtrade_official_public_preview_reporter_query,2026-09-11T16:05:47+00:00
H5,699,IND,India,178,COG,Congo,False,X,2017,8542,3304.485,False,True,UN_Comtrade_official_public_preview_reporter_query,2026-09-11T16:05:47+00:00
H5,699,IND,India,180,COD,Dem. Rep. of the Congo,False,X,2017,8542,2108.286,False,True,UN_Comtrade_official_public_preview_reporter_query,2026-09-11T16:05:47+00:00
H5,699,IND,India,188,CRI,Costa Rica,False,X,2017,8542,7639.002,False,True,UN_Comtrade_official_public_preview_reporter_query,2026-09-11T16:05:47+00:00
H5,699,IND,India,191,HRV,Croatia,False,X,2017,8542,1351.154,False,True,UN_Comtrade_official_public_preview_reporter_query,2026-09-11T16:05:47+00:00
H5,699,IND,India,196,CYP,Cyprus,False,X,2017,8542,333.423,False,True,UN_Comtrade_official_public_preview_reporter_query,2026-09-11T16:05:47+00:00
H5,699,IND,India,203,CZE,Czechia,False,X,2017,8542,8806.022,False,True,UN_Comtrade_official_public_preview_reporter_query,2026-09-11T16:05:47+00:00
H5,699,IND,India,204,BEN,Benin,False,X,2017,8542,900.693,False,True,UN_Comtrade_official_public_preview_reporter_query,2026-09-11T16:05:47+00:00
H5,699,IND,India,208,DNK,Denmark,False,X,2017,8542,60732.613,False,True,UN_Comtrade_official_public_preview_reporter_query,2026-09-11T16:05:47+00:00
H5,699,IND,India,218,ECU,Ecuador,False,X,2017,8542,3097.161,False,True,UN_Comtrade_official_public_preview_reporter_query,2026-09-11T16:05:47+00:00
H5,699,IND,India,231,ETH,Ethiopia,False,X,2017,8542,22901.572,False,True,UN_Comtrade_official_public_preview_reporter_query,2026-09-11T16:05:47+00:00
H5,699,IND,India,233,EST,Estonia,False,X,2017,8542,989205.17,False,True,UN_Comtrade_official_public_preview_reporter_query,2026-09-11T16:05:47+00:00
H5,699,IND,India,242,FJI,Fiji,False,X,2017,8542,4560.869,False,True,UN_Comtrade_official_public_preview_reporter_query,2026-09-11T16:05:47+00:00
H5,699,IND,India,246,FIN,Finland,False,X,2017,8542,812973.934,False,True,UN_Comtrade_official_public_preview_reporter_query,2026-09-11T16:05:47+00:00
H5,699,IND,India,251,FRA,France,False,X,2017,8542,929081.26,False,True,UN_Comtrade_official_public_preview_reporter_query,2026-09-11T16:05:47+00:00
H5,699,IND,India,266,GAB,Gabon,False,X,2017,8542,8644.816,False,True,UN_Comtrade_official_public_preview_reporter_query,2026-09-11T16:05:47+00:00
H5,699,IND,India,268,GEO,Georgia,False,X,2017,8542,15080.939,False,True,UN_Comtrade_official_public_preview_reporter_query,2026-09-11T16:05:47+00:00
H5,699,IND,India,276,DEU,Germany,False,X,2017,8542,1650178.986,False,True,UN_Comtrade_official_public_preview_reporter_query,2026-09-11T16:05:47+00:00
H5,699,IND,India,288,GHA,Ghana,False,X,2017,8542,921.287,False,True,UN_Comtrade_official_public_preview_reporter_query,2026-09-11T16:05:47+00:00
H5,699,IND,India,300,GRC,Greece,False,X,2017,8542,1788.316,False,True,UN_Comtrade_official_public_preview_reporter_query,2026-09-11T16:05:47+00:00
H5,699,IND,India,324,GIN,Guinea,False,X,2017,8542,241.74,False,True,UN_Comtrade_official_public_preview_reporter_query,2026-09-11T16:05:47+00:00
H5,699,IND,India,344,HKG,"China, Hong Kong SAR",False,X,2017,8542,7592331.219,False,True,UN_Comtrade_official_public_preview_reporter_query,2026-09-11T16:05:47+00:00
H5,699,IND,India,348,HUN,Hungary,False,X,2017,8542,694381.099,False,True,UN_Comtrade_official_public_preview_reporter_query,2026-09-11T16:05:47+00:00
H5,699,IND,India,360,IDN,Indonesia,False,X,2017,8542,217178.358,False,True,UN_Comtrade_official_public_preview_reporter_query,2026-09-11T16:05:47+00:00
H5,699,IND,India,364,IRN,Iran,False,X,2017,8542,17616.712,False,True,UN_Comtrade_official_public_preview_reporter_query,2026-09-11T16:05:47+00:00
H5,699,IND,India,372,IRL,Ireland,False,X,2017,8542,4796788.623,False,True,UN_Comtrade_official_public_preview_reporter_query,2026-09-11T16:05:47+00:00
H5,699,IND,India,376,ISR,Israel,False,X,2017,8542,10337718.124,False,True,UN_Comtrade_official_public_preview_reporter_query,2026-09-11T16:05:47+00:00
H5,699,IND,India,380,ITA,Italy,False,X,2017,8542,119975.717,False,True,UN_Comtrade_official_public_preview_reporter_query,2026-09-11T16:05:47+00:00
H5,699,IND,India,384,CIV,Côte d'Ivoire,False,X,2017,8542,428.27,False,True,UN_Comtrade_official_public_preview_reporter_query,2026-09-11T16:05:47+00:00
H5,699,IND,India,392,JPN,Japan,False,X,2017,8542,499949.757,False,True,UN_Comtrade_official_public_preview_reporter_query,2026-09-11T16:05:47+00:00
H5,699,IND,India,404,KEN,Kenya,False,X,2017,8542,65861.504,False,True,UN_Comtrade_official_public_preview_reporter_query,2026-09-11T16:05:47+00:00
H5,699,IND,India,408,PRK,Dem. People's Rep. of Korea,False,X,2017,8542,4248.608,False,True,UN_Comtrade_official_public_preview_reporter_query,2026-09-11T16:05:47+00:00
H5,699,IND,India,410,KOR,Rep. of Korea,False,X,2017,8542,4204838.648,False,True,UN_Comtrade_official_public_preview_reporter_query,2026-09-11T16:05:47+00:00
H5,699,IND,India,414,KWT,Kuwait,False,X,2017,8542,268093.299,False,True,UN_Comtrade_official_public_preview_reporter_query,2026-09-11T16:05:47+00:00
H5,699,IND,India,422,LBN,Lebanon,False,X,2017,8542,375.164,False,True,UN_Comtrade_official_public_preview_reporter_query,2026-09-11T16:05:47+00:00
H5,699,IND,India,428,LVA,Latvia,False,X,2017,8542,1937.175,False,True,UN_Comtrade_official_public_preview_reporter_query,2026-09-11T16:05:47+00:00
H5,699,IND,India,440,LTU,Lithuania,False,X,2017,8542,18119.649,False,True,UN_Comtrade_official_public_preview_reporter_query,2026-09-11T16:05:47+00:00
H5,699,IND,India,442,LUX,Luxembourg,False,X,2017,8542,200.429,False,True,UN_Comtrade_official_public_preview_reporter_query,2026-09-11T16:05:47+00:00
H5,699,IND,India,450,MDG,Madagascar,False,X,2017,8542,30.546,False,True,UN_Comtrade_official_public_preview_reporter_query,2026-09-11T16:05:47+00:00
H5,699,IND,India,454,MWI,Malawi,False,X,2017,8542,2642.875,False,True,UN_Comtrade_official_public_preview_reporter_query,2026-09-11T16:05:47+00:00
H5,699,IND,India,458,MYS,Malaysia,False,X,2017,8542,1267429.092,False,True,UN_Comtrade_official_public_preview_reporter_query,2026-09-11T16:05:47+00:00
H5,699,IND,India,462,MDV,Maldives,False,X,2017,8542,4159.121,False,True,UN_Comtrade_official_public_preview_reporter_query,2026-09-11T16:05:47+00:00
H5,699,IND,India,470,MLT,Malta,False,X,2017,8542,68049.203,False,True,UN_Comtrade_official_public_preview_reporter_query,2026-09-11T16:05:47+00:00
H5,699,IND,India,480,MUS,Mauritius,False,X,2017,8542,376506.859,False,True,UN_Comtrade_official_public_preview_reporter_query,2026-09-11T16:05:47+00:00
H5,699,IND,India,484,MEX,Mexico,False,X,2017,8542,337724.431,False,True,UN_Comtrade_official_public_preview_reporter_query,2026-09-11T16:05:47+00:00
H5,699,IND,India,490,S19,"Other Asia, nes",False,X,2017,8542,1497871.154,False,True,UN_Comtrade_official_public_preview_reporter_query,2026-09-11T16:05:47+00:00
H5,699,IND,India,496,MNG,Mongolia,False,X,2017,8542,1574.527,False,True,UN_Comtrade_official_public_preview_reporter_query,2026-09-11T16:05:47+00:00
H5,699,IND,India,504,MAR,Morocco,False,X,2017,8542,91.269,False,True,UN_Comtrade_official_public_preview_reporter_query,2026-09-11T16:05:47+00:00
H5,699,IND,India,508,MOZ,Mozambique,False,X,2017,8542,8633.62,False,True,UN_Comtrade_official_public_preview_reporter_query,2026-09-11T16:05:47+00:00
H5,699,IND,India,512,OMN,Oman,False,X,2017,8542,24934.807,False,True,UN_Comtrade_official_public_preview_reporter_query,2026-09-11T16:05:47+00:00
H5,699,IND,India,524,NPL,Nepal,False,X,2017,8542,256321.407,False,True,UN_Comtrade_official_public_preview_reporter_query,2026-09-11T16:05:47+00:00
H5,699,IND,India,528,NLD,Netherlands,False,X,2017,8542,98695.067,False,True,UN_Comtrade_official_public_preview_reporter_query,2026-09-11T16:05:47+00:00
H5,699,IND,India,540,NCL,New Caledonia,False,X,2017,8542,224.785,False,True,UN_Comtrade_official_public_preview_reporter_query,2026-09-11T16:05:47+00:00
H5,699,IND,India,554,NZL,New Zealand,False,X,2017,8542,8458.639,False,True,UN_Comtrade_official_public_preview_reporter_query,2026-09-11T16:05:47+00:00
H5,699,IND,India,558,NIC,Nicaragua,False,X,2017,8542,21.685,False,True,UN_Comtrade_official_public_preview_reporter_query,2026-09-11T16:05:47+00:00
H5,699,IND,India,566,NGA,Nigeria,False,X,2017,8542,548199.402,False,True,UN_Comtrade_official_public_preview_reporter_query,2026-09-11T16:05:47+00:00
H5,699,IND,India,579,NOR,Norway,False,X,2017,8542,2651.276,False,True,UN_Comtrade_official_public_preview_reporter_query,2026-09-11T16:05:47+00:00
H5,699,IND,India,586,PAK,Pakistan,False,X,2017,8542,1020.065,False,True,UN_Comtrade_official_public_preview_reporter_query,2026-09-11T16:05:47+00:00
H5,699,IND,India,598,PNG,Papua New Guinea,False,X,2017,8542,7.264,False,True,UN_Comtrade_official_public_preview_reporter_query,2026-09-11T16:05:47+00:00
H5,699,IND,India,600,PRY,Paraguay,False,X,2017,8542,762.292,False,True,UN_Comtrade_official_public_preview_reporter_query,2026-09-11T16:05:47+00:00
H5,699,IND,India,604,PER,Peru,False,X,2017,8542,8614.853,False,True,UN_Comtrade_official_public_preview_reporter_query,2026-09-11T16:05:47+00:00
H5,699,IND,India,608,PHL,Philippines,False,X,2017,8542,363348.752,False,True,UN_Comtrade_official_public_preview_reporter_query,2026-09-11T16:05:47+00:00
H5,699,IND,India,616,POL,Poland,False,X,2017,8542,305578.232,False,True,UN_Comtrade_official_public_preview_reporter_query,2026-09-11T16:05:47+00:00
H5,699,IND,India,620,PRT,Portugal,False,X,2017,8542,26133.186,False,True,UN_Comtrade_official_public_preview_reporter_query,2026-09-11T16:05:47+00:00
H5,699,IND,India,634,QAT,Qatar,False,X,2017,8542,3963.33,False,True,UN_Comtrade_official_public_preview_reporter_query,2026-09-11T16:05:47+00:00
H5,699,IND,India,642,ROU,Romania,False,X,2017,8542,6056.029,False,True,UN_Comtrade_official_public_preview_reporter_query,2026-09-11T16:05:47+00:00
H5,699,IND,India,643,RUS,Russian Federation,False,X,2017,8542,301227.329,False,True,UN_Comtrade_official_public_preview_reporter_query,2026-09-11T16:05:47+00:00
H5,699,IND,India,646,RWA,Rwanda,False,X,2017,8542,2692.787,False,True,UN_Comtrade_official_public_preview_reporter_query,2026-09-11T16:05:47+00:00
H5,699,IND,India,682,SAU,Saudi Arabia,False,X,2017,8542,34910.229,False,True,UN_Comtrade_official_public_preview_reporter_query,2026-09-11T16:05:47+00:00
H5,699,IND,India,702,SGP,Singapore,False,X,2017,8542,3843235.027,False,True,UN_Comtrade_official_public_preview_reporter_query,2026-09-11T16:05:47+00:00
H5,699,IND,India,703,SVK,Slovakia,False,X,2017,8542,3675.196,False,True,UN_Comtrade_official_public_preview_reporter_query,2026-09-11T16:05:47+00:00
H5,699,IND,India,704,VNM,Viet Nam,False,X,2017,8542,8917469.585,False,True,UN_Comtrade_official_public_preview_reporter_query,2026-09-11T16:05:47+00:00
H5,699,IND,India,705,SVN,Slovenia,False,X,2017,8542,2804.266,False,True,UN_Comtrade_official_public_preview_reporter_query,2026-09-11T16:05:47+00:00
H5,699,IND,India,706,SOM,Somalia,False,X,2017,8542,239.575,False,True,UN_Comtrade_official_public_preview_reporter_query,2026-09-11T16:05:47+00:00
H5,699,IND,India,710,ZAF,South Africa,False,X,2017,8542,4449.989,False,True,UN_Comtrade_official_public_preview_reporter_query,2026-09-11T16:05:47+00:00
H5,699,IND,India,716,ZWE,Zimbabwe,False,X,2017,8542,193.994,False,True,UN_Comtrade_official_public_preview_reporter_query,2026-09-11T16:05:47+00:00
H5,699,IND,India,724,ESP,Spain,False,X,2017,8542,98883.255,False,True,UN_Comtrade_official_public_preview_reporter_query,2026-09-11T16:05:47+00:00
H5,699,IND,India,729,SDN,Sudan,False,X,2017,8542,68195.988,False,True,UN_Comtrade_official_public_preview_reporter_query,2026-09-11T16:05:47+00:00
H5,699,IND,India,752,SWE,Sweden,False,X,2017,8542,30098.62,False,True,UN_Comtrade_official_public_preview_reporter_query,2026-09-11T16:05:47+00:00
H5,699,IND,India,757,CHE,Switzerland,False,X,2017,8542,334311.139,False,True,UN_Comtrade_official_public_preview_reporter_query,2026-09-11T16:05:47+00:00
H5,699,IND,India,764,THA,Thailand,False,X,2017,8542,248704.059,False,True,UN_Comtrade_official_public_preview_reporter_query,2026-09-11T16:05:47+00:00
H5,699,IND,India,784,ARE,United Arab Emirates,False,X,2017,8542,143936.408,False,True,UN_Comtrade_official_public_preview_reporter_query,2026-09-11T16:05:47+00:00
H5,699,IND,India,792,TUR,Türkiye,False,X,2017,8542,20877.183,False,True,UN_Comtrade_official_public_preview_reporter_query,2026-09-11T16:05:47+00:00
H5,699,IND,India,800,UGA,Uganda,False,X,2017,8542,8331.157,False,True,UN_Comtrade_official_public_preview_reporter_query,2026-09-11T16:05:47+00:00
H5,699,IND,India,804,UKR,Ukraine,False,X,2017,8542,8217.16,False,True,UN_Comtrade_official_public_preview_reporter_query,2026-09-11T16:05:47+00:00
H5,699,IND,India,807,MKD,North Macedonia,False,X,2017,8542,8842.157,False,True,UN_Comtrade_official_public_preview_reporter_query,2026-09-11T16:05:47+00:00
H5,699,IND,India,818,EGY,Egypt,False,X,2017,8542,10372.854,False,True,UN_Comtrade_official_public_preview_reporter_query,2026-09-11T16:05:47+00:00
H5,699,IND,India,826,GBR,United Kingdom,False,X,2017,8542,634889.298,False,True,UN_Comtrade_official_public_preview_reporter_query,2026-09-11T16:05:47+00:00
H5,699,IND,India,834,TZA,United Rep. of Tanzania,False,X,2017,8542,16356.105,False,True,UN_Comtrade_official_public_preview_reporter_query,2026-09-11T16:05:47+00:00
H5,699,IND,India,842,USA,USA,False,X,2017,8542,8318122.102,False,True,UN_Comtrade_official_public_preview_reporter_query,2026-09-11T16:05:47+00:00
H5,699,IND,India,858,URY,Uruguay,False,X,2017,8542,377.514,False,True,UN_Comtrade_official_public_preview_reporter_query,2026-09-11T16:05:47+00:00
H5,699,IND,India,862,VEN,Venezuela,False,X,2017,8542,397.264,False,True,UN_Comtrade_official_public_preview_reporter_query,2026-09-11T16:05:47+00:00
H5,699,IND,India,894,ZMB,Zambia,False,X,2017,8542,81460.584,False,True,UN_Comtrade_official_public_preview_reporter_query,2026-09-11T16:05:47+00:00
H6,699,IND,India,28,ATG,Antigua and Barbuda,False,M,2022,8542,28737.952,False,True,UN_Comtrade_official_public_preview_reporter_query,2026-09-11T16:05:47+00:00
H6,699,IND,India,31,AZE,Azerbaijan,False,M,2022,8542,3974.835,False,True,UN_Comtrade_official_public_preview_reporter_query,2026-09-11T16:05:47+00:00
H6,699,IND,India,36,AUS,Australia,False,M,2022,8542,397907.543,False,True,UN_Comtrade_official_public_preview_reporter_query,2026-09-11T16:05:47+00:00
H6,699,IND,India,40,AUT,Austria,False,M,2022,8542,1281175.416,False,True,UN_Comtrade_official_public_preview_reporter_query,2026-09-11T16:05:47+00:00
H6,699,IND,India,56,BEL,Belgium,False,M,2022,8542,3683323.26,False,True,UN_Comtrade_official_public_preview_reporter_query,2026-09-11T16:05:47+00:00
H6,699,IND,India,60,BMU,Bermuda,False,M,2022,8542,49597.714,False,True,UN_Comtrade_official_public_preview_reporter_query,2026-09-11T16:05:47+00:00
H6,699,IND,India,76,BRA,Brazil,False,M,2022,8542,6180911.248,False,True,UN_Comtrade_official_public_preview_reporter_query,2026-09-11T16:05:47+00:00
H6,699,IND,India,100,BGR,Bulgaria,False,M,2022,8542,172608.359,False,True,UN_Comtrade_official_public_preview_reporter_query,2026-09-11T16:05:47+00:00
H6,699,IND,India,104,MMR,Myanmar,False,M,2022,8542,2225.42,False,True,UN_Comtrade_official_public_preview_reporter_query,2026-09-11T16:05:47+00:00
H6,699,IND,India,112,BLR,Belarus,False,M,2022,8542,484759.46,False,True,UN_Comtrade_official_public_preview_reporter_query,2026-09-11T16:05:47+00:00
H6,699,IND,India,116,KHM,Cambodia,False,M,2022,8542,370440.114,False,True,UN_Comtrade_official_public_preview_reporter_query,2026-09-11T16:05:47+00:00
H6,699,IND,India,120,CMR,Cameroon,False,M,2022,8542,30954.491,False,True,UN_Comtrade_official_public_preview_reporter_query,2026-09-11T16:05:47+00:00
H6,699,IND,India,124,CAN,Canada,False,M,2022,8542,3204601.743,False,True,UN_Comtrade_official_public_preview_reporter_query,2026-09-11T16:05:47+00:00
H6,699,IND,India,136,CYM,Cayman Isds,False,M,2022,8542,41.86,False,True,UN_Comtrade_official_public_preview_reporter_query,2026-09-11T16:05:47+00:00
H6,699,IND,India,144,LKA,Sri Lanka,False,M,2022,8542,21773.027,False,True,UN_Comtrade_official_public_preview_reporter_query,2026-09-11T16:05:47+00:00
H6,699,IND,India,148,TCD,Chad,False,M,2022,8542,18761.078,False,True,UN_Comtrade_official_public_preview_reporter_query,2026-09-11T16:05:47+00:00
H6,699,IND,India,152,CHL,Chile,False,M,2022,8542,9254.445,False,True,UN_Comtrade_official_public_preview_reporter_query,2026-09-11T16:05:47+00:00
H6,699,IND,India,156,CHN,China,False,M,2022,8542,5058281968.096,False,True,UN_Comtrade_official_public_preview_reporter_query,2026-09-11T16:05:47+00:00
H6,699,IND,India,170,COL,Colombia,False,M,2022,8542,39015.44,False,True,UN_Comtrade_official_public_preview_reporter_query,2026-09-11T16:05:47+00:00
H6,699,IND,India,188,CRI,Costa Rica,False,M,2022,8542,36769.383,False,True,UN_Comtrade_official_public_preview_reporter_query,2026-09-11T16:05:47+00:00
H6,699,IND,India,191,HRV,Croatia,False,M,2022,8542,2328.008,False,True,UN_Comtrade_official_public_preview_reporter_query,2026-09-11T16:05:47+00:00
H6,699,IND,India,203,CZE,Czechia,False,M,2022,8542,2116352.867,False,True,UN_Comtrade_official_public_preview_reporter_query,2026-09-11T16:05:47+00:00
H6,699,IND,India,208,DNK,Denmark,False,M,2022,8542,2002873.666,False,True,UN_Comtrade_official_public_preview_reporter_query,2026-09-11T16:05:47+00:00
H6,699,IND,India,233,EST,Estonia,False,M,2022,8542,62852.682,False,True,UN_Comtrade_official_public_preview_reporter_query,2026-09-11T16:05:47+00:00
H6,699,IND,India,246,FIN,Finland,False,M,2022,8542,194931851.318,False,True,UN_Comtrade_official_public_preview_reporter_query,2026-09-11T16:05:47+00:00
H6,699,IND,India,251,FRA,France,False,M,2022,8542,16834080.018,False,True,UN_Comtrade_official_public_preview_reporter_query,2026-09-11T16:05:47+00:00
H6,699,IND,India,276,DEU,Germany,False,M,2022,8542,70553693.221,False,True,UN_Comtrade_official_public_preview_reporter_query,2026-09-11T16:05:47+00:00
H6,699,IND,India,340,HND,Honduras,False,M,2022,8542,23823.998,False,True,UN_Comtrade_official_public_preview_reporter_query,2026-09-11T16:05:47+00:00
H6,699,IND,India,344,HKG,"China, Hong Kong SAR",False,M,2022,8542,3967642868.582,False,True,UN_Comtrade_official_public_preview_reporter_query,2026-09-11T16:05:47+00:00
H6,699,IND,India,348,HUN,Hungary,False,M,2022,8542,4099065.548,False,True,UN_Comtrade_official_public_preview_reporter_query,2026-09-11T16:05:47+00:00
H6,699,IND,India,352,ISL,Iceland,False,M,2022,8542,457.059,False,True,UN_Comtrade_official_public_preview_reporter_query,2026-09-11T16:05:47+00:00
H6,699,IND,India,360,IDN,Indonesia,False,M,2022,8542,7848485.486,False,True,UN_Comtrade_official_public_preview_reporter_query,2026-09-11T16:05:47+00:00
H6,699,IND,India,364,IRN,Iran,False,M,2022,8542,1737.825,False,True,UN_Comtrade_official_public_preview_reporter_query,2026-09-11T16:05:47+00:00
H6,699,IND,India,372,IRL,Ireland,False,M,2022,8542,765650935.445,False,True,UN_Comtrade_official_public_preview_reporter_query,2026-09-11T16:05:47+00:00
H6,699,IND,India,376,ISR,Israel,False,M,2022,8542,93418235.969,False,True,UN_Comtrade_official_public_preview_reporter_query,2026-09-11T16:05:47+00:00
H6,699,IND,India,380,ITA,Italy,False,M,2022,8542,1898595.598,False,True,UN_Comtrade_official_public_preview_reporter_query,2026-09-11T16:05:47+00:00
H6,699,IND,India,388,JAM,Jamaica,False,M,2022,8542,38264.778,False,True,UN_Comtrade_official_public_preview_reporter_query,2026-09-11T16:05:47+00:00
H6,699,IND,India,392,JPN,Japan,False,M,2022,8542,215051257.252,False,True,UN_Comtrade_official_public_preview_reporter_query,2026-09-11T16:05:47+00:00
H6,699,IND,India,408,PRK,Dem. People's Rep. of Korea,False,M,2022,8542,74.966,False,True,UN_Comtrade_official_public_preview_reporter_query,2026-09-11T16:05:47+00:00
H6,699,IND,India,410,KOR,Rep. of Korea,False,M,2022,8542,2253127473.775,False,True,UN_Comtrade_official_public_preview_reporter_query,2026-09-11T16:05:47+00:00
H6,699,IND,India,428,LVA,Latvia,False,M,2022,8542,73787.557,False,True,UN_Comtrade_official_public_preview_reporter_query,2026-09-11T16:05:47+00:00
H6,699,IND,India,440,LTU,Lithuania,False,M,2022,8542,121254.232,False,True,UN_Comtrade_official_public_preview_reporter_query,2026-09-11T16:05:47+00:00
H6,699,IND,India,442,LUX,Luxembourg,False,M,2022,8542,17953.123,False,True,UN_Comtrade_official_public_preview_reporter_query,2026-09-11T16:05:47+00:00
H6,699,IND,India,446,MAC,"China, Macao SAR",False,M,2022,8542,1062738.239,False,True,UN_Comtrade_official_public_preview_reporter_query,2026-09-11T16:05:47+00:00
H6,699,IND,India,458,MYS,Malaysia,False,M,2022,8542,86362650.533,False,True,UN_Comtrade_official_public_preview_reporter_query,2026-09-11T16:05:47+00:00
H6,699,IND,India,470,MLT,Malta,False,M,2022,8542,4290694.936,False,True,UN_Comtrade_official_public_preview_reporter_query,2026-09-11T16:05:47+00:00
H6,699,IND,India,480,MUS,Mauritius,False,M,2022,8542,1358382.538,False,True,UN_Comtrade_official_public_preview_reporter_query,2026-09-11T16:05:47+00:00
H6,699,IND,India,484,MEX,Mexico,False,M,2022,8542,3752824.833,False,True,UN_Comtrade_official_public_preview_reporter_query,2026-09-11T16:05:47+00:00
H6,699,IND,India,490,S19,"Other Asia, nes",False,M,2022,8542,1012992953.81,False,True,UN_Comtrade_official_public_preview_reporter_query,2026-09-11T16:05:47+00:00
H6,699,IND,India,498,MDA,Rep. of Moldova,False,M,2022,8542,1696.945,False,True,UN_Comtrade_official_public_preview_reporter_query,2026-09-11T16:05:47+00:00
H6,699,IND,India,504,MAR,Morocco,False,M,2022,8542,9830.263,False,True,UN_Comtrade_official_public_preview_reporter_query,2026-09-11T16:05:47+00:00
H6,699,IND,India,512,OMN,Oman,False,M,2022,8542,41462202.178,False,True,UN_Comtrade_official_public_preview_reporter_query,2026-09-11T16:05:47+00:00
H6,699,IND,India,528,NLD,Netherlands,False,M,2022,8542,70678309.242,False,True,UN_Comtrade_official_public_preview_reporter_query,2026-09-11T16:05:47+00:00
H6,699,IND,India,531,CUW,Curaçao,False,M,2022,8542,23803.717,False,True,UN_Comtrade_official_public_preview_reporter_query,2026-09-11T16:05:47+00:00
H6,699,IND,India,554,NZL,New Zealand,False,M,2022,8542,58267.51,False,True,UN_Comtrade_official_public_preview_reporter_query,2026-09-11T16:05:47+00:00
H6,699,IND,India,570,NIU,Niue,False,M,2022,8542,1114.052,False,True,UN_Comtrade_official_public_preview_reporter_query,2026-09-11T16:05:47+00:00
H6,699,IND,India,579,NOR,Norway,False,M,2022,8542,370761.262,False,True,UN_Comtrade_official_public_preview_reporter_query,2026-09-11T16:05:47+00:00
H6,699,IND,India,584,MHL,Marshall Isds,False,M,2022,8542,56809.293,False,True,UN_Comtrade_official_public_preview_reporter_query,2026-09-11T16:05:47+00:00
H6,699,IND,India,604,PER,Peru,False,M,2022,8542,240.598,False,True,UN_Comtrade_official_public_preview_reporter_query,2026-09-11T16:05:47+00:00
H6,699,IND,India,608,PHL,Philippines,False,M,2022,8542,62101026.592,False,True,UN_Comtrade_official_public_preview_reporter_query,2026-09-11T16:05:47+00:00
H6,699,IND,India,616,POL,Poland,False,M,2022,8542,386849.786,False,True,UN_Comtrade_official_public_preview_reporter_query,2026-09-11T16:05:47+00:00
H6,699,IND,India,620,PRT,Portugal,False,M,2022,8542,312176.064,False,True,UN_Comtrade_official_public_preview_reporter_query,2026-09-11T16:05:47+00:00
H6,699,IND,India,634,QAT,Qatar,False,M,2022,8542,188219.339,False,True,UN_Comtrade_official_public_preview_reporter_query,2026-09-11T16:05:47+00:00
H6,699,IND,India,642,ROU,Romania,False,M,2022,8542,1654049.116,False,True,UN_Comtrade_official_public_preview_reporter_query,2026-09-11T16:05:47+00:00
H6,699,IND,India,643,RUS,Russian Federation,False,M,2022,8542,37334.59,False,True,UN_Comtrade_official_public_preview_reporter_query,2026-09-11T16:05:47+00:00
H6,699,IND,India,682,SAU,Saudi Arabia,False,M,2022,8542,8.639,False,True,UN_Comtrade_official_public_preview_reporter_query,2026-09-11T16:05:47+00:00
H6,699,IND,India,686,SEN,Senegal,False,M,2022,8542,39253.174,False,True,UN_Comtrade_official_public_preview_reporter_query,2026-09-11T16:05:47+00:00
H6,699,IND,India,702,SGP,Singapore,False,M,2022,8542,1556333570.883,False,True,UN_Comtrade_official_public_preview_reporter_query,2026-09-11T16:05:47+00:00
H6,699,IND,India,703,SVK,Slovakia,False,M,2022,8542,44816.679,False,True,UN_Comtrade_official_public_preview_reporter_query,2026-09-11T16:05:47+00:00
H6,699,IND,India,704,VNM,Viet Nam,False,M,2022,8542,138715000.996,False,True,UN_Comtrade_official_public_preview_reporter_query,2026-09-11T16:05:47+00:00
H6,699,IND,India,705,SVN,Slovenia,False,M,2022,8542,157601.609,False,True,UN_Comtrade_official_public_preview_reporter_query,2026-09-11T16:05:47+00:00
H6,699,IND,India,710,ZAF,South Africa,False,M,2022,8542,12358.867,False,True,UN_Comtrade_official_public_preview_reporter_query,2026-09-11T16:05:47+00:00
H6,699,IND,India,724,ESP,Spain,False,M,2022,8542,278809.833,False,True,UN_Comtrade_official_public_preview_reporter_query,2026-09-11T16:05:47+00:00
H6,699,IND,India,748,SWZ,Eswatini,False,M,2022,8542,98879.648,False,True,UN_Comtrade_official_public_preview_reporter_query,2026-09-11T16:05:47+00:00
H6,699,IND,India,752,SWE,Sweden,False,M,2022,8542,4259536.477,False,True,UN_Comtrade_official_public_preview_reporter_query,2026-09-11T16:05:47+00:00
H6,699,IND,India,757,CHE,Switzerland,False,M,2022,8542,1456166.684,False,True,UN_Comtrade_official_public_preview_reporter_query,2026-09-11T16:05:47+00:00
H6,699,IND,India,764,THA,Thailand,False,M,2022,8542,56054340.433,False,True,UN_Comtrade_official_public_preview_reporter_query,2026-09-11T16:05:47+00:00
H6,699,IND,India,784,ARE,United Arab Emirates,False,M,2022,8542,51673766.401,False,True,UN_Comtrade_official_public_preview_reporter_query,2026-09-11T16:05:47+00:00
H6,699,IND,India,792,TUR,Türkiye,False,M,2022,8542,1443225.103,False,True,UN_Comtrade_official_public_preview_reporter_query,2026-09-11T16:05:47+00:00
H6,699,IND,India,804,UKR,Ukraine,False,M,2022,8542,25713.967,False,True,UN_Comtrade_official_public_preview_reporter_query,2026-09-11T16:05:47+00:00
H6,699,IND,India,807,MKD,North Macedonia,False,M,2022,8542,11012.449,False,True,UN_Comtrade_official_public_preview_reporter_query,2026-09-11T16:05:47+00:00
H6,699,IND,India,818,EGY,Egypt,False,M,2022,8542,422284.469,False,True,UN_Comtrade_official_public_preview_reporter_query,2026-09-11T16:05:47+00:00
H6,699,IND,India,826,GBR,United Kingdom,False,M,2022,8542,51244839.771,False,True,UN_Comtrade_official_public_preview_reporter_query,2026-09-11T16:05:47+00:00
H6,699,IND,India,842,USA,USA,False,M,2022,8542,297135548.05,False,True,UN_Comtrade_official_public_preview_reporter_query,2026-09-11T16:05:47+00:00
H6,699,IND,India,882,WSM,Samoa,False,M,2022,8542,5707812.336,False,True,UN_Comtrade_official_public_preview_reporter_query,2026-09-11T16:05:47+00:00
H6,699,IND,India,899,_X ,"Areas, nes",False,M,2022,8542,114689.366,False,True,UN_Comtrade_official_public_preview_reporter_query,2026-09-11T16:05:47+00:00
H6,699,IND,India,8,ALB,Albania,False,X,2022,8542,2199.502,False,True,UN_Comtrade_official_public_preview_reporter_query,2026-09-11T16:05:47+00:00
H6,699,IND,India,12,DZA,Algeria,False,X,2022,8542,703301.236,False,True,UN_Comtrade_official_public_preview_reporter_query,2026-09-11T16:05:47+00:00
H6,699,IND,India,24,AGO,Angola,False,X,2022,8542,2950.877,False,True,UN_Comtrade_official_public_preview_reporter_query,2026-09-11T16:05:47+00:00
H6,699,IND,India,32,ARG,Argentina,False,X,2022,8542,9845.989,False,True,UN_Comtrade_official_public_preview_reporter_query,2026-09-11T16:05:47+00:00
H6,699,IND,India,36,AUS,Australia,False,X,2022,8542,95634.519,False,True,UN_Comtrade_official_public_preview_reporter_query,2026-09-11T16:05:47+00:00
H6,699,IND,India,40,AUT,Austria,False,X,2022,8542,317167.72,False,True,UN_Comtrade_official_public_preview_reporter_query,2026-09-11T16:05:47+00:00
H6,699,IND,India,48,BHR,Bahrain,False,X,2022,8542,41190.335,False,True,UN_Comtrade_official_public_preview_reporter_query,2026-09-11T16:05:47+00:00
H6,699,IND,India,50,BGD,Bangladesh,False,X,2022,8542,136292.995,False,True,UN_Comtrade_official_public_preview_reporter_query,2026-09-11T16:05:47+00:00
H6,699,IND,India,56,BEL,Belgium,False,X,2022,8542,44704.371,False,True,UN_Comtrade_official_public_preview_reporter_query,2026-09-11T16:05:47+00:00
H6,699,IND,India,64,BTN,Bhutan,False,X,2022,8542,34346.23,False,True,UN_Comtrade_official_public_preview_reporter_query,2026-09-11T16:05:47+00:00
H6,699,IND,India,68,BOL,Bolivia (Plurinational State of),False,X,2022,8542,70.678,False,True,UN_Comtrade_official_public_preview_reporter_query,2026-09-11T16:05:47+00:00
H6,699,IND,India,72,BWA,Botswana,False,X,2022,8542,1047.357,False,True,UN_Comtrade_official_public_preview_reporter_query,2026-09-11T16:05:47+00:00
H6,699,IND,India,76,BRA,Brazil,False,X,2022,8542,4384643.986,False,True,UN_Comtrade_official_public_preview_reporter_query,2026-09-11T16:05:47+00:00
H6,699,IND,India,84,BLZ,Belize,False,X,2022,8542,25.039,False,True,UN_Comtrade_official_public_preview_reporter_query,2026-09-11T16:05:47+00:00
H6,699,IND,India,92,VGB,Br. Virgin Isds,False,X,2022,8542,280.371,False,True,UN_Comtrade_official_public_preview_reporter_query,2026-09-11T16:05:47+00:00
H6,699,IND,India,100,BGR,Bulgaria,False,X,2022,8542,27130.516,False,True,UN_Comtrade_official_public_preview_reporter_query,2026-09-11T16:05:47+00:00
H6,699,IND,India,104,MMR,Myanmar,False,X,2022,8542,7603.826,False,True,UN_Comtrade_official_public_preview_reporter_query,2026-09-11T16:05:47+00:00
H6,699,IND,India,112,BLR,Belarus,False,X,2022,8542,41329.07,False,True,UN_Comtrade_official_public_preview_reporter_query,2026-09-11T16:05:47+00:00
H6,699,IND,India,120,CMR,Cameroon,False,X,2022,8542,1930.112,False,True,UN_Comtrade_official_public_preview_reporter_query,2026-09-11T16:05:47+00:00
H6,699,IND,India,124,CAN,Canada,False,X,2022,8542,595066.133,False,True,UN_Comtrade_official_public_preview_reporter_query,2026-09-11T16:05:47+00:00
H6,699,IND,India,144,LKA,Sri Lanka,False,X,2022,8542,63028.9,False,True,UN_Comtrade_official_public_preview_reporter_query,2026-09-11T16:05:47+00:00
H6,699,IND,India,152,CHL,Chile,False,X,2022,8542,7757.46,False,True,UN_Comtrade_official_public_preview_reporter_query,2026-09-11T16:05:47+00:00
H6,699,IND,India,156,CHN,China,False,X,2022,8542,18472769.846,False,True,UN_Comtrade_official_public_preview_reporter_query,2026-09-11T16:05:47+00:00
H6,699,IND,India,170,COL,Colombia,False,X,2022,8542,194407.342,False,True,UN_Comtrade_official_public_preview_reporter_query,2026-09-11T16:05:47+00:00
H6,699,IND,India,178,COG,Congo,False,X,2022,8542,3860.745,False,True,UN_Comtrade_official_public_preview_reporter_query,2026-09-11T16:05:47+00:00
H6,699,IND,India,180,COD,Dem. Rep. of the Congo,False,X,2022,8542,1187.644,False,True,UN_Comtrade_official_public_preview_reporter_query,2026-09-11T16:05:47+00:00
H6,699,IND,India,188,CRI,Costa Rica,False,X,2022,8542,35913.575,False,True,UN_Comtrade_official_public_preview_reporter_query,2026-09-11T16:05:47+00:00
H6,699,IND,India,191,HRV,Croatia,False,X,2022,8542,1488.69,False,True,UN_Comtrade_official_public_preview_reporter_query,2026-09-11T16:05:47+00:00
H6,699,IND,India,192,CUB,Cuba,False,X,2022,8542,609.433,False,True,UN_Comtrade_official_public_preview_reporter_query,2026-09-11T16:05:47+00:00
H6,699,IND,India,196,CYP,Cyprus,False,X,2022,8542,611.227,False,True,UN_Comtrade_official_public_preview_reporter_query,2026-09-11T16:05:47+00:00
H6,699,IND,India,203,CZE,Czechia,False,X,2022,8542,111831.204,False,True,UN_Comtrade_official_public_preview_reporter_query,2026-09-11T16:05:47+00:00
H6,699,IND,India,204,BEN,Benin,False,X,2022,8542,45.091,False,True,UN_Comtrade_official_public_preview_reporter_query,2026-09-11T16:05:47+00:00
H6,699,IND,India,208,DNK,Denmark,False,X,2022,8542,260896.852,False,True,UN_Comtrade_official_public_preview_reporter_query,2026-09-11T16:05:47+00:00
H6,699,IND,India,214,DOM,Dominican Rep.,False,X,2022,8542,599.624,False,True,UN_Comtrade_official_public_preview_reporter_query,2026-09-11T16:05:47+00:00
H6,699,IND,India,218,ECU,Ecuador,False,X,2022,8542,1686.194,False,True,UN_Comtrade_official_public_preview_reporter_query,2026-09-11T16:05:47+00:00
H6,699,IND,India,222,SLV,El Salvador,False,X,2022,8542,1334.801,False,True,UN_Comtrade_official_public_preview_reporter_query,2026-09-11T16:05:47+00:00
H6,699,IND,India,231,ETH,Ethiopia,False,X,2022,8542,13678.883,False,True,UN_Comtrade_official_public_preview_reporter_query,2026-09-11T16:05:47+00:00
H6,699,IND,India,232,ERI,Eritrea,False,X,2022,8542,15781.981,False,True,UN_Comtrade_official_public_preview_reporter_query,2026-09-11T16:05:47+00:00
H6,699,IND,India,233,EST,Estonia,False,X,2022,8542,21720.772,False,True,UN_Comtrade_official_public_preview_reporter_query,2026-09-11T16:05:47+00:00
H6,699,IND,India,242,FJI,Fiji,False,X,2022,8542,82.142,False,True,UN_Comtrade_official_public_preview_reporter_query,2026-09-11T16:05:47+00:00
H6,699,IND,India,246,FIN,Finland,False,X,2022,8542,1436872.385,False,True,UN_Comtrade_official_public_preview_reporter_query,2026-09-11T16:05:47+00:00
H6,699,IND,India,251,FRA,France,False,X,2022,8542,3429180.19,False,True,UN_Comtrade_official_public_preview_reporter_query,2026-09-11T16:05:47+00:00
H6,699,IND,India,262,DJI,Djibouti,False,X,2022,8542,1578.135,False,True,UN_Comtrade_official_public_preview_reporter_query,2026-09-11T16:05:47+00:00
H6,699,IND,India,270,GMB,Gambia,False,X,2022,8542,245.203,False,True,UN_Comtrade_official_public_preview_reporter_query,2026-09-11T16:05:47+00:00
H6,699,IND,India,276,DEU,Germany,False,X,2022,8542,5810810.682,False,True,UN_Comtrade_official_public_preview_reporter_query,2026-09-11T16:05:47+00:00
H6,699,IND,India,288,GHA,Ghana,False,X,2022,8542,25096.391,False,True,UN_Comtrade_official_public_preview_reporter_query,2026-09-11T16:05:47+00:00
H6,699,IND,India,300,GRC,Greece,False,X,2022,8542,369421.143,False,True,UN_Comtrade_official_public_preview_reporter_query,2026-09-11T16:05:47+00:00
H6,699,IND,India,320,GTM,Guatemala,False,X,2022,8542,6599.321,False,True,UN_Comtrade_official_public_preview_reporter_query,2026-09-11T16:05:47+00:00
H6,699,IND,India,324,GIN,Guinea,False,X,2022,8542,15750.517,False,True,UN_Comtrade_official_public_preview_reporter_query,2026-09-11T16:05:47+00:00
H6,699,IND,India,328,GUY,Guyana,False,X,2022,8542,210.545,False,True,UN_Comtrade_official_public_preview_reporter_query,2026-09-11T16:05:47+00:00
H6,699,IND,India,332,HTI,Haiti,False,X,2022,8542,2783.922,False,True,UN_Comtrade_official_public_preview_reporter_query,2026-09-11T16:05:47+00:00
H6,699,IND,India,344,HKG,"China, Hong Kong SAR",False,X,2022,8542,85624853.327,False,True,UN_Comtrade_official_public_preview_reporter_query,2026-09-11T16:05:47+00:00
H6,699,IND,India,348,HUN,Hungary,False,X,2022,8542,3448966.512,False,True,UN_Comtrade_official_public_preview_reporter_query,2026-09-11T16:05:47+00:00
H6,699,IND,India,360,IDN,Indonesia,False,X,2022,8542,5730892.224,False,True,UN_Comtrade_official_public_preview_reporter_query,2026-09-11T16:05:47+00:00
H6,699,IND,India,368,IRQ,Iraq,False,X,2022,8542,2236.464,False,True,UN_Comtrade_official_public_preview_reporter_query,2026-09-11T16:05:47+00:00
H6,699,IND,India,372,IRL,Ireland,False,X,2022,8542,5312225.32,False,True,UN_Comtrade_official_public_preview_reporter_query,2026-09-11T16:05:47+00:00
H6,699,IND,India,376,ISR,Israel,False,X,2022,8542,1487559.9,False,True,UN_Comtrade_official_public_preview_reporter_query,2026-09-11T16:05:47+00:00
H6,699,IND,India,380,ITA,Italy,False,X,2022,8542,856661.443,False,True,UN_Comtrade_official_public_preview_reporter_query,2026-09-11T16:05:47+00:00
H6,699,IND,India,384,CIV,Côte d'Ivoire,False,X,2022,8542,7220.702,False,True,UN_Comtrade_official_public_preview_reporter_query,2026-09-11T16:05:47+00:00
H6,699,IND,India,392,JPN,Japan,False,X,2022,8542,2374823.246,False,True,UN_Comtrade_official_public_preview_reporter_query,2026-09-11T16:05:47+00:00
H6,699,IND,India,398,KAZ,Kazakhstan,False,X,2022,8542,2090.222,False,True,UN_Comtrade_official_public_preview_reporter_query,2026-09-11T16:05:47+00:00
H6,699,IND,India,400,JOR,Jordan,False,X,2022,8542,2750.243,False,True,UN_Comtrade_official_public_preview_reporter_query,2026-09-11T16:05:47+00:00
H6,699,IND,India,404,KEN,Kenya,False,X,2022,8542,67885.142,False,True,UN_Comtrade_official_public_preview_reporter_query,2026-09-11T16:05:47+00:00
H6,699,IND,India,410,KOR,Rep. of Korea,False,X,2022,8542,7852773.531,False,True,UN_Comtrade_official_public_preview_reporter_query,2026-09-11T16:05:47+00:00
H6,699,IND,India,414,KWT,Kuwait,False,X,2022,8542,19909.369,False,True,UN_Comtrade_official_public_preview_reporter_query,2026-09-11T16:05:47+00:00
H6,699,IND,India,418,LAO,Lao People's Dem. Rep.,False,X,2022,8542,85.144,False,True,UN_Comtrade_official_public_preview_reporter_query,2026-09-11T16:05:47+00:00
H6,699,IND,India,422,LBN,Lebanon,False,X,2022,8542,198387.457,False,True,UN_Comtrade_official_public_preview_reporter_query,2026-09-11T16:05:47+00:00
H6,699,IND,India,428,LVA,Latvia,False,X,2022,8542,35797.323,False,True,UN_Comtrade_official_public_preview_reporter_query,2026-09-11T16:05:47+00:00
H6,699,IND,India,434,LBY,Libya,False,X,2022,8542,757.902,False,True,UN_Comtrade_official_public_preview_reporter_query,2026-09-11T16:05:47+00:00
H6,699,IND,India,440,LTU,Lithuania,False,X,2022,8542,94814122.012,False,True,UN_Comtrade_official_public_preview_reporter_query,2026-09-11T16:05:47+00:00
H6,699,IND,India,442,LUX,Luxembourg,False,X,2022,8542,887.908,False,True,UN_Comtrade_official_public_preview_reporter_query,2026-09-11T16:05:47+00:00
H6,699,IND,India,454,MWI,Malawi,False,X,2022,8542,1574.394,False,True,UN_Comtrade_official_public_preview_reporter_query,2026-09-11T16:05:47+00:00
H6,699,IND,India,458,MYS,Malaysia,False,X,2022,8542,1065556.539,False,True,UN_Comtrade_official_public_preview_reporter_query,2026-09-11T16:05:47+00:00
H6,699,IND,India,462,MDV,Maldives,False,X,2022,8542,22183.646,False,True,UN_Comtrade_official_public_preview_reporter_query,2026-09-11T16:05:47+00:00
H6,699,IND,India,470,MLT,Malta,False,X,2022,8542,20934.981,False,True,UN_Comtrade_official_public_preview_reporter_query,2026-09-11T16:05:47+00:00
H6,699,IND,India,480,MUS,Mauritius,False,X,2022,8542,6892.402,False,True,UN_Comtrade_official_public_preview_reporter_query,2026-09-11T16:05:47+00:00
H6,699,IND,India,484,MEX,Mexico,False,X,2022,8542,5531043.318,False,True,UN_Comtrade_official_public_preview_reporter_query,2026-09-11T16:05:47+00:00
H6,699,IND,India,490,S19,"Other Asia, nes",False,X,2022,8542,4987263.51,False,True,UN_Comtrade_official_public_preview_reporter_query,2026-09-11T16:05:47+00:00
H6,699,IND,India,496,MNG,Mongolia,False,X,2022,8542,1130.872,False,True,UN_Comtrade_official_public_preview_reporter_query,2026-09-11T16:05:47+00:00
H6,699,IND,India,504,MAR,Morocco,False,X,2022,8542,2066.264,False,True,UN_Comtrade_official_public_preview_reporter_query,2026-09-11T16:05:47+00:00
H6,699,IND,India,508,MOZ,Mozambique,False,X,2022,8542,11842.542,False,True,UN_Comtrade_official_public_preview_reporter_query,2026-09-11T16:05:47+00:00
H6,699,IND,India,512,OMN,Oman,False,X,2022,8542,37782386.528,False,True,UN_Comtrade_official_public_preview_reporter_query,2026-09-11T16:05:47+00:00
H6,699,IND,India,516,NAM,Namibia,False,X,2022,8542,31.643,False,True,UN_Comtrade_official_public_preview_reporter_query,2026-09-11T16:05:47+00:00
H6,699,IND,India,524,NPL,Nepal,False,X,2022,8542,258115.933,False,True,UN_Comtrade_official_public_preview_reporter_query,2026-09-11T16:05:47+00:00
H6,699,IND,India,528,NLD,Netherlands,False,X,2022,8542,17613772.595,False,True,UN_Comtrade_official_public_preview_reporter_query,2026-09-11T16:05:47+00:00
H6,699,IND,India,554,NZL,New Zealand,False,X,2022,8542,57386.078,False,True,UN_Comtrade_official_public_preview_reporter_query,2026-09-11T16:05:47+00:00
H6,699,IND,India,566,NGA,Nigeria,False,X,2022,8542,59456.464,False,True,UN_Comtrade_official_public_preview_reporter_query,2026-09-11T16:05:47+00:00
H6,699,IND,India,579,NOR,Norway,False,X,2022,8542,539990.237,False,True,UN_Comtrade_official_public_preview_reporter_query,2026-09-11T16:05:47+00:00
H6,699,IND,India,591,PAN,Panama,False,X,2022,8542,652.489,False,True,UN_Comtrade_official_public_preview_reporter_query,2026-09-11T16:05:47+00:00
H6,699,IND,India,600,PRY,Paraguay,False,X,2022,8542,835.056,False,True,UN_Comtrade_official_public_preview_reporter_query,2026-09-11T16:05:47+00:00
H6,699,IND,India,604,PER,Peru,False,X,2022,8542,3808.262,False,True,UN_Comtrade_official_public_preview_reporter_query,2026-09-11T16:05:47+00:00
H6,699,IND,India,608,PHL,Philippines,False,X,2022,8542,163992.929,False,True,UN_Comtrade_official_public_preview_reporter_query,2026-09-11T16:05:47+00:00
H6,699,IND,India,616,POL,Poland,False,X,2022,8542,275951.417,False,True,UN_Comtrade_official_public_preview_reporter_query,2026-09-11T16:05:47+00:00
H6,699,IND,India,620,PRT,Portugal,False,X,2022,8542,161532.167,False,True,UN_Comtrade_official_public_preview_reporter_query,2026-09-11T16:05:47+00:00
H6,699,IND,India,634,QAT,Qatar,False,X,2022,8542,13805.404,False,True,UN_Comtrade_official_public_preview_reporter_query,2026-09-11T16:05:47+00:00
H6,699,IND,India,642,ROU,Romania,False,X,2022,8542,722000.759,False,True,UN_Comtrade_official_public_preview_reporter_query,2026-09-11T16:05:47+00:00
H6,699,IND,India,643,RUS,Russian Federation,False,X,2022,8542,4991295.842,False,True,UN_Comtrade_official_public_preview_reporter_query,2026-09-11T16:05:47+00:00
H6,699,IND,India,646,RWA,Rwanda,False,X,2022,8542,3498.297,False,True,UN_Comtrade_official_public_preview_reporter_query,2026-09-11T16:05:47+00:00
H6,699,IND,India,682,SAU,Saudi Arabia,False,X,2022,8542,912909.167,False,True,UN_Comtrade_official_public_preview_reporter_query,2026-09-11T16:05:47+00:00
H6,699,IND,India,686,SEN,Senegal,False,X,2022,8542,9227.484,False,True,UN_Comtrade_official_public_preview_reporter_query,2026-09-11T16:05:47+00:00
H6,699,IND,India,688,SRB,Serbia,False,X,2022,8542,3155.175,False,True,UN_Comtrade_official_public_preview_reporter_query,2026-09-11T16:05:47+00:00
H6,699,IND,India,694,SLE,Sierra Leone,False,X,2022,8542,36.045,False,True,UN_Comtrade_official_public_preview_reporter_query,2026-09-11T16:05:47+00:00
H6,699,IND,India,702,SGP,Singapore,False,X,2022,8542,16458108.068,False,True,UN_Comtrade_official_public_preview_reporter_query,2026-09-11T16:05:47+00:00
H6,699,IND,India,703,SVK,Slovakia,False,X,2022,8542,149355.002,False,True,UN_Comtrade_official_public_preview_reporter_query,2026-09-11T16:05:47+00:00
H6,699,IND,India,704,VNM,Viet Nam,False,X,2022,8542,28195405.361,False,True,UN_Comtrade_official_public_preview_reporter_query,2026-09-11T16:05:47+00:00
H6,699,IND,India,705,SVN,Slovenia,False,X,2022,8542,365077.014,False,True,UN_Comtrade_official_public_preview_reporter_query,2026-09-11T16:05:47+00:00
H6,699,IND,India,710,ZAF,South Africa,False,X,2022,8542,416787.851,False,True,UN_Comtrade_official_public_preview_reporter_query,2026-09-11T16:05:47+00:00
H6,699,IND,India,716,ZWE,Zimbabwe,False,X,2022,8542,3954.058,False,True,UN_Comtrade_official_public_preview_reporter_query,2026-09-11T16:05:47+00:00
H6,699,IND,India,724,ESP,Spain,False,X,2022,8542,220507.156,False,True,UN_Comtrade_official_public_preview_reporter_query,2026-09-11T16:05:47+00:00
H6,699,IND,India,729,SDN,Sudan,False,X,2022,8542,6520.017,False,True,UN_Comtrade_official_public_preview_reporter_query,2026-09-11T16:05:47+00:00
H6,699,IND,India,752,SWE,Sweden,False,X,2022,8542,1082488.554,False,True,UN_Comtrade_official_public_preview_reporter_query,2026-09-11T16:05:47+00:00
H6,699,IND,India,757,CHE,Switzerland,False,X,2022,8542,160489.899,False,True,UN_Comtrade_official_public_preview_reporter_query,2026-09-11T16:05:47+00:00
H6,699,IND,India,764,THA,Thailand,False,X,2022,8542,420479.86,False,True,UN_Comtrade_official_public_preview_reporter_query,2026-09-11T16:05:47+00:00
H6,699,IND,India,768,TGO,Togo,False,X,2022,8542,5888.0,False,True,UN_Comtrade_official_public_preview_reporter_query,2026-09-11T16:05:47+00:00
H6,699,IND,India,780,TTO,Trinidad and Tobago,False,X,2022,8542,1781.389,False,True,UN_Comtrade_official_public_preview_reporter_query,2026-09-11T16:05:47+00:00
H6,699,IND,India,784,ARE,United Arab Emirates,False,X,2022,8542,84299359.908,False,True,UN_Comtrade_official_public_preview_reporter_query,2026-09-11T16:05:47+00:00
H6,699,IND,India,788,TUN,Tunisia,False,X,2022,8542,40790.9,False,True,UN_Comtrade_official_public_preview_reporter_query,2026-09-11T16:05:47+00:00
H6,699,IND,India,792,TUR,Türkiye,False,X,2022,8542,594300.559,False,True,UN_Comtrade_official_public_preview_reporter_query,2026-09-11T16:05:47+00:00
H6,699,IND,India,800,UGA,Uganda,False,X,2022,8542,16375.638,False,True,UN_Comtrade_official_public_preview_reporter_query,2026-09-11T16:05:47+00:00
H6,699,IND,India,818,EGY,Egypt,False,X,2022,8542,73448.341,False,True,UN_Comtrade_official_public_preview_reporter_query,2026-09-11T16:05:47+00:00
H6,699,IND,India,826,GBR,United Kingdom,False,X,2022,8542,6595421.68,False,True,UN_Comtrade_official_public_preview_reporter_query,2026-09-11T16:05:47+00:00
H6,699,IND,India,834,TZA,United Rep. of Tanzania,False,X,2022,8542,29665.57,False,True,UN_Comtrade_official_public_preview_reporter_query,2026-09-11T16:05:47+00:00
H6,699,IND,India,842,USA,USA,False,X,2022,8542,17165769.222,False,True,UN_Comtrade_official_public_preview_reporter_query,2026-09-11T16:05:47+00:00
H6,699,IND,India,858,URY,Uruguay,False,X,2022,8542,10432.152,False,True,UN_Comtrade_official_public_preview_reporter_query,2026-09-11T16:05:47+00:00
H6,699,IND,India,860,UZB,Uzbekistan,False,X,2022,8542,53966.589,False,True,UN_Comtrade_official_public_preview_reporter_query,2026-09-11T16:05:47+00:00
H6,699,IND,India,887,YEM,Yemen,False,X,2022,8542,23.907,False,True,UN_Comtrade_official_public_preview_reporter_query,2026-09-11T16:05:47+00:00
H6,699,IND,India,894,ZMB,Zambia,False,X,2022,8542,6758.184,False,True,UN_Comtrade_official_public_preview_reporter_query,2026-09-11T16:05:47+00:00
H5,360,IDN,Indonesia,16,ASM,American Samoa,False,M,2017,8542,155963.0,False,True,UN_Comtrade_official_public_preview_reporter_query,2026-09-11T16:05:47+00:00
H5,360,IDN,Indonesia,32,ARG,Argentina,False,M,2017,8542,8700.0,False,True,UN_Comtrade_official_public_preview_reporter_query,2026-09-11T16:05:47+00:00
H5,360,IDN,Indonesia,36,AUS,Australia,False,M,2017,8542,786260.0,False,True,UN_Comtrade_official_public_preview_reporter_query,2026-09-11T16:05:47+00:00
H5,360,IDN,Indonesia,40,AUT,Austria,False,M,2017,8542,19287805.0,False,True,UN_Comtrade_official_public_preview_reporter_query,2026-09-11T16:05:47+00:00
H5,360,IDN,Indonesia,52,BRB,Barbados,False,M,2017,8542,11473.0,False,True,UN_Comtrade_official_public_preview_reporter_query,2026-09-11T16:05:47+00:00
H5,360,IDN,Indonesia,56,BEL,Belgium,False,M,2017,8542,2397229.0,False,True,UN_Comtrade_official_public_preview_reporter_query,2026-09-11T16:05:47+00:00
H5,360,IDN,Indonesia,76,BRA,Brazil,False,M,2017,8542,6945.0,False,True,UN_Comtrade_official_public_preview_reporter_query,2026-09-11T16:05:47+00:00
H5,360,IDN,Indonesia,100,BGR,Bulgaria,False,M,2017,8542,3940335.0,False,True,UN_Comtrade_official_public_preview_reporter_query,2026-09-11T16:05:47+00:00
H5,360,IDN,Indonesia,116,KHM,Cambodia,False,M,2017,8542,440.0,False,True,UN_Comtrade_official_public_preview_reporter_query,2026-09-11T16:05:47+00:00
H5,360,IDN,Indonesia,124,CAN,Canada,False,M,2017,8542,358517.0,False,True,UN_Comtrade_official_public_preview_reporter_query,2026-09-11T16:05:47+00:00
H5,360,IDN,Indonesia,144,LKA,Sri Lanka,False,M,2017,8542,71797.0,False,True,UN_Comtrade_official_public_preview_reporter_query,2026-09-11T16:05:47+00:00
H5,360,IDN,Indonesia,156,CHN,China,False,M,2017,8542,150123118.0,False,True,UN_Comtrade_official_public_preview_reporter_query,2026-09-11T16:05:47+00:00
H5,360,IDN,Indonesia,188,CRI,Costa Rica,False,M,2017,8542,224353.0,False,True,UN_Comtrade_official_public_preview_reporter_query,2026-09-11T16:05:47+00:00
H5,360,IDN,Indonesia,191,HRV,Croatia,False,M,2017,8542,6171.0,False,True,UN_Comtrade_official_public_preview_reporter_query,2026-09-11T16:05:47+00:00
H5,360,IDN,Indonesia,203,CZE,Czechia,False,M,2017,8542,59311.0,False,True,UN_Comtrade_official_public_preview_reporter_query,2026-09-11T16:05:47+00:00
H5,360,IDN,Indonesia,208,DNK,Denmark,False,M,2017,8542,28986.0,False,True,UN_Comtrade_official_public_preview_reporter_query,2026-09-11T16:05:47+00:00
H5,360,IDN,Indonesia,222,SLV,El Salvador,False,M,2017,8542,6613.0,False,True,UN_Comtrade_official_public_preview_reporter_query,2026-09-11T16:05:47+00:00
H5,360,IDN,Indonesia,233,EST,Estonia,False,M,2017,8542,24128.0,False,True,UN_Comtrade_official_public_preview_reporter_query,2026-09-11T16:05:47+00:00
H5,360,IDN,Indonesia,246,FIN,Finland,False,M,2017,8542,679072.0,False,True,UN_Comtrade_official_public_preview_reporter_query,2026-09-11T16:05:47+00:00
H5,360,IDN,Indonesia,251,FRA,France,False,M,2017,8542,517390.0,False,True,UN_Comtrade_official_public_preview_reporter_query,2026-09-11T16:05:47+00:00
H5,360,IDN,Indonesia,260,ATF,Fr. South Antarctic Terr.,False,M,2017,8542,6437.0,False,True,UN_Comtrade_official_public_preview_reporter_query,2026-09-11T16:05:47+00:00
H5,360,IDN,Indonesia,268,GEO,Georgia,False,M,2017,8542,33745.0,False,True,UN_Comtrade_official_public_preview_reporter_query,2026-09-11T16:05:47+00:00
H5,360,IDN,Indonesia,276,DEU,Germany,False,M,2017,8542,105799149.0,False,True,UN_Comtrade_official_public_preview_reporter_query,2026-09-11T16:05:47+00:00
H5,360,IDN,Indonesia,300,GRC,Greece,False,M,2017,8542,52.0,False,True,UN_Comtrade_official_public_preview_reporter_query,2026-09-11T16:05:47+00:00
H5,360,IDN,Indonesia,340,HND,Honduras,False,M,2017,8542,5584.0,False,True,UN_Comtrade_official_public_preview_reporter_query,2026-09-11T16:05:47+00:00
H5,360,IDN,Indonesia,344,HKG,"China, Hong Kong SAR",False,M,2017,8542,37752207.0,False,True,UN_Comtrade_official_public_preview_reporter_query,2026-09-11T16:05:47+00:00
H5,360,IDN,Indonesia,348,HUN,Hungary,False,M,2017,8542,507642.0,False,True,UN_Comtrade_official_public_preview_reporter_query,2026-09-11T16:05:47+00:00
H5,360,IDN,Indonesia,352,ISL,Iceland,False,M,2017,8542,592.0,False,True,UN_Comtrade_official_public_preview_reporter_query,2026-09-11T16:05:47+00:00
H5,360,IDN,Indonesia,360,IDN,Indonesia,False,M,2017,8542,1223.0,False,True,UN_Comtrade_official_public_preview_reporter_query,2026-09-11T16:05:47+00:00
H5,360,IDN,Indonesia,364,IRN,Iran,False,M,2017,8542,1499.0,False,True,UN_Comtrade_official_public_preview_reporter_query,2026-09-11T16:05:47+00:00
H5,360,IDN,Indonesia,372,IRL,Ireland,False,M,2017,8542,72386.0,False,True,UN_Comtrade_official_public_preview_reporter_query,2026-09-11T16:05:47+00:00
H5,360,IDN,Indonesia,376,ISR,Israel,False,M,2017,8542,548734.0,False,True,UN_Comtrade_official_public_preview_reporter_query,2026-09-11T16:05:47+00:00
H5,360,IDN,Indonesia,380,ITA,Italy,False,M,2017,8542,581679.0,False,True,UN_Comtrade_official_public_preview_reporter_query,2026-09-11T16:05:47+00:00
H5,360,IDN,Indonesia,392,JPN,Japan,False,M,2017,8542,163659491.0,False,True,UN_Comtrade_official_public_preview_reporter_query,2026-09-11T16:05:47+00:00
H5,360,IDN,Indonesia,404,KEN,Kenya,False,M,2017,8542,5412.0,False,True,UN_Comtrade_official_public_preview_reporter_query,2026-09-11T16:05:47+00:00
H5,360,IDN,Indonesia,408,PRK,Dem. People's Rep. of Korea,False,M,2017,8542,21.0,False,True,UN_Comtrade_official_public_preview_reporter_query,2026-09-11T16:05:47+00:00
H5,360,IDN,Indonesia,410,KOR,Rep. of Korea,False,M,2017,8542,263561182.0,False,True,UN_Comtrade_official_public_preview_reporter_query,2026-09-11T16:05:47+00:00
H5,360,IDN,Indonesia,458,MYS,Malaysia,False,M,2017,8542,173309230.0,False,True,UN_Comtrade_official_public_preview_reporter_query,2026-09-11T16:05:47+00:00
H5,360,IDN,Indonesia,470,MLT,Malta,False,M,2017,8542,4573320.0,False,True,UN_Comtrade_official_public_preview_reporter_query,2026-09-11T16:05:47+00:00
H5,360,IDN,Indonesia,484,MEX,Mexico,False,M,2017,8542,8034913.0,False,True,UN_Comtrade_official_public_preview_reporter_query,2026-09-11T16:05:47+00:00
H5,360,IDN,Indonesia,490,S19,"Other Asia, nes",False,M,2017,8542,194020622.0,False,True,UN_Comtrade_official_public_preview_reporter_query,2026-09-11T16:05:47+00:00
H5,360,IDN,Indonesia,504,MAR,Morocco,False,M,2017,8542,599027.0,False,True,UN_Comtrade_official_public_preview_reporter_query,2026-09-11T16:05:47+00:00
H5,360,IDN,Indonesia,516,NAM,Namibia,False,M,2017,8542,63077.0,False,True,UN_Comtrade_official_public_preview_reporter_query,2026-09-11T16:05:47+00:00
H5,360,IDN,Indonesia,528,NLD,Netherlands,False,M,2017,8542,1483503.0,False,True,UN_Comtrade_official_public_preview_reporter_query,2026-09-11T16:05:47+00:00
H5,360,IDN,Indonesia,554,NZL,New Zealand,False,M,2017,8542,11485.0,False,True,UN_Comtrade_official_public_preview_reporter_query,2026-09-11T16:05:47+00:00
H5,360,IDN,Indonesia,579,NOR,Norway,False,M,2017,8542,2763.0,False,True,UN_Comtrade_official_public_preview_reporter_query,2026-09-11T16:05:47+00:00
H5,360,IDN,Indonesia,586,PAK,Pakistan,False,M,2017,8542,8923.0,False,True,UN_Comtrade_official_public_preview_reporter_query,2026-09-11T16:05:47+00:00
H5,360,IDN,Indonesia,608,PHL,Philippines,False,M,2017,8542,70656594.0,False,True,UN_Comtrade_official_public_preview_reporter_query,2026-09-11T16:05:47+00:00
H5,360,IDN,Indonesia,616,POL,Poland,False,M,2017,8542,114446.0,False,True,UN_Comtrade_official_public_preview_reporter_query,2026-09-11T16:05:47+00:00
H5,360,IDN,Indonesia,620,PRT,Portugal,False,M,2017,8542,411.0,False,True,UN_Comtrade_official_public_preview_reporter_query,2026-09-11T16:05:47+00:00
H5,360,IDN,Indonesia,642,ROU,Romania,False,M,2017,8542,14258.0,False,True,UN_Comtrade_official_public_preview_reporter_query,2026-09-11T16:05:47+00:00
H5,360,IDN,Indonesia,643,RUS,Russian Federation,False,M,2017,8542,1189.0,False,True,UN_Comtrade_official_public_preview_reporter_query,2026-09-11T16:05:47+00:00
H5,360,IDN,Indonesia,682,SAU,Saudi Arabia,False,M,2017,8542,987.0,False,True,UN_Comtrade_official_public_preview_reporter_query,2026-09-11T16:05:47+00:00
H5,360,IDN,Indonesia,699,IND,India,False,M,2017,8542,353548.0,False,True,UN_Comtrade_official_public_preview_reporter_query,2026-09-11T16:05:47+00:00
H5,360,IDN,Indonesia,702,SGP,Singapore,False,M,2017,8542,290488081.0,False,True,UN_Comtrade_official_public_preview_reporter_query,2026-09-11T16:05:47+00:00
H5,360,IDN,Indonesia,703,SVK,Slovakia,False,M,2017,8542,563633.0,False,True,UN_Comtrade_official_public_preview_reporter_query,2026-09-11T16:05:47+00:00
H5,360,IDN,Indonesia,704,VNM,Viet Nam,False,M,2017,8542,16934960.0,False,True,UN_Comtrade_official_public_preview_reporter_query,2026-09-11T16:05:47+00:00
H5,360,IDN,Indonesia,705,SVN,Slovenia,False,M,2017,8542,669.0,False,True,UN_Comtrade_official_public_preview_reporter_query,2026-09-11T16:05:47+00:00
H5,360,IDN,Indonesia,710,ZAF,South Africa,False,M,2017,8542,17621.0,False,True,UN_Comtrade_official_public_preview_reporter_query,2026-09-11T16:05:47+00:00
H5,360,IDN,Indonesia,724,ESP,Spain,False,M,2017,8542,80995.0,False,True,UN_Comtrade_official_public_preview_reporter_query,2026-09-11T16:05:47+00:00
H5,360,IDN,Indonesia,748,SWZ,Eswatini,False,M,2017,8542,2014.0,False,True,UN_Comtrade_official_public_preview_reporter_query,2026-09-11T16:05:47+00:00
H5,360,IDN,Indonesia,752,SWE,Sweden,False,M,2017,8542,361462.0,False,True,UN_Comtrade_official_public_preview_reporter_query,2026-09-11T16:05:47+00:00
H5,360,IDN,Indonesia,757,CHE,Switzerland,False,M,2017,8542,436267.0,False,True,UN_Comtrade_official_public_preview_reporter_query,2026-09-11T16:05:47+00:00
H5,360,IDN,Indonesia,764,THA,Thailand,False,M,2017,8542,28826058.0,False,True,UN_Comtrade_official_public_preview_reporter_query,2026-09-11T16:05:47+00:00
H5,360,IDN,Indonesia,784,ARE,United Arab Emirates,False,M,2017,8542,925.0,False,True,UN_Comtrade_official_public_preview_reporter_query,2026-09-11T16:05:47+00:00
H5,360,IDN,Indonesia,792,TUR,Türkiye,False,M,2017,8542,88328.0,False,True,UN_Comtrade_official_public_preview_reporter_query,2026-09-11T16:05:47+00:00
H5,360,IDN,Indonesia,804,UKR,Ukraine,False,M,2017,8542,44444.0,False,True,UN_Comtrade_official_public_preview_reporter_query,2026-09-11T16:05:47+00:00
H5,360,IDN,Indonesia,826,GBR,United Kingdom,False,M,2017,8542,5695201.0,False,True,UN_Comtrade_official_public_preview_reporter_query,2026-09-11T16:05:47+00:00
H5,360,IDN,Indonesia,842,USA,USA,False,M,2017,8542,13507430.0,False,True,UN_Comtrade_official_public_preview_reporter_query,2026-09-11T16:05:47+00:00
H5,360,IDN,Indonesia,882,WSM,Samoa,False,M,2017,8542,865.0,False,True,UN_Comtrade_official_public_preview_reporter_query,2026-09-11T16:05:47+00:00
H5,360,IDN,Indonesia,36,AUS,Australia,False,X,2017,8542,13558.01,False,True,UN_Comtrade_official_public_preview_reporter_query,2026-09-11T16:05:47+00:00
H5,360,IDN,Indonesia,40,AUT,Austria,False,X,2017,8542,71219.75,False,True,UN_Comtrade_official_public_preview_reporter_query,2026-09-11T16:05:47+00:00
H5,360,IDN,Indonesia,50,BGD,Bangladesh,False,X,2017,8542,24289.65,False,True,UN_Comtrade_official_public_preview_reporter_query,2026-09-11T16:05:47+00:00
H5,360,IDN,Indonesia,56,BEL,Belgium,False,X,2017,8542,352950.77,False,True,UN_Comtrade_official_public_preview_reporter_query,2026-09-11T16:05:47+00:00
H5,360,IDN,Indonesia,76,BRA,Brazil,False,X,2017,8542,39138.88,False,True,UN_Comtrade_official_public_preview_reporter_query,2026-09-11T16:05:47+00:00
H5,360,IDN,Indonesia,100,BGR,Bulgaria,False,X,2017,8542,2559263.67,False,True,UN_Comtrade_official_public_preview_reporter_query,2026-09-11T16:05:47+00:00
H5,360,IDN,Indonesia,124,CAN,Canada,False,X,2017,8542,38167.36,False,True,UN_Comtrade_official_public_preview_reporter_query,2026-09-11T16:05:47+00:00
H5,360,IDN,Indonesia,144,LKA,Sri Lanka,False,X,2017,8542,434.4,False,True,UN_Comtrade_official_public_preview_reporter_query,2026-09-11T16:05:47+00:00
H5,360,IDN,Indonesia,156,CHN,China,False,X,2017,8542,10009461.94,False,True,UN_Comtrade_official_public_preview_reporter_query,2026-09-11T16:05:47+00:00
H5,360,IDN,Indonesia,203,CZE,Czechia,False,X,2017,8542,3489.12,False,True,UN_Comtrade_official_public_preview_reporter_query,2026-09-11T16:05:47+00:00
H5,360,IDN,Indonesia,214,DOM,Dominican Rep.,False,X,2017,8542,5101.27,False,True,UN_Comtrade_official_public_preview_reporter_query,2026-09-11T16:05:47+00:00
H5,360,IDN,Indonesia,246,FIN,Finland,False,X,2017,8542,204144.28,False,True,UN_Comtrade_official_public_preview_reporter_query,2026-09-11T16:05:47+00:00
H5,360,IDN,Indonesia,251,FRA,France,False,X,2017,8542,116970.32,False,True,UN_Comtrade_official_public_preview_reporter_query,2026-09-11T16:05:47+00:00
H5,360,IDN,Indonesia,276,DEU,Germany,False,X,2017,8542,14485736.08,False,True,UN_Comtrade_official_public_preview_reporter_query,2026-09-11T16:05:47+00:00
H5,360,IDN,Indonesia,288,GHA,Ghana,False,X,2017,8542,3963.56,False,True,UN_Comtrade_official_public_preview_reporter_query,2026-09-11T16:05:47+00:00
H5,360,IDN,Indonesia,344,HKG,"China, Hong Kong SAR",False,X,2017,8542,12958089.06,False,True,UN_Comtrade_official_public_preview_reporter_query,2026-09-11T16:05:47+00:00
H5,360,IDN,Indonesia,348,HUN,Hungary,False,X,2017,8542,16829.06,False,True,UN_Comtrade_official_public_preview_reporter_query,2026-09-11T16:05:47+00:00
H5,360,IDN,Indonesia,372,IRL,Ireland,False,X,2017,8542,140.37,False,True,UN_Comtrade_official_public_preview_reporter_query,2026-09-11T16:05:47+00:00
H5,360,IDN,Indonesia,376,ISR,Israel,False,X,2017,8542,959.43,False,True,UN_Comtrade_official_public_preview_reporter_query,2026-09-11T16:05:47+00:00
H5,360,IDN,Indonesia,380,ITA,Italy,False,X,2017,8542,11563.87,False,True,UN_Comtrade_official_public_preview_reporter_query,2026-09-11T16:05:47+00:00
H5,360,IDN,Indonesia,392,JPN,Japan,False,X,2017,8542,7500817.07,False,True,UN_Comtrade_official_public_preview_reporter_query,2026-09-11T16:05:47+00:00
H5,360,IDN,Indonesia,398,KAZ,Kazakhstan,False,X,2017,8542,405.0,False,True,UN_Comtrade_official_public_preview_reporter_query,2026-09-11T16:05:47+00:00
H5,360,IDN,Indonesia,410,KOR,Rep. of Korea,False,X,2017,8542,7781482.42,False,True,UN_Comtrade_official_public_preview_reporter_query,2026-09-11T16:05:47+00:00
H5,360,IDN,Indonesia,458,MYS,Malaysia,False,X,2017,8542,1585272.24,False,True,UN_Comtrade_official_public_preview_reporter_query,2026-09-11T16:05:47+00:00
H5,360,IDN,Indonesia,462,MDV,Maldives,False,X,2017,8542,206.4,False,True,UN_Comtrade_official_public_preview_reporter_query,2026-09-11T16:05:47+00:00
H5,360,IDN,Indonesia,470,MLT,Malta,False,X,2017,8542,26.0,False,True,UN_Comtrade_official_public_preview_reporter_query,2026-09-11T16:05:47+00:00
H5,360,IDN,Indonesia,484,MEX,Mexico,False,X,2017,8542,23615.68,False,True,UN_Comtrade_official_public_preview_reporter_query,2026-09-11T16:05:47+00:00
H5,360,IDN,Indonesia,490,S19,"Other Asia, nes",False,X,2017,8542,1093088.7,False,True,UN_Comtrade_official_public_preview_reporter_query,2026-09-11T16:05:47+00:00
H5,360,IDN,Indonesia,512,OMN,Oman,False,X,2017,8542,221334.78,False,True,UN_Comtrade_official_public_preview_reporter_query,2026-09-11T16:05:47+00:00
H5,360,IDN,Indonesia,528,NLD,Netherlands,False,X,2017,8542,168866.81,False,True,UN_Comtrade_official_public_preview_reporter_query,2026-09-11T16:05:47+00:00
H5,360,IDN,Indonesia,591,PAN,Panama,False,X,2017,8542,10.94,False,True,UN_Comtrade_official_public_preview_reporter_query,2026-09-11T16:05:47+00:00
H5,360,IDN,Indonesia,598,PNG,Papua New Guinea,False,X,2017,8542,1026.09,False,True,UN_Comtrade_official_public_preview_reporter_query,2026-09-11T16:05:47+00:00
H5,360,IDN,Indonesia,608,PHL,Philippines,False,X,2017,8542,4603536.33,False,True,UN_Comtrade_official_public_preview_reporter_query,2026-09-11T16:05:47+00:00
H5,360,IDN,Indonesia,616,POL,Poland,False,X,2017,8542,1109.41,False,True,UN_Comtrade_official_public_preview_reporter_query,2026-09-11T16:05:47+00:00
H5,360,IDN,Indonesia,626,TLS,Timor-Leste,False,X,2017,8542,1948.37,False,True,UN_Comtrade_official_public_preview_reporter_query,2026-09-11T16:05:47+00:00
H5,360,IDN,Indonesia,642,ROU,Romania,False,X,2017,8542,332.42,False,True,UN_Comtrade_official_public_preview_reporter_query,2026-09-11T16:05:47+00:00
H5,360,IDN,Indonesia,643,RUS,Russian Federation,False,X,2017,8542,2271.57,False,True,UN_Comtrade_official_public_preview_reporter_query,2026-09-11T16:05:47+00:00
H5,360,IDN,Indonesia,699,IND,India,False,X,2017,8542,3314.61,False,True,UN_Comtrade_official_public_preview_reporter_query,2026-09-11T16:05:47+00:00
H5,360,IDN,Indonesia,702,SGP,Singapore,False,X,2017,8542,286551202.36,False,True,UN_Comtrade_official_public_preview_reporter_query,2026-09-11T16:05:47+00:00
H5,360,IDN,Indonesia,703,SVK,Slovakia,False,X,2017,8542,526068.64,False,True,UN_Comtrade_official_public_preview_reporter_query,2026-09-11T16:05:47+00:00
H5,360,IDN,Indonesia,704,VNM,Viet Nam,False,X,2017,8542,388774.1,False,True,UN_Comtrade_official_public_preview_reporter_query,2026-09-11T16:05:47+00:00
H5,360,IDN,Indonesia,710,ZAF,South Africa,False,X,2017,8542,325307.69,False,True,UN_Comtrade_official_public_preview_reporter_query,2026-09-11T16:05:47+00:00
H5,360,IDN,Indonesia,724,ESP,Spain,False,X,2017,8542,626.09,False,True,UN_Comtrade_official_public_preview_reporter_query,2026-09-11T16:05:47+00:00
H5,360,IDN,Indonesia,752,SWE,Sweden,False,X,2017,8542,38217.01,False,True,UN_Comtrade_official_public_preview_reporter_query,2026-09-11T16:05:47+00:00
H5,360,IDN,Indonesia,757,CHE,Switzerland,False,X,2017,8542,80099.3,False,True,UN_Comtrade_official_public_preview_reporter_query,2026-09-11T16:05:47+00:00
H5,360,IDN,Indonesia,764,THA,Thailand,False,X,2017,8542,84265.93,False,True,UN_Comtrade_official_public_preview_reporter_query,2026-09-11T16:05:47+00:00
H5,360,IDN,Indonesia,784,ARE,United Arab Emirates,False,X,2017,8542,2210.02,False,True,UN_Comtrade_official_public_preview_reporter_query,2026-09-11T16:05:47+00:00
H5,360,IDN,Indonesia,804,UKR,Ukraine,False,X,2017,8542,4500.0,False,True,UN_Comtrade_official_public_preview_reporter_query,2026-09-11T16:05:47+00:00
H5,360,IDN,Indonesia,818,EGY,Egypt,False,X,2017,8542,4758.0,False,True,UN_Comtrade_official_public_preview_reporter_query,2026-09-11T16:05:47+00:00
H5,360,IDN,Indonesia,826,GBR,United Kingdom,False,X,2017,8542,2710924.56,False,True,UN_Comtrade_official_public_preview_reporter_query,2026-09-11T16:05:47+00:00
H5,360,IDN,Indonesia,842,USA,USA,False,X,2017,8542,6595878.19,False,True,UN_Comtrade_official_public_preview_reporter_query,2026-09-11T16:05:47+00:00
H6,360,IDN,Indonesia,36,AUS,Australia,False,M,2022,8542,129005.0,False,True,UN_Comtrade_official_public_preview_reporter_query,2026-09-11T16:05:47+00:00
H6,360,IDN,Indonesia,40,AUT,Austria,False,M,2022,8542,5517665.0,False,True,UN_Comtrade_official_public_preview_reporter_query,2026-09-11T16:05:47+00:00
H6,360,IDN,Indonesia,56,BEL,Belgium,False,M,2022,8542,310933.0,False,True,UN_Comtrade_official_public_preview_reporter_query,2026-09-11T16:05:47+00:00
H6,360,IDN,Indonesia,76,BRA,Brazil,False,M,2022,8542,668171.0,False,True,UN_Comtrade_official_public_preview_reporter_query,2026-09-11T16:05:47+00:00
H6,360,IDN,Indonesia,96,BRN,Brunei Darussalam,False,M,2022,8542,25.0,False,True,UN_Comtrade_official_public_preview_reporter_query,2026-09-11T16:05:47+00:00
H6,360,IDN,Indonesia,100,BGR,Bulgaria,False,M,2022,8542,914.0,False,True,UN_Comtrade_official_public_preview_reporter_query,2026-09-11T16:05:47+00:00
H6,360,IDN,Indonesia,104,MMR,Myanmar,False,M,2022,8542,12.0,False,True,UN_Comtrade_official_public_preview_reporter_query,2026-09-11T16:05:47+00:00
H6,360,IDN,Indonesia,116,KHM,Cambodia,False,M,2022,8542,83.0,False,True,UN_Comtrade_official_public_preview_reporter_query,2026-09-11T16:05:47+00:00
H6,360,IDN,Indonesia,120,CMR,Cameroon,False,M,2022,8542,425498.0,False,True,UN_Comtrade_official_public_preview_reporter_query,2026-09-11T16:05:47+00:00
H6,360,IDN,Indonesia,124,CAN,Canada,False,M,2022,8542,68971.0,False,True,UN_Comtrade_official_public_preview_reporter_query,2026-09-11T16:05:47+00:00
H6,360,IDN,Indonesia,156,CHN,China,False,M,2022,8542,1026885411.0,False,True,UN_Comtrade_official_public_preview_reporter_query,2026-09-11T16:05:47+00:00
H6,360,IDN,Indonesia,188,CRI,Costa Rica,False,M,2022,8542,569275.0,False,True,UN_Comtrade_official_public_preview_reporter_query,2026-09-11T16:05:47+00:00
H6,360,IDN,Indonesia,191,HRV,Croatia,False,M,2022,8542,20000.0,False,True,UN_Comtrade_official_public_preview_reporter_query,2026-09-11T16:05:47+00:00
H6,360,IDN,Indonesia,203,CZE,Czechia,False,M,2022,8542,141665.0,False,True,UN_Comtrade_official_public_preview_reporter_query,2026-09-11T16:05:47+00:00
H6,360,IDN,Indonesia,208,DNK,Denmark,False,M,2022,8542,48857.0,False,True,UN_Comtrade_official_public_preview_reporter_query,2026-09-11T16:05:47+00:00
H6,360,IDN,Indonesia,212,DMA,Dominica,False,M,2022,8542,17584.0,False,True,UN_Comtrade_official_public_preview_reporter_query,2026-09-11T16:05:47+00:00
H6,360,IDN,Indonesia,222,SLV,El Salvador,False,M,2022,8542,98366.0,False,True,UN_Comtrade_official_public_preview_reporter_query,2026-09-11T16:05:47+00:00
H6,360,IDN,Indonesia,233,EST,Estonia,False,M,2022,8542,39306.0,False,True,UN_Comtrade_official_public_preview_reporter_query,2026-09-11T16:05:47+00:00
H6,360,IDN,Indonesia,246,FIN,Finland,False,M,2022,8542,403399.0,False,True,UN_Comtrade_official_public_preview_reporter_query,2026-09-11T16:05:47+00:00
H6,360,IDN,Indonesia,251,FRA,France,False,M,2022,8542,1007614.0,False,True,UN_Comtrade_official_public_preview_reporter_query,2026-09-11T16:05:47+00:00
H6,360,IDN,Indonesia,268,GEO,Georgia,False,M,2022,8542,101368.0,False,True,UN_Comtrade_official_public_preview_reporter_query,2026-09-11T16:05:47+00:00
H6,360,IDN,Indonesia,276,DEU,Germany,False,M,2022,8542,49694079.0,False,True,UN_Comtrade_official_public_preview_reporter_query,2026-09-11T16:05:47+00:00
H6,360,IDN,Indonesia,296,KIR,Kiribati,False,M,2022,8542,12792.0,False,True,UN_Comtrade_official_public_preview_reporter_query,2026-09-11T16:05:47+00:00
H6,360,IDN,Indonesia,300,GRC,Greece,False,M,2022,8542,98.0,False,True,UN_Comtrade_official_public_preview_reporter_query,2026-09-11T16:05:47+00:00
H6,360,IDN,Indonesia,332,HTI,Haiti,False,M,2022,8542,6026.0,False,True,UN_Comtrade_official_public_preview_reporter_query,2026-09-11T16:05:47+00:00
H6,360,IDN,Indonesia,344,HKG,"China, Hong Kong SAR",False,M,2022,8542,38292306.0,False,True,UN_Comtrade_official_public_preview_reporter_query,2026-09-11T16:05:47+00:00
H6,360,IDN,Indonesia,348,HUN,Hungary,False,M,2022,8542,156995.0,False,True,UN_Comtrade_official_public_preview_reporter_query,2026-09-11T16:05:47+00:00
H6,360,IDN,Indonesia,360,IDN,Indonesia,False,M,2022,8542,31466.0,False,True,UN_Comtrade_official_public_preview_reporter_query,2026-09-11T16:05:47+00:00
H6,360,IDN,Indonesia,372,IRL,Ireland,False,M,2022,8542,2185.0,False,True,UN_Comtrade_official_public_preview_reporter_query,2026-09-11T16:05:47+00:00
H6,360,IDN,Indonesia,376,ISR,Israel,False,M,2022,8542,13724.0,False,True,UN_Comtrade_official_public_preview_reporter_query,2026-09-11T16:05:47+00:00
H6,360,IDN,Indonesia,380,ITA,Italy,False,M,2022,8542,209509.0,False,True,UN_Comtrade_official_public_preview_reporter_query,2026-09-11T16:05:47+00:00
H6,360,IDN,Indonesia,392,JPN,Japan,False,M,2022,8542,162847222.0,False,True,UN_Comtrade_official_public_preview_reporter_query,2026-09-11T16:05:47+00:00
H6,360,IDN,Indonesia,408,PRK,Dem. People's Rep. of Korea,False,M,2022,8542,5880.0,False,True,UN_Comtrade_official_public_preview_reporter_query,2026-09-11T16:05:47+00:00
H6,360,IDN,Indonesia,410,KOR,Rep. of Korea,False,M,2022,8542,891529965.0,False,True,UN_Comtrade_official_public_preview_reporter_query,2026-09-11T16:05:47+00:00
H6,360,IDN,Indonesia,417,KGZ,Kyrgyzstan,False,M,2022,8542,29765.0,False,True,UN_Comtrade_official_public_preview_reporter_query,2026-09-11T16:05:47+00:00
H6,360,IDN,Indonesia,428,LVA,Latvia,False,M,2022,8542,6286.0,False,True,UN_Comtrade_official_public_preview_reporter_query,2026-09-11T16:05:47+00:00
H6,360,IDN,Indonesia,440,LTU,Lithuania,False,M,2022,8542,4545.0,False,True,UN_Comtrade_official_public_preview_reporter_query,2026-09-11T16:05:47+00:00
H6,360,IDN,Indonesia,442,LUX,Luxembourg,False,M,2022,8542,1971.0,False,True,UN_Comtrade_official_public_preview_reporter_query,2026-09-11T16:05:47+00:00
H6,360,IDN,Indonesia,446,MAC,"China, Macao SAR",False,M,2022,8542,42122.0,False,True,UN_Comtrade_official_public_preview_reporter_query,2026-09-11T16:05:47+00:00
H6,360,IDN,Indonesia,458,MYS,Malaysia,False,M,2022,8542,156266137.0,False,True,UN_Comtrade_official_public_preview_reporter_query,2026-09-11T16:05:47+00:00
H6,360,IDN,Indonesia,466,MLI,Mali,False,M,2022,8542,39714.0,False,True,UN_Comtrade_official_public_preview_reporter_query,2026-09-11T16:05:47+00:00
H6,360,IDN,Indonesia,470,MLT,Malta,False,M,2022,8542,64823.0,False,True,UN_Comtrade_official_public_preview_reporter_query,2026-09-11T16:05:47+00:00
H6,360,IDN,Indonesia,480,MUS,Mauritius,False,M,2022,8542,150850.0,False,True,UN_Comtrade_official_public_preview_reporter_query,2026-09-11T16:05:47+00:00
H6,360,IDN,Indonesia,484,MEX,Mexico,False,M,2022,8542,13022315.0,False,True,UN_Comtrade_official_public_preview_reporter_query,2026-09-11T16:05:47+00:00
H6,360,IDN,Indonesia,490,S19,"Other Asia, nes",False,M,2022,8542,979450995.0,False,True,UN_Comtrade_official_public_preview_reporter_query,2026-09-11T16:05:47+00:00
H6,360,IDN,Indonesia,504,MAR,Morocco,False,M,2022,8542,729516.0,False,True,UN_Comtrade_official_public_preview_reporter_query,2026-09-11T16:05:47+00:00
H6,360,IDN,Indonesia,520,NRU,Naoero,False,M,2022,8542,22555.0,False,True,UN_Comtrade_official_public_preview_reporter_query,2026-09-11T16:05:47+00:00
H6,360,IDN,Indonesia,528,NLD,Netherlands,False,M,2022,8542,364199.0,False,True,UN_Comtrade_official_public_preview_reporter_query,2026-09-11T16:05:47+00:00
H6,360,IDN,Indonesia,554,NZL,New Zealand,False,M,2022,8542,20195.0,False,True,UN_Comtrade_official_public_preview_reporter_query,2026-09-11T16:05:47+00:00
H6,360,IDN,Indonesia,579,NOR,Norway,False,M,2022,8542,12307.0,False,True,UN_Comtrade_official_public_preview_reporter_query,2026-09-11T16:05:47+00:00
H6,360,IDN,Indonesia,608,PHL,Philippines,False,M,2022,8542,143717736.0,False,True,UN_Comtrade_official_public_preview_reporter_query,2026-09-11T16:05:47+00:00
H6,360,IDN,Indonesia,616,POL,Poland,False,M,2022,8542,3427694.0,False,True,UN_Comtrade_official_public_preview_reporter_query,2026-09-11T16:05:47+00:00
H6,360,IDN,Indonesia,620,PRT,Portugal,False,M,2022,8542,349792.0,False,True,UN_Comtrade_official_public_preview_reporter_query,2026-09-11T16:05:47+00:00
H6,360,IDN,Indonesia,642,ROU,Romania,False,M,2022,8542,4956.0,False,True,UN_Comtrade_official_public_preview_reporter_query,2026-09-11T16:05:47+00:00
H6,360,IDN,Indonesia,646,RWA,Rwanda,False,M,2022,8542,183890.0,False,True,UN_Comtrade_official_public_preview_reporter_query,2026-09-11T16:05:47+00:00
H6,360,IDN,Indonesia,678,STP,Sao Tome and Principe,False,M,2022,8542,1203.0,False,True,UN_Comtrade_official_public_preview_reporter_query,2026-09-11T16:05:47+00:00
H6,360,IDN,Indonesia,682,SAU,Saudi Arabia,False,M,2022,8542,300.0,False,True,UN_Comtrade_official_public_preview_reporter_query,2026-09-11T16:05:47+00:00
H6,360,IDN,Indonesia,686,SEN,Senegal,False,M,2022,8542,11250.0,False,True,UN_Comtrade_official_public_preview_reporter_query,2026-09-11T16:05:47+00:00
H6,360,IDN,Indonesia,699,IND,India,False,M,2022,8542,5714616.0,False,True,UN_Comtrade_official_public_preview_reporter_query,2026-09-11T16:05:47+00:00
H6,360,IDN,Indonesia,702,SGP,Singapore,False,M,2022,8542,340560439.0,False,True,UN_Comtrade_official_public_preview_reporter_query,2026-09-11T16:05:47+00:00
H6,360,IDN,Indonesia,703,SVK,Slovakia,False,M,2022,8542,95384.0,False,True,UN_Comtrade_official_public_preview_reporter_query,2026-09-11T16:05:47+00:00
H6,360,IDN,Indonesia,704,VNM,Viet Nam,False,M,2022,8542,59014811.0,False,True,UN_Comtrade_official_public_preview_reporter_query,2026-09-11T16:05:47+00:00
H6,360,IDN,Indonesia,705,SVN,Slovenia,False,M,2022,8542,15.0,False,True,UN_Comtrade_official_public_preview_reporter_query,2026-09-11T16:05:47+00:00
H6,360,IDN,Indonesia,710,ZAF,South Africa,False,M,2022,8542,605.0,False,True,UN_Comtrade_official_public_preview_reporter_query,2026-09-11T16:05:47+00:00
H6,360,IDN,Indonesia,724,ESP,Spain,False,M,2022,8542,123375.0,False,True,UN_Comtrade_official_public_preview_reporter_query,2026-09-11T16:05:47+00:00
H6,360,IDN,Indonesia,752,SWE,Sweden,False,M,2022,8542,614651.0,False,True,UN_Comtrade_official_public_preview_reporter_query,2026-09-11T16:05:47+00:00
H6,360,IDN,Indonesia,757,CHE,Switzerland,False,M,2022,8542,1936412.0,False,True,UN_Comtrade_official_public_preview_reporter_query,2026-09-11T16:05:47+00:00
H6,360,IDN,Indonesia,764,THA,Thailand,False,M,2022,8542,64163351.0,False,True,UN_Comtrade_official_public_preview_reporter_query,2026-09-11T16:05:47+00:00
H6,360,IDN,Indonesia,784,ARE,United Arab Emirates,False,M,2022,8542,1234.0,False,True,UN_Comtrade_official_public_preview_reporter_query,2026-09-11T16:05:47+00:00
H6,360,IDN,Indonesia,788,TUN,Tunisia,False,M,2022,8542,58567.0,False,True,UN_Comtrade_official_public_preview_reporter_query,2026-09-11T16:05:47+00:00
H6,360,IDN,Indonesia,792,TUR,Türkiye,False,M,2022,8542,235763.0,False,True,UN_Comtrade_official_public_preview_reporter_query,2026-09-11T16:05:47+00:00
H6,360,IDN,Indonesia,807,MKD,North Macedonia,False,M,2022,8542,6.0,False,True,UN_Comtrade_official_public_preview_reporter_query,2026-09-11T16:05:47+00:00
H6,360,IDN,Indonesia,826,GBR,United Kingdom,False,M,2022,8542,1528830.0,False,True,UN_Comtrade_official_public_preview_reporter_query,2026-09-11T16:05:47+00:00
H6,360,IDN,Indonesia,834,TZA,United Rep. of Tanzania,False,M,2022,8542,1679.0,False,True,UN_Comtrade_official_public_preview_reporter_query,2026-09-11T16:05:47+00:00
H6,360,IDN,Indonesia,842,USA,USA,False,M,2022,8542,8587512.0,False,True,UN_Comtrade_official_public_preview_reporter_query,2026-09-11T16:05:47+00:00
H6,360,IDN,Indonesia,12,DZA,Algeria,False,X,2022,8542,744296.731,False,True,UN_Comtrade_official_public_preview_reporter_query,2026-09-11T16:05:47+00:00
H6,360,IDN,Indonesia,32,ARG,Argentina,False,X,2022,8542,3694951.598,False,True,UN_Comtrade_official_public_preview_reporter_query,2026-09-11T16:05:47+00:00
H6,360,IDN,Indonesia,36,AUS,Australia,False,X,2022,8542,51902.7,False,True,UN_Comtrade_official_public_preview_reporter_query,2026-09-11T16:05:47+00:00
H6,360,IDN,Indonesia,40,AUT,Austria,False,X,2022,8542,85885.378,False,True,UN_Comtrade_official_public_preview_reporter_query,2026-09-11T16:05:47+00:00
H6,360,IDN,Indonesia,76,BRA,Brazil,False,X,2022,8542,6854875.216,False,True,UN_Comtrade_official_public_preview_reporter_query,2026-09-11T16:05:47+00:00
H6,360,IDN,Indonesia,116,KHM,Cambodia,False,X,2022,8542,212.58,False,True,UN_Comtrade_official_public_preview_reporter_query,2026-09-11T16:05:47+00:00
H6,360,IDN,Indonesia,124,CAN,Canada,False,X,2022,8542,3.2,False,True,UN_Comtrade_official_public_preview_reporter_query,2026-09-11T16:05:47+00:00
H6,360,IDN,Indonesia,156,CHN,China,False,X,2022,8542,29045168.705,False,True,UN_Comtrade_official_public_preview_reporter_query,2026-09-11T16:05:47+00:00
H6,360,IDN,Indonesia,203,CZE,Czechia,False,X,2022,8542,12748.658,False,True,UN_Comtrade_official_public_preview_reporter_query,2026-09-11T16:05:47+00:00
H6,360,IDN,Indonesia,208,DNK,Denmark,False,X,2022,8542,4565.0,False,True,UN_Comtrade_official_public_preview_reporter_query,2026-09-11T16:05:47+00:00
H6,360,IDN,Indonesia,218,ECU,Ecuador,False,X,2022,8542,1908116.665,False,True,UN_Comtrade_official_public_preview_reporter_query,2026-09-11T16:05:47+00:00
H6,360,IDN,Indonesia,231,ETH,Ethiopia,False,X,2022,8542,250504.0,False,True,UN_Comtrade_official_public_preview_reporter_query,2026-09-11T16:05:47+00:00
H6,360,IDN,Indonesia,233,EST,Estonia,False,X,2022,8542,125400.0,False,True,UN_Comtrade_official_public_preview_reporter_query,2026-09-11T16:05:47+00:00
H6,360,IDN,Indonesia,242,FJI,Fiji,False,X,2022,8542,4393.35,False,True,UN_Comtrade_official_public_preview_reporter_query,2026-09-11T16:05:47+00:00
H6,360,IDN,Indonesia,246,FIN,Finland,False,X,2022,8542,1826.188,False,True,UN_Comtrade_official_public_preview_reporter_query,2026-09-11T16:05:47+00:00
H6,360,IDN,Indonesia,251,FRA,France,False,X,2022,8542,4827112.798,False,True,UN_Comtrade_official_public_preview_reporter_query,2026-09-11T16:05:47+00:00
H6,360,IDN,Indonesia,276,DEU,Germany,False,X,2022,8542,51874120.421,False,True,UN_Comtrade_official_public_preview_reporter_query,2026-09-11T16:05:47+00:00
H6,360,IDN,Indonesia,328,GUY,Guyana,False,X,2022,8542,23312.54,False,True,UN_Comtrade_official_public_preview_reporter_query,2026-09-11T16:05:47+00:00
H6,360,IDN,Indonesia,344,HKG,"China, Hong Kong SAR",False,X,2022,8542,5392570.32,False,True,UN_Comtrade_official_public_preview_reporter_query,2026-09-11T16:05:47+00:00
H6,360,IDN,Indonesia,348,HUN,Hungary,False,X,2022,8542,2582.67,False,True,UN_Comtrade_official_public_preview_reporter_query,2026-09-11T16:05:47+00:00
H6,360,IDN,Indonesia,372,IRL,Ireland,False,X,2022,8542,126451.44,False,True,UN_Comtrade_official_public_preview_reporter_query,2026-09-11T16:05:47+00:00
H6,360,IDN,Indonesia,380,ITA,Italy,False,X,2022,8542,4128.117,False,True,UN_Comtrade_official_public_preview_reporter_query,2026-09-11T16:05:47+00:00
H6,360,IDN,Indonesia,392,JPN,Japan,False,X,2022,8542,3365470.476,False,True,UN_Comtrade_official_public_preview_reporter_query,2026-09-11T16:05:47+00:00
H6,360,IDN,Indonesia,410,KOR,Rep. of Korea,False,X,2022,8542,6955203.298,False,True,UN_Comtrade_official_public_preview_reporter_query,2026-09-11T16:05:47+00:00
H6,360,IDN,Indonesia,428,LVA,Latvia,False,X,2022,8542,6457.5,False,True,UN_Comtrade_official_public_preview_reporter_query,2026-09-11T16:05:47+00:00
H6,360,IDN,Indonesia,458,MYS,Malaysia,False,X,2022,8542,1354032.352,False,True,UN_Comtrade_official_public_preview_reporter_query,2026-09-11T16:05:47+00:00
H6,360,IDN,Indonesia,480,MUS,Mauritius,False,X,2022,8542,10.0,False,True,UN_Comtrade_official_public_preview_reporter_query,2026-09-11T16:05:47+00:00
H6,360,IDN,Indonesia,484,MEX,Mexico,False,X,2022,8542,31225222.467,False,True,UN_Comtrade_official_public_preview_reporter_query,2026-09-11T16:05:47+00:00
H6,360,IDN,Indonesia,490,S19,"Other Asia, nes",False,X,2022,8542,2754419.831,False,True,UN_Comtrade_official_public_preview_reporter_query,2026-09-11T16:05:47+00:00
H6,360,IDN,Indonesia,512,OMN,Oman,False,X,2022,8542,142000.0,False,True,UN_Comtrade_official_public_preview_reporter_query,2026-09-11T16:05:47+00:00
H6,360,IDN,Indonesia,528,NLD,Netherlands,False,X,2022,8542,20071.853,False,True,UN_Comtrade_official_public_preview_reporter_query,2026-09-11T16:05:47+00:00
H6,360,IDN,Indonesia,579,NOR,Norway,False,X,2022,8542,366809.86,False,True,UN_Comtrade_official_public_preview_reporter_query,2026-09-11T16:05:47+00:00
H6,360,IDN,Indonesia,598,PNG,Papua New Guinea,False,X,2022,8542,754.85,False,True,UN_Comtrade_official_public_preview_reporter_query,2026-09-11T16:05:47+00:00
H6,360,IDN,Indonesia,608,PHL,Philippines,False,X,2022,8542,3547568.624,False,True,UN_Comtrade_official_public_preview_reporter_query,2026-09-11T16:05:47+00:00
H6,360,IDN,Indonesia,616,POL,Poland,False,X,2022,8542,11826739.272,False,True,UN_Comtrade_official_public_preview_reporter_query,2026-09-11T16:05:47+00:00
H6,360,IDN,Indonesia,620,PRT,Portugal,False,X,2022,8542,8663.825,False,True,UN_Comtrade_official_public_preview_reporter_query,2026-09-11T16:05:47+00:00
H6,360,IDN,Indonesia,626,TLS,Timor-Leste,False,X,2022,8542,40569.03,False,True,UN_Comtrade_official_public_preview_reporter_query,2026-09-11T16:05:47+00:00
H6,360,IDN,Indonesia,642,ROU,Romania,False,X,2022,8542,753.622,False,True,UN_Comtrade_official_public_preview_reporter_query,2026-09-11T16:05:47+00:00
H6,360,IDN,Indonesia,643,RUS,Russian Federation,False,X,2022,8542,283144.044,False,True,UN_Comtrade_official_public_preview_reporter_query,2026-09-11T16:05:47+00:00
H6,360,IDN,Indonesia,660,AIA,Anguilla,False,X,2022,8542,14951.434,False,True,UN_Comtrade_official_public_preview_reporter_query,2026-09-11T16:05:47+00:00
H6,360,IDN,Indonesia,699,IND,India,False,X,2022,8542,7797659.278,False,True,UN_Comtrade_official_public_preview_reporter_query,2026-09-11T16:05:47+00:00
H6,360,IDN,Indonesia,702,SGP,Singapore,False,X,2022,8542,281242232.781,False,True,UN_Comtrade_official_public_preview_reporter_query,2026-09-11T16:05:47+00:00
H6,360,IDN,Indonesia,704,VNM,Viet Nam,False,X,2022,8542,13255002.71,False,True,UN_Comtrade_official_public_preview_reporter_query,2026-09-11T16:05:47+00:00
H6,360,IDN,Indonesia,710,ZAF,South Africa,False,X,2022,8542,1643597.675,False,True,UN_Comtrade_official_public_preview_reporter_query,2026-09-11T16:05:47+00:00
H6,360,IDN,Indonesia,752,SWE,Sweden,False,X,2022,8542,18856.2,False,True,UN_Comtrade_official_public_preview_reporter_query,2026-09-11T16:05:47+00:00
H6,360,IDN,Indonesia,757,CHE,Switzerland,False,X,2022,8542,96630.032,False,True,UN_Comtrade_official_public_preview_reporter_query,2026-09-11T16:05:47+00:00
H6,360,IDN,Indonesia,764,THA,Thailand,False,X,2022,8542,676666.108,False,True,UN_Comtrade_official_public_preview_reporter_query,2026-09-11T16:05:47+00:00
H6,360,IDN,Indonesia,784,ARE,United Arab Emirates,False,X,2022,8542,124.27,False,True,UN_Comtrade_official_public_preview_reporter_query,2026-09-11T16:05:47+00:00
H6,360,IDN,Indonesia,788,TUN,Tunisia,False,X,2022,8542,1153.91,False,True,UN_Comtrade_official_public_preview_reporter_query,2026-09-11T16:05:47+00:00
H6,360,IDN,Indonesia,792,TUR,Türkiye,False,X,2022,8542,1189030.162,False,True,UN_Comtrade_official_public_preview_reporter_query,2026-09-11T16:05:47+00:00
H6,360,IDN,Indonesia,818,EGY,Egypt,False,X,2022,8542,23314008.181,False,True,UN_Comtrade_official_public_preview_reporter_query,2026-09-11T16:05:47+00:00
H6,360,IDN,Indonesia,826,GBR,United Kingdom,False,X,2022,8542,241399.54,False,True,UN_Comtrade_official_public_preview_reporter_query,2026-09-11T16:05:47+00:00
H6,360,IDN,Indonesia,842,USA,USA,False,X,2022,8542,21270120.295,False,True,UN_Comtrade_official_public_preview_reporter_query,2026-09-11T16:05:47+00:00
H4,608,PHL,Philippines,8,ALB,Albania,False,M,2017,8542,88654.0,False,True,UN_Comtrade_official_public_preview_reporter_query,2026-09-11T16:05:47+00:00
H4,608,PHL,Philippines,16,ASM,American Samoa,False,M,2017,8542,173987.0,False,True,UN_Comtrade_official_public_preview_reporter_query,2026-09-11T16:05:47+00:00
H4,608,PHL,Philippines,20,AND,Andorra,False,M,2017,8542,6850.0,False,True,UN_Comtrade_official_public_preview_reporter_query,2026-09-11T16:05:47+00:00
H4,608,PHL,Philippines,36,AUS,Australia,False,M,2017,8542,457667.0,False,True,UN_Comtrade_official_public_preview_reporter_query,2026-09-11T16:05:47+00:00
H4,608,PHL,Philippines,40,AUT,Austria,False,M,2017,8542,27465774.0,False,True,UN_Comtrade_official_public_preview_reporter_query,2026-09-11T16:05:47+00:00
H4,608,PHL,Philippines,48,BHR,Bahrain,False,M,2017,8542,18411.0,False,True,UN_Comtrade_official_public_preview_reporter_query,2026-09-11T16:05:47+00:00
H4,608,PHL,Philippines,52,BRB,Barbados,False,M,2017,8542,14929.0,False,True,UN_Comtrade_official_public_preview_reporter_query,2026-09-11T16:05:47+00:00
H4,608,PHL,Philippines,56,BEL,Belgium,False,M,2017,8542,101442707.0,False,True,UN_Comtrade_official_public_preview_reporter_query,2026-09-11T16:05:47+00:00
H4,608,PHL,Philippines,68,BOL,Bolivia (Plurinational State of),False,M,2017,8542,201.0,False,True,UN_Comtrade_official_public_preview_reporter_query,2026-09-11T16:05:47+00:00
H4,608,PHL,Philippines,70,BIH,Bosnia Herzegovina,False,M,2017,8542,92.0,False,True,UN_Comtrade_official_public_preview_reporter_query,2026-09-11T16:05:47+00:00
H4,608,PHL,Philippines,76,BRA,Brazil,False,M,2017,8542,27279.0,False,True,UN_Comtrade_official_public_preview_reporter_query,2026-09-11T16:05:47+00:00
H4,608,PHL,Philippines,96,BRN,Brunei Darussalam,False,M,2017,8542,88.0,False,True,UN_Comtrade_official_public_preview_reporter_query,2026-09-11T16:05:47+00:00
H4,608,PHL,Philippines,100,BGR,Bulgaria,False,M,2017,8542,22124105.0,False,True,UN_Comtrade_official_public_preview_reporter_query,2026-09-11T16:05:47+00:00
H4,608,PHL,Philippines,104,MMR,Myanmar,False,M,2017,8542,13854.0,False,True,UN_Comtrade_official_public_preview_reporter_query,2026-09-11T16:05:47+00:00
H4,608,PHL,Philippines,116,KHM,Cambodia,False,M,2017,8542,214397.0,False,True,UN_Comtrade_official_public_preview_reporter_query,2026-09-11T16:05:47+00:00
H4,608,PHL,Philippines,120,CMR,Cameroon,False,M,2017,8542,119.0,False,True,UN_Comtrade_official_public_preview_reporter_query,2026-09-11T16:05:47+00:00
H4,608,PHL,Philippines,124,CAN,Canada,False,M,2017,8542,1432694.0,False,True,UN_Comtrade_official_public_preview_reporter_query,2026-09-11T16:05:47+00:00
H4,608,PHL,Philippines,136,CYM,Cayman Isds,False,M,2017,8542,1411.0,False,True,UN_Comtrade_official_public_preview_reporter_query,2026-09-11T16:05:47+00:00
H4,608,PHL,Philippines,144,LKA,Sri Lanka,False,M,2017,8542,118.0,False,True,UN_Comtrade_official_public_preview_reporter_query,2026-09-11T16:05:47+00:00
H4,608,PHL,Philippines,152,CHL,Chile,False,M,2017,8542,1131.0,False,True,UN_Comtrade_official_public_preview_reporter_query,2026-09-11T16:05:47+00:00
H4,608,PHL,Philippines,156,CHN,China,False,M,2017,8542,754116359.0,False,True,UN_Comtrade_official_public_preview_reporter_query,2026-09-11T16:05:47+00:00
H4,608,PHL,Philippines,170,COL,Colombia,False,M,2017,8542,807.0,False,True,UN_Comtrade_official_public_preview_reporter_query,2026-09-11T16:05:47+00:00
H4,608,PHL,Philippines,188,CRI,Costa Rica,False,M,2017,8542,492623.0,False,True,UN_Comtrade_official_public_preview_reporter_query,2026-09-11T16:05:47+00:00
H4,608,PHL,Philippines,191,HRV,Croatia,False,M,2017,8542,854.0,False,True,UN_Comtrade_official_public_preview_reporter_query,2026-09-11T16:05:47+00:00
H4,608,PHL,Philippines,196,CYP,Cyprus,False,M,2017,8542,6123.0,False,True,UN_Comtrade_official_public_preview_reporter_query,2026-09-11T16:05:47+00:00
H4,608,PHL,Philippines,203,CZE,Czechia,False,M,2017,8542,65531399.0,False,True,UN_Comtrade_official_public_preview_reporter_query,2026-09-11T16:05:47+00:00
H4,608,PHL,Philippines,208,DNK,Denmark,False,M,2017,8542,179327.0,False,True,UN_Comtrade_official_public_preview_reporter_query,2026-09-11T16:05:47+00:00
H4,608,PHL,Philippines,222,SLV,El Salvador,False,M,2017,8542,6855.0,False,True,UN_Comtrade_official_public_preview_reporter_query,2026-09-11T16:05:47+00:00
H4,608,PHL,Philippines,246,FIN,Finland,False,M,2017,8542,521269.0,False,True,UN_Comtrade_official_public_preview_reporter_query,2026-09-11T16:05:47+00:00
H4,608,PHL,Philippines,251,FRA,France,False,M,2017,8542,52468391.0,False,True,UN_Comtrade_official_public_preview_reporter_query,2026-09-11T16:05:47+00:00
H4,608,PHL,Philippines,268,GEO,Georgia,False,M,2017,8542,23148.0,False,True,UN_Comtrade_official_public_preview_reporter_query,2026-09-11T16:05:47+00:00
H4,608,PHL,Philippines,276,DEU,Germany,False,M,2017,8542,197042968.0,False,True,UN_Comtrade_official_public_preview_reporter_query,2026-09-11T16:05:47+00:00
H4,608,PHL,Philippines,288,GHA,Ghana,False,M,2017,8542,6291.0,False,True,UN_Comtrade_official_public_preview_reporter_query,2026-09-11T16:05:47+00:00
H4,608,PHL,Philippines,292,GIB,Gibraltar,False,M,2017,8542,1659.0,False,True,UN_Comtrade_official_public_preview_reporter_query,2026-09-11T16:05:47+00:00
H4,608,PHL,Philippines,300,GRC,Greece,False,M,2017,8542,8393.0,False,True,UN_Comtrade_official_public_preview_reporter_query,2026-09-11T16:05:47+00:00
H4,608,PHL,Philippines,340,HND,Honduras,False,M,2017,8542,17770.0,False,True,UN_Comtrade_official_public_preview_reporter_query,2026-09-11T16:05:47+00:00
H4,608,PHL,Philippines,344,HKG,"China, Hong Kong SAR",False,M,2017,8542,248876202.0,False,True,UN_Comtrade_official_public_preview_reporter_query,2026-09-11T16:05:47+00:00
H4,608,PHL,Philippines,348,HUN,Hungary,False,M,2017,8542,536497.0,False,True,UN_Comtrade_official_public_preview_reporter_query,2026-09-11T16:05:47+00:00
H4,608,PHL,Philippines,360,IDN,Indonesia,False,M,2017,8542,5055780.0,False,True,UN_Comtrade_official_public_preview_reporter_query,2026-09-11T16:05:47+00:00
H4,608,PHL,Philippines,372,IRL,Ireland,False,M,2017,8542,9726796.0,False,True,UN_Comtrade_official_public_preview_reporter_query,2026-09-11T16:05:47+00:00
H4,608,PHL,Philippines,376,ISR,Israel,False,M,2017,8542,39223026.0,False,True,UN_Comtrade_official_public_preview_reporter_query,2026-09-11T16:05:47+00:00
H4,608,PHL,Philippines,380,ITA,Italy,False,M,2017,8542,60401943.0,False,True,UN_Comtrade_official_public_preview_reporter_query,2026-09-11T16:05:47+00:00
H4,608,PHL,Philippines,388,JAM,Jamaica,False,M,2017,8542,95598.0,False,True,UN_Comtrade_official_public_preview_reporter_query,2026-09-11T16:05:47+00:00
H4,608,PHL,Philippines,392,JPN,Japan,False,M,2017,8542,1118522716.0,False,True,UN_Comtrade_official_public_preview_reporter_query,2026-09-11T16:05:47+00:00
H4,608,PHL,Philippines,400,JOR,Jordan,False,M,2017,8542,21531.0,False,True,UN_Comtrade_official_public_preview_reporter_query,2026-09-11T16:05:47+00:00
H4,608,PHL,Philippines,410,KOR,Rep. of Korea,False,M,2017,8542,3202705579.0,False,True,UN_Comtrade_official_public_preview_reporter_query,2026-09-11T16:05:47+00:00
H4,608,PHL,Philippines,428,LVA,Latvia,False,M,2017,8542,4201.0,False,True,UN_Comtrade_official_public_preview_reporter_query,2026-09-11T16:05:47+00:00
H4,608,PHL,Philippines,446,MAC,"China, Macao SAR",False,M,2017,8542,51411.0,False,True,UN_Comtrade_official_public_preview_reporter_query,2026-09-11T16:05:47+00:00
H4,608,PHL,Philippines,454,MWI,Malawi,False,M,2017,8542,7230.0,False,True,UN_Comtrade_official_public_preview_reporter_query,2026-09-11T16:05:47+00:00
H4,608,PHL,Philippines,458,MYS,Malaysia,False,M,2017,8542,435145796.0,False,True,UN_Comtrade_official_public_preview_reporter_query,2026-09-11T16:05:47+00:00
H4,608,PHL,Philippines,462,MDV,Maldives,False,M,2017,8542,59952.0,False,True,UN_Comtrade_official_public_preview_reporter_query,2026-09-11T16:05:47+00:00
H4,608,PHL,Philippines,470,MLT,Malta,False,M,2017,8542,739256.0,False,True,UN_Comtrade_official_public_preview_reporter_query,2026-09-11T16:05:47+00:00
H4,608,PHL,Philippines,484,MEX,Mexico,False,M,2017,8542,2240618.0,False,True,UN_Comtrade_official_public_preview_reporter_query,2026-09-11T16:05:47+00:00
H4,608,PHL,Philippines,490,S19,"Other Asia, nes",False,M,2017,8542,2879275070.0,False,True,UN_Comtrade_official_public_preview_reporter_query,2026-09-11T16:05:47+00:00
H4,608,PHL,Philippines,504,MAR,Morocco,False,M,2017,8542,321580.0,False,True,UN_Comtrade_official_public_preview_reporter_query,2026-09-11T16:05:47+00:00
H4,608,PHL,Philippines,528,NLD,Netherlands,False,M,2017,8542,15889586.0,False,True,UN_Comtrade_official_public_preview_reporter_query,2026-09-11T16:05:47+00:00
H4,608,PHL,Philippines,554,NZL,New Zealand,False,M,2017,8542,85274.0,False,True,UN_Comtrade_official_public_preview_reporter_query,2026-09-11T16:05:47+00:00
H4,608,PHL,Philippines,566,NGA,Nigeria,False,M,2017,8542,2023.0,False,True,UN_Comtrade_official_public_preview_reporter_query,2026-09-11T16:05:47+00:00
H4,608,PHL,Philippines,570,NIU,Niue,False,M,2017,8542,26968.0,False,True,UN_Comtrade_official_public_preview_reporter_query,2026-09-11T16:05:47+00:00
H4,608,PHL,Philippines,579,NOR,Norway,False,M,2017,8542,4590310.0,False,True,UN_Comtrade_official_public_preview_reporter_query,2026-09-11T16:05:47+00:00
H4,608,PHL,Philippines,586,PAK,Pakistan,False,M,2017,8542,2380.0,False,True,UN_Comtrade_official_public_preview_reporter_query,2026-09-11T16:05:47+00:00
H4,608,PHL,Philippines,616,POL,Poland,False,M,2017,8542,53338.0,False,True,UN_Comtrade_official_public_preview_reporter_query,2026-09-11T16:05:47+00:00
H4,608,PHL,Philippines,620,PRT,Portugal,False,M,2017,8542,308488.0,False,True,UN_Comtrade_official_public_preview_reporter_query,2026-09-11T16:05:47+00:00
H4,608,PHL,Philippines,634,QAT,Qatar,False,M,2017,8542,1032.0,False,True,UN_Comtrade_official_public_preview_reporter_query,2026-09-11T16:05:47+00:00
H4,608,PHL,Philippines,642,ROU,Romania,False,M,2017,8542,39682.0,False,True,UN_Comtrade_official_public_preview_reporter_query,2026-09-11T16:05:47+00:00
H4,608,PHL,Philippines,643,RUS,Russian Federation,False,M,2017,8542,2415.0,False,True,UN_Comtrade_official_public_preview_reporter_query,2026-09-11T16:05:47+00:00
H4,608,PHL,Philippines,682,SAU,Saudi Arabia,False,M,2017,8542,159917.0,False,True,UN_Comtrade_official_public_preview_reporter_query,2026-09-11T16:05:47+00:00
H4,608,PHL,Philippines,699,IND,India,False,M,2017,8542,1906620.0,False,True,UN_Comtrade_official_public_preview_reporter_query,2026-09-11T16:05:47+00:00
H4,608,PHL,Philippines,702,SGP,Singapore,False,M,2017,8542,1037152979.0,False,True,UN_Comtrade_official_public_preview_reporter_query,2026-09-11T16:05:47+00:00
H4,608,PHL,Philippines,703,SVK,Slovakia,False,M,2017,8542,13506.0,False,True,UN_Comtrade_official_public_preview_reporter_query,2026-09-11T16:05:47+00:00
H4,608,PHL,Philippines,704,VNM,Viet Nam,False,M,2017,8542,12348199.0,False,True,UN_Comtrade_official_public_preview_reporter_query,2026-09-11T16:05:47+00:00
H4,608,PHL,Philippines,705,SVN,Slovenia,False,M,2017,8542,74433.0,False,True,UN_Comtrade_official_public_preview_reporter_query,2026-09-11T16:05:47+00:00
H4,608,PHL,Philippines,710,ZAF,South Africa,False,M,2017,8542,162507.0,False,True,UN_Comtrade_official_public_preview_reporter_query,2026-09-11T16:05:47+00:00
H4,608,PHL,Philippines,724,ESP,Spain,False,M,2017,8542,502659.0,False,True,UN_Comtrade_official_public_preview_reporter_query,2026-09-11T16:05:47+00:00
H4,608,PHL,Philippines,748,SWZ,Eswatini,False,M,2017,8542,18782.0,False,True,UN_Comtrade_official_public_preview_reporter_query,2026-09-11T16:05:47+00:00
H4,608,PHL,Philippines,752,SWE,Sweden,False,M,2017,8542,738353.0,False,True,UN_Comtrade_official_public_preview_reporter_query,2026-09-11T16:05:47+00:00
H4,608,PHL,Philippines,757,CHE,Switzerland,False,M,2017,8542,5710666.0,False,True,UN_Comtrade_official_public_preview_reporter_query,2026-09-11T16:05:47+00:00
H4,608,PHL,Philippines,762,TJK,Tajikistan,False,M,2017,8542,31509.0,False,True,UN_Comtrade_official_public_preview_reporter_query,2026-09-11T16:05:47+00:00
H4,608,PHL,Philippines,764,THA,Thailand,False,M,2017,8542,409307984.0,False,True,UN_Comtrade_official_public_preview_reporter_query,2026-09-11T16:05:47+00:00
H4,608,PHL,Philippines,784,ARE,United Arab Emirates,False,M,2017,8542,8985.0,False,True,UN_Comtrade_official_public_preview_reporter_query,2026-09-11T16:05:47+00:00
H4,608,PHL,Philippines,788,TUN,Tunisia,False,M,2017,8542,8989.0,False,True,UN_Comtrade_official_public_preview_reporter_query,2026-09-11T16:05:47+00:00
H4,608,PHL,Philippines,792,TUR,Türkiye,False,M,2017,8542,256320.0,False,True,UN_Comtrade_official_public_preview_reporter_query,2026-09-11T16:05:47+00:00
H4,608,PHL,Philippines,796,TCA,Turks and Caicos Isds,False,M,2017,8542,54351.0,False,True,UN_Comtrade_official_public_preview_reporter_query,2026-09-11T16:05:47+00:00
H4,608,PHL,Philippines,804,UKR,Ukraine,False,M,2017,8542,40463.0,False,True,UN_Comtrade_official_public_preview_reporter_query,2026-09-11T16:05:47+00:00
H4,608,PHL,Philippines,807,MKD,North Macedonia,False,M,2017,8542,529.0,False,True,UN_Comtrade_official_public_preview_reporter_query,2026-09-11T16:05:47+00:00
H4,608,PHL,Philippines,818,EGY,Egypt,False,M,2017,8542,1121.0,False,True,UN_Comtrade_official_public_preview_reporter_query,2026-09-11T16:05:47+00:00
H4,608,PHL,Philippines,826,GBR,United Kingdom,False,M,2017,8542,23769567.0,False,True,UN_Comtrade_official_public_preview_reporter_query,2026-09-11T16:05:47+00:00
H4,608,PHL,Philippines,834,TZA,United Rep. of Tanzania,False,M,2017,8542,187455.0,False,True,UN_Comtrade_official_public_preview_reporter_query,2026-09-11T16:05:47+00:00
H4,608,PHL,Philippines,842,USA,USA,False,M,2017,8542,1979713345.0,False,True,UN_Comtrade_official_public_preview_reporter_query,2026-09-11T16:05:47+00:00
H4,608,PHL,Philippines,862,VEN,Venezuela,False,M,2017,8542,371.0,False,True,UN_Comtrade_official_public_preview_reporter_query,2026-09-11T16:05:47+00:00
H4,608,PHL,Philippines,4,AFG,Afghanistan,False,X,2017,8542,321895.0,False,True,UN_Comtrade_official_public_preview_reporter_query,2026-09-11T16:05:47+00:00
H4,608,PHL,Philippines,20,AND,Andorra,False,X,2017,8542,12448.0,False,True,UN_Comtrade_official_public_preview_reporter_query,2026-09-11T16:05:47+00:00
H4,608,PHL,Philippines,32,ARG,Argentina,False,X,2017,8542,55893.0,False,True,UN_Comtrade_official_public_preview_reporter_query,2026-09-11T16:05:47+00:00
H4,608,PHL,Philippines,36,AUS,Australia,False,X,2017,8542,2916278.0,False,True,UN_Comtrade_official_public_preview_reporter_query,2026-09-11T16:05:47+00:00
H4,608,PHL,Philippines,40,AUT,Austria,False,X,2017,8542,24430816.0,False,True,UN_Comtrade_official_public_preview_reporter_query,2026-09-11T16:05:47+00:00
H4,608,PHL,Philippines,56,BEL,Belgium,False,X,2017,8542,18348961.0,False,True,UN_Comtrade_official_public_preview_reporter_query,2026-09-11T16:05:47+00:00
H4,608,PHL,Philippines,68,BOL,Bolivia (Plurinational State of),False,X,2017,8542,2122.0,False,True,UN_Comtrade_official_public_preview_reporter_query,2026-09-11T16:05:47+00:00
H4,608,PHL,Philippines,70,BIH,Bosnia Herzegovina,False,X,2017,8542,445.0,False,True,UN_Comtrade_official_public_preview_reporter_query,2026-09-11T16:05:47+00:00
H4,608,PHL,Philippines,76,BRA,Brazil,False,X,2017,8542,2640831.0,False,True,UN_Comtrade_official_public_preview_reporter_query,2026-09-11T16:05:47+00:00
H4,608,PHL,Philippines,92,VGB,Br. Virgin Isds,False,X,2017,8542,11222.0,False,True,UN_Comtrade_official_public_preview_reporter_query,2026-09-11T16:05:47+00:00
H4,608,PHL,Philippines,100,BGR,Bulgaria,False,X,2017,8542,17440140.0,False,True,UN_Comtrade_official_public_preview_reporter_query,2026-09-11T16:05:47+00:00
H4,608,PHL,Philippines,112,BLR,Belarus,False,X,2017,8542,27.0,False,True,UN_Comtrade_official_public_preview_reporter_query,2026-09-11T16:05:47+00:00
H4,608,PHL,Philippines,124,CAN,Canada,False,X,2017,8542,13869256.0,False,True,UN_Comtrade_official_public_preview_reporter_query,2026-09-11T16:05:47+00:00
H4,608,PHL,Philippines,144,LKA,Sri Lanka,False,X,2017,8542,401.0,False,True,UN_Comtrade_official_public_preview_reporter_query,2026-09-11T16:05:47+00:00
H4,608,PHL,Philippines,152,CHL,Chile,False,X,2017,8542,17376.0,False,True,UN_Comtrade_official_public_preview_reporter_query,2026-09-11T16:05:47+00:00
H4,608,PHL,Philippines,156,CHN,China,False,X,2017,8542,1318513784.0,False,True,UN_Comtrade_official_public_preview_reporter_query,2026-09-11T16:05:47+00:00
H4,608,PHL,Philippines,170,COL,Colombia,False,X,2017,8542,49172.0,False,True,UN_Comtrade_official_public_preview_reporter_query,2026-09-11T16:05:47+00:00
H4,608,PHL,Philippines,191,HRV,Croatia,False,X,2017,8542,1396.0,False,True,UN_Comtrade_official_public_preview_reporter_query,2026-09-11T16:05:47+00:00
H4,608,PHL,Philippines,203,CZE,Czechia,False,X,2017,8542,29555924.0,False,True,UN_Comtrade_official_public_preview_reporter_query,2026-09-11T16:05:47+00:00
H4,608,PHL,Philippines,208,DNK,Denmark,False,X,2017,8542,1013314.0,False,True,UN_Comtrade_official_public_preview_reporter_query,2026-09-11T16:05:47+00:00
H4,608,PHL,Philippines,232,ERI,Eritrea,False,X,2017,8542,2373.0,False,True,UN_Comtrade_official_public_preview_reporter_query,2026-09-11T16:05:47+00:00
H4,608,PHL,Philippines,233,EST,Estonia,False,X,2017,8542,804012.0,False,True,UN_Comtrade_official_public_preview_reporter_query,2026-09-11T16:05:47+00:00
H4,608,PHL,Philippines,242,FJI,Fiji,False,X,2017,8542,1460.0,False,True,UN_Comtrade_official_public_preview_reporter_query,2026-09-11T16:05:47+00:00
H4,608,PHL,Philippines,246,FIN,Finland,False,X,2017,8542,1433187.0,False,True,UN_Comtrade_official_public_preview_reporter_query,2026-09-11T16:05:47+00:00
H4,608,PHL,Philippines,251,FRA,France,False,X,2017,8542,229880373.0,False,True,UN_Comtrade_official_public_preview_reporter_query,2026-09-11T16:05:47+00:00
H4,608,PHL,Philippines,268,GEO,Georgia,False,X,2017,8542,28.0,False,True,UN_Comtrade_official_public_preview_reporter_query,2026-09-11T16:05:47+00:00
H4,608,PHL,Philippines,276,DEU,Germany,False,X,2017,8542,846978070.0,False,True,UN_Comtrade_official_public_preview_reporter_query,2026-09-11T16:05:47+00:00
H4,608,PHL,Philippines,288,GHA,Ghana,False,X,2017,8542,28.0,False,True,UN_Comtrade_official_public_preview_reporter_query,2026-09-11T16:05:47+00:00
H4,608,PHL,Philippines,300,GRC,Greece,False,X,2017,8542,126.0,False,True,UN_Comtrade_official_public_preview_reporter_query,2026-09-11T16:05:47+00:00
H4,608,PHL,Philippines,332,HTI,Haiti,False,X,2017,8542,33833.0,False,True,UN_Comtrade_official_public_preview_reporter_query,2026-09-11T16:05:47+00:00
H4,608,PHL,Philippines,344,HKG,"China, Hong Kong SAR",False,X,2017,8542,4151048440.0,False,True,UN_Comtrade_official_public_preview_reporter_query,2026-09-11T16:05:47+00:00
H4,608,PHL,Philippines,348,HUN,Hungary,False,X,2017,8542,15784314.0,False,True,UN_Comtrade_official_public_preview_reporter_query,2026-09-11T16:05:47+00:00
H4,608,PHL,Philippines,352,ISL,Iceland,False,X,2017,8542,22967.0,False,True,UN_Comtrade_official_public_preview_reporter_query,2026-09-11T16:05:47+00:00
H4,608,PHL,Philippines,360,IDN,Indonesia,False,X,2017,8542,4039578.0,False,True,UN_Comtrade_official_public_preview_reporter_query,2026-09-11T16:05:47+00:00
H4,608,PHL,Philippines,372,IRL,Ireland,False,X,2017,8542,1278278.0,False,True,UN_Comtrade_official_public_preview_reporter_query,2026-09-11T16:05:47+00:00
H4,608,PHL,Philippines,376,ISR,Israel,False,X,2017,8542,6252038.0,False,True,UN_Comtrade_official_public_preview_reporter_query,2026-09-11T16:05:47+00:00
H4,608,PHL,Philippines,380,ITA,Italy,False,X,2017,8542,16093414.0,False,True,UN_Comtrade_official_public_preview_reporter_query,2026-09-11T16:05:47+00:00
H4,608,PHL,Philippines,392,JPN,Japan,False,X,2017,8542,776752877.0,False,True,UN_Comtrade_official_public_preview_reporter_query,2026-09-11T16:05:47+00:00
H4,608,PHL,Philippines,398,KAZ,Kazakhstan,False,X,2017,8542,35.0,False,True,UN_Comtrade_official_public_preview_reporter_query,2026-09-11T16:05:47+00:00
H4,608,PHL,Philippines,410,KOR,Rep. of Korea,False,X,2017,8542,517483234.0,False,True,UN_Comtrade_official_public_preview_reporter_query,2026-09-11T16:05:47+00:00
H4,608,PHL,Philippines,418,LAO,Lao People's Dem. Rep.,False,X,2017,8542,770.0,False,True,UN_Comtrade_official_public_preview_reporter_query,2026-09-11T16:05:47+00:00
H4,608,PHL,Philippines,428,LVA,Latvia,False,X,2017,8542,74547.0,False,True,UN_Comtrade_official_public_preview_reporter_query,2026-09-11T16:05:47+00:00
H4,608,PHL,Philippines,440,LTU,Lithuania,False,X,2017,8542,32870.0,False,True,UN_Comtrade_official_public_preview_reporter_query,2026-09-11T16:05:47+00:00
H4,608,PHL,Philippines,446,MAC,"China, Macao SAR",False,X,2017,8542,516442.0,False,True,UN_Comtrade_official_public_preview_reporter_query,2026-09-11T16:05:47+00:00
H4,608,PHL,Philippines,458,MYS,Malaysia,False,X,2017,8542,444230166.0,False,True,UN_Comtrade_official_public_preview_reporter_query,2026-09-11T16:05:47+00:00
H4,608,PHL,Philippines,470,MLT,Malta,False,X,2017,8542,7414687.0,False,True,UN_Comtrade_official_public_preview_reporter_query,2026-09-11T16:05:47+00:00
H4,608,PHL,Philippines,484,MEX,Mexico,False,X,2017,8542,89058727.0,False,True,UN_Comtrade_official_public_preview_reporter_query,2026-09-11T16:05:47+00:00
H4,608,PHL,Philippines,490,S19,"Other Asia, nes",False,X,2017,8542,1069713264.0,False,True,UN_Comtrade_official_public_preview_reporter_query,2026-09-11T16:05:47+00:00
H4,608,PHL,Philippines,496,MNG,Mongolia,False,X,2017,8542,1400.0,False,True,UN_Comtrade_official_public_preview_reporter_query,2026-09-11T16:05:47+00:00
H4,608,PHL,Philippines,499,MNE,Montenegro,False,X,2017,8542,32771.0,False,True,UN_Comtrade_official_public_preview_reporter_query,2026-09-11T16:05:47+00:00
H4,608,PHL,Philippines,504,MAR,Morocco,False,X,2017,8542,1144539.0,False,True,UN_Comtrade_official_public_preview_reporter_query,2026-09-11T16:05:47+00:00
H4,608,PHL,Philippines,512,OMN,Oman,False,X,2017,8542,2511.0,False,True,UN_Comtrade_official_public_preview_reporter_query,2026-09-11T16:05:47+00:00
H4,608,PHL,Philippines,528,NLD,Netherlands,False,X,2017,8542,992881884.0,False,True,UN_Comtrade_official_public_preview_reporter_query,2026-09-11T16:05:47+00:00
H4,608,PHL,Philippines,531,CUW,Curaçao,False,X,2017,8542,9061850.0,False,True,UN_Comtrade_official_public_preview_reporter_query,2026-09-11T16:05:47+00:00
H4,608,PHL,Philippines,554,NZL,New Zealand,False,X,2017,8542,1389013.0,False,True,UN_Comtrade_official_public_preview_reporter_query,2026-09-11T16:05:47+00:00
H4,608,PHL,Philippines,579,NOR,Norway,False,X,2017,8542,297877.0,False,True,UN_Comtrade_official_public_preview_reporter_query,2026-09-11T16:05:47+00:00
H4,608,PHL,Philippines,616,POL,Poland,False,X,2017,8542,14350404.0,False,True,UN_Comtrade_official_public_preview_reporter_query,2026-09-11T16:05:47+00:00
H4,608,PHL,Philippines,620,PRT,Portugal,False,X,2017,8542,3758378.0,False,True,UN_Comtrade_official_public_preview_reporter_query,2026-09-11T16:05:47+00:00
H4,608,PHL,Philippines,626,TLS,Timor-Leste,False,X,2017,8542,3500.0,False,True,UN_Comtrade_official_public_preview_reporter_query,2026-09-11T16:05:47+00:00
H4,608,PHL,Philippines,642,ROU,Romania,False,X,2017,8542,5570680.0,False,True,UN_Comtrade_official_public_preview_reporter_query,2026-09-11T16:05:47+00:00
H4,608,PHL,Philippines,643,RUS,Russian Federation,False,X,2017,8542,937241.0,False,True,UN_Comtrade_official_public_preview_reporter_query,2026-09-11T16:05:47+00:00
H4,608,PHL,Philippines,654,SHN,Saint Helena,False,X,2017,8542,11809.0,False,True,UN_Comtrade_official_public_preview_reporter_query,2026-09-11T16:05:47+00:00
H4,608,PHL,Philippines,682,SAU,Saudi Arabia,False,X,2017,8542,22014.0,False,True,UN_Comtrade_official_public_preview_reporter_query,2026-09-11T16:05:47+00:00
H4,608,PHL,Philippines,688,SRB,Serbia,False,X,2017,8542,1868.0,False,True,UN_Comtrade_official_public_preview_reporter_query,2026-09-11T16:05:47+00:00
H4,608,PHL,Philippines,699,IND,India,False,X,2017,8542,7537483.0,False,True,UN_Comtrade_official_public_preview_reporter_query,2026-09-11T16:05:47+00:00
H4,608,PHL,Philippines,702,SGP,Singapore,False,X,2017,8542,2048336056.0,False,True,UN_Comtrade_official_public_preview_reporter_query,2026-09-11T16:05:47+00:00
H4,608,PHL,Philippines,703,SVK,Slovakia,False,X,2017,8542,1165658.0,False,True,UN_Comtrade_official_public_preview_reporter_query,2026-09-11T16:05:47+00:00
H4,608,PHL,Philippines,704,VNM,Viet Nam,False,X,2017,8542,172263306.0,False,True,UN_Comtrade_official_public_preview_reporter_query,2026-09-11T16:05:47+00:00
H4,608,PHL,Philippines,705,SVN,Slovenia,False,X,2017,8542,376175.0,False,True,UN_Comtrade_official_public_preview_reporter_query,2026-09-11T16:05:47+00:00
H4,608,PHL,Philippines,710,ZAF,South Africa,False,X,2017,8542,744631.0,False,True,UN_Comtrade_official_public_preview_reporter_query,2026-09-11T16:05:47+00:00
H4,608,PHL,Philippines,724,ESP,Spain,False,X,2017,8542,565874.0,False,True,UN_Comtrade_official_public_preview_reporter_query,2026-09-11T16:05:47+00:00
H4,608,PHL,Philippines,752,SWE,Sweden,False,X,2017,8542,229903.0,False,True,UN_Comtrade_official_public_preview_reporter_query,2026-09-11T16:05:47+00:00
H4,608,PHL,Philippines,757,CHE,Switzerland,False,X,2017,8542,16413297.0,False,True,UN_Comtrade_official_public_preview_reporter_query,2026-09-11T16:05:47+00:00
H4,608,PHL,Philippines,764,THA,Thailand,False,X,2017,8542,285328043.0,False,True,UN_Comtrade_official_public_preview_reporter_query,2026-09-11T16:05:47+00:00
H4,608,PHL,Philippines,784,ARE,United Arab Emirates,False,X,2017,8542,10108.0,False,True,UN_Comtrade_official_public_preview_reporter_query,2026-09-11T16:05:47+00:00
H4,608,PHL,Philippines,788,TUN,Tunisia,False,X,2017,8542,1845070.0,False,True,UN_Comtrade_official_public_preview_reporter_query,2026-09-11T16:05:47+00:00
H4,608,PHL,Philippines,792,TUR,Türkiye,False,X,2017,8542,3800581.0,False,True,UN_Comtrade_official_public_preview_reporter_query,2026-09-11T16:05:47+00:00
H4,608,PHL,Philippines,800,UGA,Uganda,False,X,2017,8542,210.0,False,True,UN_Comtrade_official_public_preview_reporter_query,2026-09-11T16:05:47+00:00
H4,608,PHL,Philippines,804,UKR,Ukraine,False,X,2017,8542,7983.0,False,True,UN_Comtrade_official_public_preview_reporter_query,2026-09-11T16:05:47+00:00
H4,608,PHL,Philippines,807,MKD,North Macedonia,False,X,2017,8542,106.0,False,True,UN_Comtrade_official_public_preview_reporter_query,2026-09-11T16:05:47+00:00
H4,608,PHL,Philippines,818,EGY,Egypt,False,X,2017,8542,3382.0,False,True,UN_Comtrade_official_public_preview_reporter_query,2026-09-11T16:05:47+00:00
H4,608,PHL,Philippines,826,GBR,United Kingdom,False,X,2017,8542,11771715.0,False,True,UN_Comtrade_official_public_preview_reporter_query,2026-09-11T16:05:47+00:00
H4,608,PHL,Philippines,834,TZA,United Rep. of Tanzania,False,X,2017,8542,6516.0,False,True,UN_Comtrade_official_public_preview_reporter_query,2026-09-11T16:05:47+00:00
H4,608,PHL,Philippines,842,USA,USA,False,X,2017,8542,794200952.0,False,True,UN_Comtrade_official_public_preview_reporter_query,2026-09-11T16:05:47+00:00
H5,608,PHL,Philippines,8,ALB,Albania,False,M,2022,8542,18309.0,False,True,UN_Comtrade_official_public_preview_reporter_query,2026-09-11T16:05:47+00:00
H5,608,PHL,Philippines,12,DZA,Algeria,False,M,2022,8542,4010.0,False,True,UN_Comtrade_official_public_preview_reporter_query,2026-09-11T16:05:47+00:00
H5,608,PHL,Philippines,20,AND,Andorra,False,M,2022,8542,339.0,False,True,UN_Comtrade_official_public_preview_reporter_query,2026-09-11T16:05:47+00:00
H5,608,PHL,Philippines,32,ARG,Argentina,False,M,2022,8542,92596.0,False,True,UN_Comtrade_official_public_preview_reporter_query,2026-09-11T16:05:47+00:00
H5,608,PHL,Philippines,36,AUS,Australia,False,M,2022,8542,1061483.0,False,True,UN_Comtrade_official_public_preview_reporter_query,2026-09-11T16:05:47+00:00
H5,608,PHL,Philippines,40,AUT,Austria,False,M,2022,8542,50836328.0,False,True,UN_Comtrade_official_public_preview_reporter_query,2026-09-11T16:05:47+00:00
H5,608,PHL,Philippines,56,BEL,Belgium,False,M,2022,8542,91914175.0,False,True,UN_Comtrade_official_public_preview_reporter_query,2026-09-11T16:05:47+00:00
H5,608,PHL,Philippines,76,BRA,Brazil,False,M,2022,8542,3330167.0,False,True,UN_Comtrade_official_public_preview_reporter_query,2026-09-11T16:05:47+00:00
H5,608,PHL,Philippines,96,BRN,Brunei Darussalam,False,M,2022,8542,420.0,False,True,UN_Comtrade_official_public_preview_reporter_query,2026-09-11T16:05:47+00:00
H5,608,PHL,Philippines,100,BGR,Bulgaria,False,M,2022,8542,25390008.0,False,True,UN_Comtrade_official_public_preview_reporter_query,2026-09-11T16:05:47+00:00
H5,608,PHL,Philippines,104,MMR,Myanmar,False,M,2022,8542,11017.0,False,True,UN_Comtrade_official_public_preview_reporter_query,2026-09-11T16:05:47+00:00
H5,608,PHL,Philippines,116,KHM,Cambodia,False,M,2022,8542,6453.0,False,True,UN_Comtrade_official_public_preview_reporter_query,2026-09-11T16:05:47+00:00
H5,608,PHL,Philippines,120,CMR,Cameroon,False,M,2022,8542,336.0,False,True,UN_Comtrade_official_public_preview_reporter_query,2026-09-11T16:05:47+00:00
H5,608,PHL,Philippines,124,CAN,Canada,False,M,2022,8542,4538268.0,False,True,UN_Comtrade_official_public_preview_reporter_query,2026-09-11T16:05:47+00:00
H5,608,PHL,Philippines,132,CPV,Cabo Verde,False,M,2022,8542,897.0,False,True,UN_Comtrade_official_public_preview_reporter_query,2026-09-11T16:05:47+00:00
H5,608,PHL,Philippines,144,LKA,Sri Lanka,False,M,2022,8542,2914.0,False,True,UN_Comtrade_official_public_preview_reporter_query,2026-09-11T16:05:47+00:00
H5,608,PHL,Philippines,156,CHN,China,False,M,2022,8542,1551573292.0,False,True,UN_Comtrade_official_public_preview_reporter_query,2026-09-11T16:05:47+00:00
H5,608,PHL,Philippines,188,CRI,Costa Rica,False,M,2022,8542,34465.0,False,True,UN_Comtrade_official_public_preview_reporter_query,2026-09-11T16:05:47+00:00
H5,608,PHL,Philippines,191,HRV,Croatia,False,M,2022,8542,525.0,False,True,UN_Comtrade_official_public_preview_reporter_query,2026-09-11T16:05:47+00:00
H5,608,PHL,Philippines,203,CZE,Czechia,False,M,2022,8542,42175098.0,False,True,UN_Comtrade_official_public_preview_reporter_query,2026-09-11T16:05:47+00:00
H5,608,PHL,Philippines,208,DNK,Denmark,False,M,2022,8542,642739.0,False,True,UN_Comtrade_official_public_preview_reporter_query,2026-09-11T16:05:47+00:00
H5,608,PHL,Philippines,222,SLV,El Salvador,False,M,2022,8542,1743.0,False,True,UN_Comtrade_official_public_preview_reporter_query,2026-09-11T16:05:47+00:00
H5,608,PHL,Philippines,233,EST,Estonia,False,M,2022,8542,2067.0,False,True,UN_Comtrade_official_public_preview_reporter_query,2026-09-11T16:05:47+00:00
H5,608,PHL,Philippines,246,FIN,Finland,False,M,2022,8542,38931.0,False,True,UN_Comtrade_official_public_preview_reporter_query,2026-09-11T16:05:47+00:00
H5,608,PHL,Philippines,251,FRA,France,False,M,2022,8542,105618355.0,False,True,UN_Comtrade_official_public_preview_reporter_query,2026-09-11T16:05:47+00:00
H5,608,PHL,Philippines,276,DEU,Germany,False,M,2022,8542,372271308.0,False,True,UN_Comtrade_official_public_preview_reporter_query,2026-09-11T16:05:47+00:00
H5,608,PHL,Philippines,300,GRC,Greece,False,M,2022,8542,798.0,False,True,UN_Comtrade_official_public_preview_reporter_query,2026-09-11T16:05:47+00:00
H5,608,PHL,Philippines,344,HKG,"China, Hong Kong SAR",False,M,2022,8542,687246862.0,False,True,UN_Comtrade_official_public_preview_reporter_query,2026-09-11T16:05:47+00:00
H5,608,PHL,Philippines,348,HUN,Hungary,False,M,2022,8542,206865.0,False,True,UN_Comtrade_official_public_preview_reporter_query,2026-09-11T16:05:47+00:00
H5,608,PHL,Philippines,360,IDN,Indonesia,False,M,2022,8542,1094531.0,False,True,UN_Comtrade_official_public_preview_reporter_query,2026-09-11T16:05:47+00:00
H5,608,PHL,Philippines,372,IRL,Ireland,False,M,2022,8542,21469088.0,False,True,UN_Comtrade_official_public_preview_reporter_query,2026-09-11T16:05:47+00:00
H5,608,PHL,Philippines,376,ISR,Israel,False,M,2022,8542,61740359.0,False,True,UN_Comtrade_official_public_preview_reporter_query,2026-09-11T16:05:47+00:00
H5,608,PHL,Philippines,380,ITA,Italy,False,M,2022,8542,176320485.0,False,True,UN_Comtrade_official_public_preview_reporter_query,2026-09-11T16:05:47+00:00
H5,608,PHL,Philippines,392,JPN,Japan,False,M,2022,8542,1673443852.0,False,True,UN_Comtrade_official_public_preview_reporter_query,2026-09-11T16:05:47+00:00
H5,608,PHL,Philippines,410,KOR,Rep. of Korea,False,M,2022,8542,3874873365.0,False,True,UN_Comtrade_official_public_preview_reporter_query,2026-09-11T16:05:47+00:00
H5,608,PHL,Philippines,428,LVA,Latvia,False,M,2022,8542,2096.0,False,True,UN_Comtrade_official_public_preview_reporter_query,2026-09-11T16:05:47+00:00
H5,608,PHL,Philippines,440,LTU,Lithuania,False,M,2022,8542,25286.0,False,True,UN_Comtrade_official_public_preview_reporter_query,2026-09-11T16:05:47+00:00
H5,608,PHL,Philippines,442,LUX,Luxembourg,False,M,2022,8542,89.0,False,True,UN_Comtrade_official_public_preview_reporter_query,2026-09-11T16:05:47+00:00
H5,608,PHL,Philippines,446,MAC,"China, Macao SAR",False,M,2022,8542,84043.0,False,True,UN_Comtrade_official_public_preview_reporter_query,2026-09-11T16:05:47+00:00
H5,608,PHL,Philippines,458,MYS,Malaysia,False,M,2022,8542,732027092.0,False,True,UN_Comtrade_official_public_preview_reporter_query,2026-09-11T16:05:47+00:00
H5,608,PHL,Philippines,470,MLT,Malta,False,M,2022,8542,2777726.0,False,True,UN_Comtrade_official_public_preview_reporter_query,2026-09-11T16:05:47+00:00
H5,608,PHL,Philippines,480,MUS,Mauritius,False,M,2022,8542,53.0,False,True,UN_Comtrade_official_public_preview_reporter_query,2026-09-11T16:05:47+00:00
H5,608,PHL,Philippines,484,MEX,Mexico,False,M,2022,8542,6213178.0,False,True,UN_Comtrade_official_public_preview_reporter_query,2026-09-11T16:05:47+00:00
H5,608,PHL,Philippines,490,S19,"Other Asia, nes",False,M,2022,8542,3866647283.0,False,True,UN_Comtrade_official_public_preview_reporter_query,2026-09-11T16:05:47+00:00
H5,608,PHL,Philippines,504,MAR,Morocco,False,M,2022,8542,261053.0,False,True,UN_Comtrade_official_public_preview_reporter_query,2026-09-11T16:05:47+00:00
H5,608,PHL,Philippines,528,NLD,Netherlands,False,M,2022,8542,19453411.0,False,True,UN_Comtrade_official_public_preview_reporter_query,2026-09-11T16:05:47+00:00
H5,608,PHL,Philippines,554,NZL,New Zealand,False,M,2022,8542,11268.0,False,True,UN_Comtrade_official_public_preview_reporter_query,2026-09-11T16:05:47+00:00
H5,608,PHL,Philippines,562,NER,Niger,False,M,2022,8542,4392.0,False,True,UN_Comtrade_official_public_preview_reporter_query,2026-09-11T16:05:47+00:00
H5,608,PHL,Philippines,579,NOR,Norway,False,M,2022,8542,11064330.0,False,True,UN_Comtrade_official_public_preview_reporter_query,2026-09-11T16:05:47+00:00
H5,608,PHL,Philippines,616,POL,Poland,False,M,2022,8542,26233.0,False,True,UN_Comtrade_official_public_preview_reporter_query,2026-09-11T16:05:47+00:00
H5,608,PHL,Philippines,620,PRT,Portugal,False,M,2022,8542,279813.0,False,True,UN_Comtrade_official_public_preview_reporter_query,2026-09-11T16:05:47+00:00
H5,608,PHL,Philippines,642,ROU,Romania,False,M,2022,8542,271370.0,False,True,UN_Comtrade_official_public_preview_reporter_query,2026-09-11T16:05:47+00:00
H5,608,PHL,Philippines,643,RUS,Russian Federation,False,M,2022,8542,2400815.0,False,True,UN_Comtrade_official_public_preview_reporter_query,2026-09-11T16:05:47+00:00
H5,608,PHL,Philippines,654,SHN,Saint Helena,False,M,2022,8542,2249.0,False,True,UN_Comtrade_official_public_preview_reporter_query,2026-09-11T16:05:47+00:00
H5,608,PHL,Philippines,699,IND,India,False,M,2022,8542,306557.0,False,True,UN_Comtrade_official_public_preview_reporter_query,2026-09-11T16:05:47+00:00
H5,608,PHL,Philippines,702,SGP,Singapore,False,M,2022,8542,1452752151.0,False,True,UN_Comtrade_official_public_preview_reporter_query,2026-09-11T16:05:47+00:00
H5,608,PHL,Philippines,703,SVK,Slovakia,False,M,2022,8542,209388.0,False,True,UN_Comtrade_official_public_preview_reporter_query,2026-09-11T16:05:47+00:00
H5,608,PHL,Philippines,704,VNM,Viet Nam,False,M,2022,8542,5282912.0,False,True,UN_Comtrade_official_public_preview_reporter_query,2026-09-11T16:05:47+00:00
H5,608,PHL,Philippines,705,SVN,Slovenia,False,M,2022,8542,216004.0,False,True,UN_Comtrade_official_public_preview_reporter_query,2026-09-11T16:05:47+00:00
H5,608,PHL,Philippines,710,ZAF,South Africa,False,M,2022,8542,206018.0,False,True,UN_Comtrade_official_public_preview_reporter_query,2026-09-11T16:05:47+00:00
H5,608,PHL,Philippines,724,ESP,Spain,False,M,2022,8542,128483.0,False,True,UN_Comtrade_official_public_preview_reporter_query,2026-09-11T16:05:47+00:00
H5,608,PHL,Philippines,752,SWE,Sweden,False,M,2022,8542,109194.0,False,True,UN_Comtrade_official_public_preview_reporter_query,2026-09-11T16:05:47+00:00
H5,608,PHL,Philippines,757,CHE,Switzerland,False,M,2022,8542,13624645.0,False,True,UN_Comtrade_official_public_preview_reporter_query,2026-09-11T16:05:47+00:00
H5,608,PHL,Philippines,764,THA,Thailand,False,M,2022,8542,600941466.0,False,True,UN_Comtrade_official_public_preview_reporter_query,2026-09-11T16:05:47+00:00
H5,608,PHL,Philippines,784,ARE,United Arab Emirates,False,M,2022,8542,292.0,False,True,UN_Comtrade_official_public_preview_reporter_query,2026-09-11T16:05:47+00:00
H5,608,PHL,Philippines,792,TUR,Türkiye,False,M,2022,8542,1400.0,False,True,UN_Comtrade_official_public_preview_reporter_query,2026-09-11T16:05:47+00:00
H5,608,PHL,Philippines,804,UKR,Ukraine,False,M,2022,8542,2310.0,False,True,UN_Comtrade_official_public_preview_reporter_query,2026-09-11T16:05:47+00:00
H5,608,PHL,Philippines,818,EGY,Egypt,False,M,2022,8542,146.0,False,True,UN_Comtrade_official_public_preview_reporter_query,2026-09-11T16:05:47+00:00
H5,608,PHL,Philippines,826,GBR,United Kingdom,False,M,2022,8542,74843887.0,False,True,UN_Comtrade_official_public_preview_reporter_query,2026-09-11T16:05:47+00:00
H5,608,PHL,Philippines,842,USA,USA,False,M,2022,8542,1729586393.0,False,True,UN_Comtrade_official_public_preview_reporter_query,2026-09-11T16:05:47+00:00
H5,608,PHL,Philippines,32,ARG,Argentina,False,X,2022,8542,19064.0,False,True,UN_Comtrade_official_public_preview_reporter_query,2026-09-11T16:05:47+00:00
H5,608,PHL,Philippines,36,AUS,Australia,False,X,2022,8542,10646237.0,False,True,UN_Comtrade_official_public_preview_reporter_query,2026-09-11T16:05:47+00:00
H5,608,PHL,Philippines,40,AUT,Austria,False,X,2022,8542,101982048.0,False,True,UN_Comtrade_official_public_preview_reporter_query,2026-09-11T16:05:47+00:00
H5,608,PHL,Philippines,50,BGD,Bangladesh,False,X,2022,8542,4276.0,False,True,UN_Comtrade_official_public_preview_reporter_query,2026-09-11T16:05:47+00:00
H5,608,PHL,Philippines,56,BEL,Belgium,False,X,2022,8542,79612931.0,False,True,UN_Comtrade_official_public_preview_reporter_query,2026-09-11T16:05:47+00:00
H5,608,PHL,Philippines,70,BIH,Bosnia Herzegovina,False,X,2022,8542,29003.0,False,True,UN_Comtrade_official_public_preview_reporter_query,2026-09-11T16:05:47+00:00
H5,608,PHL,Philippines,76,BRA,Brazil,False,X,2022,8542,17925427.0,False,True,UN_Comtrade_official_public_preview_reporter_query,2026-09-11T16:05:47+00:00
H5,608,PHL,Philippines,90,SLB,Solomon Isds,False,X,2022,8542,12159.0,False,True,UN_Comtrade_official_public_preview_reporter_query,2026-09-11T16:05:47+00:00
H5,608,PHL,Philippines,96,BRN,Brunei Darussalam,False,X,2022,8542,5649.0,False,True,UN_Comtrade_official_public_preview_reporter_query,2026-09-11T16:05:47+00:00
H5,608,PHL,Philippines,100,BGR,Bulgaria,False,X,2022,8542,69452196.0,False,True,UN_Comtrade_official_public_preview_reporter_query,2026-09-11T16:05:47+00:00
H5,608,PHL,Philippines,104,MMR,Myanmar,False,X,2022,8542,13001.0,False,True,UN_Comtrade_official_public_preview_reporter_query,2026-09-11T16:05:47+00:00
H5,608,PHL,Philippines,116,KHM,Cambodia,False,X,2022,8542,579808.0,False,True,UN_Comtrade_official_public_preview_reporter_query,2026-09-11T16:05:47+00:00
H5,608,PHL,Philippines,120,CMR,Cameroon,False,X,2022,8542,7480.0,False,True,UN_Comtrade_official_public_preview_reporter_query,2026-09-11T16:05:47+00:00
H5,608,PHL,Philippines,124,CAN,Canada,False,X,2022,8542,36523074.0,False,True,UN_Comtrade_official_public_preview_reporter_query,2026-09-11T16:05:47+00:00
H5,608,PHL,Philippines,144,LKA,Sri Lanka,False,X,2022,8542,2158.0,False,True,UN_Comtrade_official_public_preview_reporter_query,2026-09-11T16:05:47+00:00
H5,608,PHL,Philippines,152,CHL,Chile,False,X,2022,8542,5263.0,False,True,UN_Comtrade_official_public_preview_reporter_query,2026-09-11T16:05:47+00:00
H5,608,PHL,Philippines,156,CHN,China,False,X,2022,8542,3709961001.0,False,True,UN_Comtrade_official_public_preview_reporter_query,2026-09-11T16:05:47+00:00
H5,608,PHL,Philippines,170,COL,Colombia,False,X,2022,8542,65092.0,False,True,UN_Comtrade_official_public_preview_reporter_query,2026-09-11T16:05:47+00:00
H5,608,PHL,Philippines,188,CRI,Costa Rica,False,X,2022,8542,631309.0,False,True,UN_Comtrade_official_public_preview_reporter_query,2026-09-11T16:05:47+00:00
H5,608,PHL,Philippines,191,HRV,Croatia,False,X,2022,8542,11775.0,False,True,UN_Comtrade_official_public_preview_reporter_query,2026-09-11T16:05:47+00:00
H5,608,PHL,Philippines,196,CYP,Cyprus,False,X,2022,8542,797336.0,False,True,UN_Comtrade_official_public_preview_reporter_query,2026-09-11T16:05:47+00:00
H5,608,PHL,Philippines,203,CZE,Czechia,False,X,2022,8542,67073646.0,False,True,UN_Comtrade_official_public_preview_reporter_query,2026-09-11T16:05:47+00:00
H5,608,PHL,Philippines,208,DNK,Denmark,False,X,2022,8542,9403139.0,False,True,UN_Comtrade_official_public_preview_reporter_query,2026-09-11T16:05:47+00:00
H5,608,PHL,Philippines,214,DOM,Dominican Rep.,False,X,2022,8542,11406.0,False,True,UN_Comtrade_official_public_preview_reporter_query,2026-09-11T16:05:47+00:00
H5,608,PHL,Philippines,233,EST,Estonia,False,X,2022,8542,302171.0,False,True,UN_Comtrade_official_public_preview_reporter_query,2026-09-11T16:05:47+00:00
H5,608,PHL,Philippines,242,FJI,Fiji,False,X,2022,8542,661.0,False,True,UN_Comtrade_official_public_preview_reporter_query,2026-09-11T16:05:47+00:00
H5,608,PHL,Philippines,246,FIN,Finland,False,X,2022,8542,3913064.0,False,True,UN_Comtrade_official_public_preview_reporter_query,2026-09-11T16:05:47+00:00
H5,608,PHL,Philippines,251,FRA,France,False,X,2022,8542,427522548.0,False,True,UN_Comtrade_official_public_preview_reporter_query,2026-09-11T16:05:47+00:00
H5,608,PHL,Philippines,276,DEU,Germany,False,X,2022,8542,1249591037.0,False,True,UN_Comtrade_official_public_preview_reporter_query,2026-09-11T16:05:47+00:00
H5,608,PHL,Philippines,304,GRL,Greenland,False,X,2022,8542,23374.0,False,True,UN_Comtrade_official_public_preview_reporter_query,2026-09-11T16:05:47+00:00
H5,608,PHL,Philippines,316,GUM,Guam,False,X,2022,8542,39.0,False,True,UN_Comtrade_official_public_preview_reporter_query,2026-09-11T16:05:47+00:00
H5,608,PHL,Philippines,328,GUY,Guyana,False,X,2022,8542,4200.0,False,True,UN_Comtrade_official_public_preview_reporter_query,2026-09-11T16:05:47+00:00
H5,608,PHL,Philippines,334,HMD,Heard Island and McDonald Islands,False,X,2022,8542,275545.0,False,True,UN_Comtrade_official_public_preview_reporter_query,2026-09-11T16:05:47+00:00
H5,608,PHL,Philippines,340,HND,Honduras,False,X,2022,8542,57038.0,False,True,UN_Comtrade_official_public_preview_reporter_query,2026-09-11T16:05:47+00:00
H5,608,PHL,Philippines,344,HKG,"China, Hong Kong SAR",False,X,2022,8542,7762562471.0,False,True,UN_Comtrade_official_public_preview_reporter_query,2026-09-11T16:05:47+00:00
H5,608,PHL,Philippines,348,HUN,Hungary,False,X,2022,8542,67770310.0,False,True,UN_Comtrade_official_public_preview_reporter_query,2026-09-11T16:05:47+00:00
H5,608,PHL,Philippines,352,ISL,Iceland,False,X,2022,8542,134049.0,False,True,UN_Comtrade_official_public_preview_reporter_query,2026-09-11T16:05:47+00:00
H5,608,PHL,Philippines,360,IDN,Indonesia,False,X,2022,8542,5937813.0,False,True,UN_Comtrade_official_public_preview_reporter_query,2026-09-11T16:05:47+00:00
H5,608,PHL,Philippines,372,IRL,Ireland,False,X,2022,8542,146550281.0,False,True,UN_Comtrade_official_public_preview_reporter_query,2026-09-11T16:05:47+00:00
H5,608,PHL,Philippines,376,ISR,Israel,False,X,2022,8542,63310246.0,False,True,UN_Comtrade_official_public_preview_reporter_query,2026-09-11T16:05:47+00:00
H5,608,PHL,Philippines,380,ITA,Italy,False,X,2022,8542,14783982.0,False,True,UN_Comtrade_official_public_preview_reporter_query,2026-09-11T16:05:47+00:00
H5,608,PHL,Philippines,392,JPN,Japan,False,X,2022,8542,1996196042.0,False,True,UN_Comtrade_official_public_preview_reporter_query,2026-09-11T16:05:47+00:00
H5,608,PHL,Philippines,398,KAZ,Kazakhstan,False,X,2022,8542,615.0,False,True,UN_Comtrade_official_public_preview_reporter_query,2026-09-11T16:05:47+00:00
H5,608,PHL,Philippines,408,PRK,Dem. People's Rep. of Korea,False,X,2022,8542,16068.0,False,True,UN_Comtrade_official_public_preview_reporter_query,2026-09-11T16:05:47+00:00
H5,608,PHL,Philippines,410,KOR,Rep. of Korea,False,X,2022,8542,922107336.0,False,True,UN_Comtrade_official_public_preview_reporter_query,2026-09-11T16:05:47+00:00
H5,608,PHL,Philippines,428,LVA,Latvia,False,X,2022,8542,119603.0,False,True,UN_Comtrade_official_public_preview_reporter_query,2026-09-11T16:05:47+00:00
H5,608,PHL,Philippines,440,LTU,Lithuania,False,X,2022,8542,755370.0,False,True,UN_Comtrade_official_public_preview_reporter_query,2026-09-11T16:05:47+00:00
H5,608,PHL,Philippines,442,LUX,Luxembourg,False,X,2022,8542,2154140.0,False,True,UN_Comtrade_official_public_preview_reporter_query,2026-09-11T16:05:47+00:00
H5,608,PHL,Philippines,446,MAC,"China, Macao SAR",False,X,2022,8542,9210749.0,False,True,UN_Comtrade_official_public_preview_reporter_query,2026-09-11T16:05:47+00:00
H5,608,PHL,Philippines,454,MWI,Malawi,False,X,2022,8542,4505.0,False,True,UN_Comtrade_official_public_preview_reporter_query,2026-09-11T16:05:47+00:00
H5,608,PHL,Philippines,458,MYS,Malaysia,False,X,2022,8542,890433549.0,False,True,UN_Comtrade_official_public_preview_reporter_query,2026-09-11T16:05:47+00:00
H5,608,PHL,Philippines,462,MDV,Maldives,False,X,2022,8542,735.0,False,True,UN_Comtrade_official_public_preview_reporter_query,2026-09-11T16:05:47+00:00
H5,608,PHL,Philippines,470,MLT,Malta,False,X,2022,8542,34893349.0,False,True,UN_Comtrade_official_public_preview_reporter_query,2026-09-11T16:05:47+00:00
H5,608,PHL,Philippines,484,MEX,Mexico,False,X,2022,8542,349195857.0,False,True,UN_Comtrade_official_public_preview_reporter_query,2026-09-11T16:05:47+00:00
H5,608,PHL,Philippines,490,S19,"Other Asia, nes",False,X,2022,8542,1889151804.0,False,True,UN_Comtrade_official_public_preview_reporter_query,2026-09-11T16:05:47+00:00
H5,608,PHL,Philippines,498,MDA,Rep. of Moldova,False,X,2022,8542,266.0,False,True,UN_Comtrade_official_public_preview_reporter_query,2026-09-11T16:05:47+00:00
H5,608,PHL,Philippines,504,MAR,Morocco,False,X,2022,8542,2128739.0,False,True,UN_Comtrade_official_public_preview_reporter_query,2026-09-11T16:05:47+00:00
H5,608,PHL,Philippines,512,OMN,Oman,False,X,2022,8542,6700.0,False,True,UN_Comtrade_official_public_preview_reporter_query,2026-09-11T16:05:47+00:00
H5,608,PHL,Philippines,528,NLD,Netherlands,False,X,2022,8542,1263868784.0,False,True,UN_Comtrade_official_public_preview_reporter_query,2026-09-11T16:05:47+00:00
H5,608,PHL,Philippines,531,CUW,Curaçao,False,X,2022,8542,35186792.0,False,True,UN_Comtrade_official_public_preview_reporter_query,2026-09-11T16:05:47+00:00
H5,608,PHL,Philippines,554,NZL,New Zealand,False,X,2022,8542,1612036.0,False,True,UN_Comtrade_official_public_preview_reporter_query,2026-09-11T16:05:47+00:00
H5,608,PHL,Philippines,579,NOR,Norway,False,X,2022,8542,104776.0,False,True,UN_Comtrade_official_public_preview_reporter_query,2026-09-11T16:05:47+00:00
H5,608,PHL,Philippines,580,MNP,N. Mariana Isds,False,X,2022,8542,7430.0,False,True,UN_Comtrade_official_public_preview_reporter_query,2026-09-11T16:05:47+00:00
H5,608,PHL,Philippines,581,UMI,United States Minor Outlying Islands,False,X,2022,8542,6595765.0,False,True,UN_Comtrade_official_public_preview_reporter_query,2026-09-11T16:05:47+00:00
H5,608,PHL,Philippines,583,FSM,FS Micronesia,False,X,2022,8542,1500.0,False,True,UN_Comtrade_official_public_preview_reporter_query,2026-09-11T16:05:47+00:00
H5,608,PHL,Philippines,586,PAK,Pakistan,False,X,2022,8542,336.0,False,True,UN_Comtrade_official_public_preview_reporter_query,2026-09-11T16:05:47+00:00
H5,608,PHL,Philippines,598,PNG,Papua New Guinea,False,X,2022,8542,17153.0,False,True,UN_Comtrade_official_public_preview_reporter_query,2026-09-11T16:05:47+00:00
H5,608,PHL,Philippines,604,PER,Peru,False,X,2022,8542,37479.0,False,True,UN_Comtrade_official_public_preview_reporter_query,2026-09-11T16:05:47+00:00
H5,608,PHL,Philippines,616,POL,Poland,False,X,2022,8542,27289513.0,False,True,UN_Comtrade_official_public_preview_reporter_query,2026-09-11T16:05:47+00:00
H5,608,PHL,Philippines,620,PRT,Portugal,False,X,2022,8542,16471416.0,False,True,UN_Comtrade_official_public_preview_reporter_query,2026-09-11T16:05:47+00:00
H5,608,PHL,Philippines,634,QAT,Qatar,False,X,2022,8542,1491.0,False,True,UN_Comtrade_official_public_preview_reporter_query,2026-09-11T16:05:47+00:00
H5,608,PHL,Philippines,642,ROU,Romania,False,X,2022,8542,24730002.0,False,True,UN_Comtrade_official_public_preview_reporter_query,2026-09-11T16:05:47+00:00
H5,608,PHL,Philippines,643,RUS,Russian Federation,False,X,2022,8542,3167660.0,False,True,UN_Comtrade_official_public_preview_reporter_query,2026-09-11T16:05:47+00:00
H5,608,PHL,Philippines,682,SAU,Saudi Arabia,False,X,2022,8542,1528896.0,False,True,UN_Comtrade_official_public_preview_reporter_query,2026-09-11T16:05:47+00:00
H5,608,PHL,Philippines,688,SRB,Serbia,False,X,2022,8542,296310.0,False,True,UN_Comtrade_official_public_preview_reporter_query,2026-09-11T16:05:47+00:00
H5,608,PHL,Philippines,699,IND,India,False,X,2022,8542,90188089.0,False,True,UN_Comtrade_official_public_preview_reporter_query,2026-09-11T16:05:47+00:00
H5,608,PHL,Philippines,702,SGP,Singapore,False,X,2022,8542,3618739277.0,False,True,UN_Comtrade_official_public_preview_reporter_query,2026-09-11T16:05:47+00:00
H5,608,PHL,Philippines,703,SVK,Slovakia,False,X,2022,8542,15657424.0,False,True,UN_Comtrade_official_public_preview_reporter_query,2026-09-11T16:05:47+00:00
H5,608,PHL,Philippines,704,VNM,Viet Nam,False,X,2022,8542,611395358.0,False,True,UN_Comtrade_official_public_preview_reporter_query,2026-09-11T16:05:47+00:00
H5,608,PHL,Philippines,705,SVN,Slovenia,False,X,2022,8542,54014.0,False,True,UN_Comtrade_official_public_preview_reporter_query,2026-09-11T16:05:47+00:00
H5,608,PHL,Philippines,710,ZAF,South Africa,False,X,2022,8542,7295707.0,False,True,UN_Comtrade_official_public_preview_reporter_query,2026-09-11T16:05:47+00:00
H5,608,PHL,Philippines,724,ESP,Spain,False,X,2022,8542,4000187.0,False,True,UN_Comtrade_official_public_preview_reporter_query,2026-09-11T16:05:47+00:00
H5,608,PHL,Philippines,732,ESH,Western Sahara,False,X,2022,8542,333438.0,False,True,UN_Comtrade_official_public_preview_reporter_query,2026-09-11T16:05:47+00:00
H5,608,PHL,Philippines,752,SWE,Sweden,False,X,2022,8542,6786201.0,False,True,UN_Comtrade_official_public_preview_reporter_query,2026-09-11T16:05:47+00:00
H5,608,PHL,Philippines,757,CHE,Switzerland,False,X,2022,8542,26838686.0,False,True,UN_Comtrade_official_public_preview_reporter_query,2026-09-11T16:05:47+00:00
H5,608,PHL,Philippines,762,TJK,Tajikistan,False,X,2022,8542,356.0,False,True,UN_Comtrade_official_public_preview_reporter_query,2026-09-11T16:05:47+00:00
H5,608,PHL,Philippines,764,THA,Thailand,False,X,2022,8542,680173271.0,False,True,UN_Comtrade_official_public_preview_reporter_query,2026-09-11T16:05:47+00:00
H5,608,PHL,Philippines,768,TGO,Togo,False,X,2022,8542,15359.0,False,True,UN_Comtrade_official_public_preview_reporter_query,2026-09-11T16:05:47+00:00
H5,608,PHL,Philippines,784,ARE,United Arab Emirates,False,X,2022,8542,494465.0,False,True,UN_Comtrade_official_public_preview_reporter_query,2026-09-11T16:05:47+00:00
H5,608,PHL,Philippines,788,TUN,Tunisia,False,X,2022,8542,3812425.0,False,True,UN_Comtrade_official_public_preview_reporter_query,2026-09-11T16:05:47+00:00
H5,608,PHL,Philippines,792,TUR,Türkiye,False,X,2022,8542,4970767.0,False,True,UN_Comtrade_official_public_preview_reporter_query,2026-09-11T16:05:47+00:00
H5,608,PHL,Philippines,804,UKR,Ukraine,False,X,2022,8542,198482.0,False,True,UN_Comtrade_official_public_preview_reporter_query,2026-09-11T16:05:47+00:00
H5,608,PHL,Philippines,807,MKD,North Macedonia,False,X,2022,8542,3343546.0,False,True,UN_Comtrade_official_public_preview_reporter_query,2026-09-11T16:05:47+00:00
H5,608,PHL,Philippines,818,EGY,Egypt,False,X,2022,8542,1237413.0,False,True,UN_Comtrade_official_public_preview_reporter_query,2026-09-11T16:05:47+00:00
H5,608,PHL,Philippines,826,GBR,United Kingdom,False,X,2022,8542,90539076.0,False,True,UN_Comtrade_official_public_preview_reporter_query,2026-09-11T16:05:47+00:00
H5,608,PHL,Philippines,842,USA,USA,False,X,2022,8542,2452625837.0,False,True,UN_Comtrade_official_public_preview_reporter_query,2026-09-11T16:05:47+00:00
H5,392,JPN,Japan,36,AUS,Australia,False,M,2017,8542,27936.069,False,True,UN_Comtrade_official_public_preview_reporter_query,2026-09-11T16:05:47+00:00
H5,392,JPN,Japan,40,AUT,Austria,False,M,2017,8542,8191436.492,False,True,UN_Comtrade_official_public_preview_reporter_query,2026-09-11T16:05:47+00:00
H5,392,JPN,Japan,56,BEL,Belgium,False,M,2017,8542,34076093.772,False,True,UN_Comtrade_official_public_preview_reporter_query,2026-09-11T16:05:47+00:00
H5,392,JPN,Japan,76,BRA,Brazil,False,M,2017,8542,105183.666,False,True,UN_Comtrade_official_public_preview_reporter_query,2026-09-11T16:05:47+00:00
H5,392,JPN,Japan,100,BGR,Bulgaria,False,M,2017,8542,270518.127,False,True,UN_Comtrade_official_public_preview_reporter_query,2026-09-11T16:05:47+00:00
H5,392,JPN,Japan,120,CMR,Cameroon,False,M,2017,8542,205366.651,False,True,UN_Comtrade_official_public_preview_reporter_query,2026-09-11T16:05:47+00:00
H5,392,JPN,Japan,124,CAN,Canada,False,M,2017,8542,34111285.731,False,True,UN_Comtrade_official_public_preview_reporter_query,2026-09-11T16:05:47+00:00
H5,392,JPN,Japan,156,CHN,China,False,M,2017,8542,1726150797.982,False,True,UN_Comtrade_official_public_preview_reporter_query,2026-09-11T16:05:47+00:00
H5,392,JPN,Japan,188,CRI,Costa Rica,False,M,2017,8542,1292011.973,False,True,UN_Comtrade_official_public_preview_reporter_query,2026-09-11T16:05:47+00:00
H5,392,JPN,Japan,203,CZE,Czechia,False,M,2017,8542,12329870.003,False,True,UN_Comtrade_official_public_preview_reporter_query,2026-09-11T16:05:47+00:00
H5,392,JPN,Japan,208,DNK,Denmark,False,M,2017,8542,770702.114,False,True,UN_Comtrade_official_public_preview_reporter_query,2026-09-11T16:05:47+00:00
H5,392,JPN,Japan,246,FIN,Finland,False,M,2017,8542,197442.22,False,True,UN_Comtrade_official_public_preview_reporter_query,2026-09-11T16:05:47+00:00
H5,392,JPN,Japan,251,FRA,France,False,M,2017,8542,48751853.684,False,True,UN_Comtrade_official_public_preview_reporter_query,2026-09-11T16:05:47+00:00
H5,392,JPN,Japan,276,DEU,Germany,False,M,2017,8542,174537086.665,False,True,UN_Comtrade_official_public_preview_reporter_query,2026-09-11T16:05:47+00:00
H5,392,JPN,Japan,300,GRC,Greece,False,M,2017,8542,797247.619,False,True,UN_Comtrade_official_public_preview_reporter_query,2026-09-11T16:05:47+00:00
H5,392,JPN,Japan,344,HKG,"China, Hong Kong SAR",False,M,2017,8542,10602058.925,False,True,UN_Comtrade_official_public_preview_reporter_query,2026-09-11T16:05:47+00:00
H5,392,JPN,Japan,348,HUN,Hungary,False,M,2017,8542,257842.604,False,True,UN_Comtrade_official_public_preview_reporter_query,2026-09-11T16:05:47+00:00
H5,392,JPN,Japan,360,IDN,Indonesia,False,M,2017,8542,61534512.628,False,True,UN_Comtrade_official_public_preview_reporter_query,2026-09-11T16:05:47+00:00
H5,392,JPN,Japan,372,IRL,Ireland,False,M,2017,8542,517058513.708,False,True,UN_Comtrade_official_public_preview_reporter_query,2026-09-11T16:05:47+00:00
H5,392,JPN,Japan,376,ISR,Israel,False,M,2017,8542,60470303.516,False,True,UN_Comtrade_official_public_preview_reporter_query,2026-09-11T16:05:47+00:00
H5,392,JPN,Japan,380,ITA,Italy,False,M,2017,8542,126787009.347,False,True,UN_Comtrade_official_public_preview_reporter_query,2026-09-11T16:05:47+00:00
H5,392,JPN,Japan,410,KOR,Rep. of Korea,False,M,2017,8542,1708989628.266,False,True,UN_Comtrade_official_public_preview_reporter_query,2026-09-11T16:05:47+00:00
H5,392,JPN,Japan,428,LVA,Latvia,False,M,2017,8542,2986.146,False,True,UN_Comtrade_official_public_preview_reporter_query,2026-09-11T16:05:47+00:00
H5,392,JPN,Japan,440,LTU,Lithuania,False,M,2017,8542,4858.059,False,True,UN_Comtrade_official_public_preview_reporter_query,2026-09-11T16:05:47+00:00
H5,392,JPN,Japan,454,MWI,Malawi,False,M,2017,8542,7683.756,False,True,UN_Comtrade_official_public_preview_reporter_query,2026-09-11T16:05:47+00:00
H5,392,JPN,Japan,458,MYS,Malaysia,False,M,2017,8542,769808837.33,False,True,UN_Comtrade_official_public_preview_reporter_query,2026-09-11T16:05:47+00:00
H5,392,JPN,Japan,470,MLT,Malta,False,M,2017,8542,698678.044,False,True,UN_Comtrade_official_public_preview_reporter_query,2026-09-11T16:05:47+00:00
H5,392,JPN,Japan,480,MUS,Mauritius,False,M,2017,8542,26028.5,False,True,UN_Comtrade_official_public_preview_reporter_query,2026-09-11T16:05:47+00:00
H5,392,JPN,Japan,484,MEX,Mexico,False,M,2017,8542,11645659.17,False,True,UN_Comtrade_official_public_preview_reporter_query,2026-09-11T16:05:47+00:00
H5,392,JPN,Japan,490,S19,"Other Asia, nes",False,M,2017,8542,9803909650.722,False,True,UN_Comtrade_official_public_preview_reporter_query,2026-09-11T16:05:47+00:00
H5,392,JPN,Japan,499,MNE,Montenegro,False,M,2017,8542,4064.725,False,True,UN_Comtrade_official_public_preview_reporter_query,2026-09-11T16:05:47+00:00
H5,392,JPN,Japan,504,MAR,Morocco,False,M,2017,8542,460802.51,False,True,UN_Comtrade_official_public_preview_reporter_query,2026-09-11T16:05:47+00:00
H5,392,JPN,Japan,516,NAM,Namibia,False,M,2017,8542,2977.233,False,True,UN_Comtrade_official_public_preview_reporter_query,2026-09-11T16:05:47+00:00
H5,392,JPN,Japan,528,NLD,Netherlands,False,M,2017,8542,12432495.388,False,True,UN_Comtrade_official_public_preview_reporter_query,2026-09-11T16:05:47+00:00
H5,392,JPN,Japan,540,NCL,New Caledonia,False,M,2017,8542,324117.227,False,True,UN_Comtrade_official_public_preview_reporter_query,2026-09-11T16:05:47+00:00
H5,392,JPN,Japan,554,NZL,New Zealand,False,M,2017,8542,23693.066,False,True,UN_Comtrade_official_public_preview_reporter_query,2026-09-11T16:05:47+00:00
H5,392,JPN,Japan,579,NOR,Norway,False,M,2017,8542,150876.164,False,True,UN_Comtrade_official_public_preview_reporter_query,2026-09-11T16:05:47+00:00
H5,392,JPN,Japan,604,PER,Peru,False,M,2017,8542,32437.573,False,True,UN_Comtrade_official_public_preview_reporter_query,2026-09-11T16:05:47+00:00
H5,392,JPN,Japan,608,PHL,Philippines,False,M,2017,8542,416702073.781,False,True,UN_Comtrade_official_public_preview_reporter_query,2026-09-11T16:05:47+00:00
H5,392,JPN,Japan,616,POL,Poland,False,M,2017,8542,81437.116,False,True,UN_Comtrade_official_public_preview_reporter_query,2026-09-11T16:05:47+00:00
H5,392,JPN,Japan,620,PRT,Portugal,False,M,2017,8542,5680105.155,False,True,UN_Comtrade_official_public_preview_reporter_query,2026-09-11T16:05:47+00:00
H5,392,JPN,Japan,634,QAT,Qatar,False,M,2017,8542,10117.242,False,True,UN_Comtrade_official_public_preview_reporter_query,2026-09-11T16:05:47+00:00
H5,392,JPN,Japan,637,A59,"North America and Central America, nes",False,M,2017,8542,124223.692,False,True,UN_Comtrade_official_public_preview_reporter_query,2026-09-11T16:05:47+00:00
H5,392,JPN,Japan,643,RUS,Russian Federation,False,M,2017,8542,25680.859,False,True,UN_Comtrade_official_public_preview_reporter_query,2026-09-11T16:05:47+00:00
H5,392,JPN,Japan,686,SEN,Senegal,False,M,2017,8542,9564.583,False,True,UN_Comtrade_official_public_preview_reporter_query,2026-09-11T16:05:47+00:00
H5,392,JPN,Japan,699,IND,India,False,M,2017,8542,303098.322,False,True,UN_Comtrade_official_public_preview_reporter_query,2026-09-11T16:05:47+00:00
H5,392,JPN,Japan,702,SGP,Singapore,False,M,2017,8542,917117447.329,False,True,UN_Comtrade_official_public_preview_reporter_query,2026-09-11T16:05:47+00:00
H5,392,JPN,Japan,703,SVK,Slovakia,False,M,2017,8542,331444.428,False,True,UN_Comtrade_official_public_preview_reporter_query,2026-09-11T16:05:47+00:00
H5,392,JPN,Japan,704,VNM,Viet Nam,False,M,2017,8542,34263106.764,False,True,UN_Comtrade_official_public_preview_reporter_query,2026-09-11T16:05:47+00:00
H5,392,JPN,Japan,705,SVN,Slovenia,False,M,2017,8542,26081.984,False,True,UN_Comtrade_official_public_preview_reporter_query,2026-09-11T16:05:47+00:00
H5,392,JPN,Japan,710,ZAF,South Africa,False,M,2017,8542,13237.097,False,True,UN_Comtrade_official_public_preview_reporter_query,2026-09-11T16:05:47+00:00
H5,392,JPN,Japan,724,ESP,Spain,False,M,2017,8542,14371155.147,False,True,UN_Comtrade_official_public_preview_reporter_query,2026-09-11T16:05:47+00:00
H5,392,JPN,Japan,752,SWE,Sweden,False,M,2017,8542,1056596.667,False,True,UN_Comtrade_official_public_preview_reporter_query,2026-09-11T16:05:47+00:00
H5,392,JPN,Japan,757,CHE,Switzerland,False,M,2017,8542,7539618.662,False,True,UN_Comtrade_official_public_preview_reporter_query,2026-09-11T16:05:47+00:00
H5,392,JPN,Japan,764,THA,Thailand,False,M,2017,8542,473658440.605,False,True,UN_Comtrade_official_public_preview_reporter_query,2026-09-11T16:05:47+00:00
H5,392,JPN,Japan,788,TUN,Tunisia,False,M,2017,8542,54330.038,False,True,UN_Comtrade_official_public_preview_reporter_query,2026-09-11T16:05:47+00:00
H5,392,JPN,Japan,792,TUR,Türkiye,False,M,2017,8542,146499.453,False,True,UN_Comtrade_official_public_preview_reporter_query,2026-09-11T16:05:47+00:00
H5,392,JPN,Japan,800,UGA,Uganda,False,M,2017,8542,3939.931,False,True,UN_Comtrade_official_public_preview_reporter_query,2026-09-11T16:05:47+00:00
H5,392,JPN,Japan,804,UKR,Ukraine,False,M,2017,8542,11267.132,False,True,UN_Comtrade_official_public_preview_reporter_query,2026-09-11T16:05:47+00:00
H5,392,JPN,Japan,826,GBR,United Kingdom,False,M,2017,8542,33135573.52,False,True,UN_Comtrade_official_public_preview_reporter_query,2026-09-11T16:05:47+00:00
H5,392,JPN,Japan,842,USA,USA,False,M,2017,8542,2419625495.633,False,True,UN_Comtrade_official_public_preview_reporter_query,2026-09-11T16:05:47+00:00
H5,392,JPN,Japan,32,ARG,Argentina,False,X,2017,8542,65330.704,False,True,UN_Comtrade_official_public_preview_reporter_query,2026-09-11T16:05:47+00:00
H5,392,JPN,Japan,36,AUS,Australia,False,X,2017,8542,1171467.092,False,True,UN_Comtrade_official_public_preview_reporter_query,2026-09-11T16:05:47+00:00
H5,392,JPN,Japan,40,AUT,Austria,False,X,2017,8542,918945.997,False,True,UN_Comtrade_official_public_preview_reporter_query,2026-09-11T16:05:47+00:00
H5,392,JPN,Japan,48,BHR,Bahrain,False,X,2017,8542,4779.86,False,True,UN_Comtrade_official_public_preview_reporter_query,2026-09-11T16:05:47+00:00
H5,392,JPN,Japan,50,BGD,Bangladesh,False,X,2017,8542,1544652.909,False,True,UN_Comtrade_official_public_preview_reporter_query,2026-09-11T16:05:47+00:00
H5,392,JPN,Japan,56,BEL,Belgium,False,X,2017,8542,4665036.739,False,True,UN_Comtrade_official_public_preview_reporter_query,2026-09-11T16:05:47+00:00
H5,392,JPN,Japan,76,BRA,Brazil,False,X,2017,8542,23475009.131,False,True,UN_Comtrade_official_public_preview_reporter_query,2026-09-11T16:05:47+00:00
H5,392,JPN,Japan,100,BGR,Bulgaria,False,X,2017,8542,241400.785,False,True,UN_Comtrade_official_public_preview_reporter_query,2026-09-11T16:05:47+00:00
H5,392,JPN,Japan,116,KHM,Cambodia,False,X,2017,8542,41930.79,False,True,UN_Comtrade_official_public_preview_reporter_query,2026-09-11T16:05:47+00:00
H5,392,JPN,Japan,124,CAN,Canada,False,X,2017,8542,40653015.902,False,True,UN_Comtrade_official_public_preview_reporter_query,2026-09-11T16:05:47+00:00
H5,392,JPN,Japan,144,LKA,Sri Lanka,False,X,2017,8542,2398.848,False,True,UN_Comtrade_official_public_preview_reporter_query,2026-09-11T16:05:47+00:00
H5,392,JPN,Japan,156,CHN,China,False,X,2017,8542,6992631263.123,False,True,UN_Comtrade_official_public_preview_reporter_query,2026-09-11T16:05:47+00:00
H5,392,JPN,Japan,170,COL,Colombia,False,X,2017,8542,2229.412,False,True,UN_Comtrade_official_public_preview_reporter_query,2026-09-11T16:05:47+00:00
H5,392,JPN,Japan,203,CZE,Czechia,False,X,2017,8542,29294328.65,False,True,UN_Comtrade_official_public_preview_reporter_query,2026-09-11T16:05:47+00:00
H5,392,JPN,Japan,208,DNK,Denmark,False,X,2017,8542,108857.754,False,True,UN_Comtrade_official_public_preview_reporter_query,2026-09-11T16:05:47+00:00
H5,392,JPN,Japan,233,EST,Estonia,False,X,2017,8542,170460.88,False,True,UN_Comtrade_official_public_preview_reporter_query,2026-09-11T16:05:47+00:00
H5,392,JPN,Japan,246,FIN,Finland,False,X,2017,8542,8038476.722,False,True,UN_Comtrade_official_public_preview_reporter_query,2026-09-11T16:05:47+00:00
H5,392,JPN,Japan,251,FRA,France,False,X,2017,8542,16288952.737,False,True,UN_Comtrade_official_public_preview_reporter_query,2026-09-11T16:05:47+00:00
H5,392,JPN,Japan,276,DEU,Germany,False,X,2017,8542,731977459.347,False,True,UN_Comtrade_official_public_preview_reporter_query,2026-09-11T16:05:47+00:00
H5,392,JPN,Japan,300,GRC,Greece,False,X,2017,8542,11628.616,False,True,UN_Comtrade_official_public_preview_reporter_query,2026-09-11T16:05:47+00:00
H5,392,JPN,Japan,344,HKG,"China, Hong Kong SAR",False,X,2017,8542,3967354492.258,False,True,UN_Comtrade_official_public_preview_reporter_query,2026-09-11T16:05:47+00:00
H5,392,JPN,Japan,348,HUN,Hungary,False,X,2017,8542,11561866.99,False,True,UN_Comtrade_official_public_preview_reporter_query,2026-09-11T16:05:47+00:00
H5,392,JPN,Japan,360,IDN,Indonesia,False,X,2017,8542,159660455.223,False,True,UN_Comtrade_official_public_preview_reporter_query,2026-09-11T16:05:47+00:00
H5,392,JPN,Japan,372,IRL,Ireland,False,X,2017,8542,152286.709,False,True,UN_Comtrade_official_public_preview_reporter_query,2026-09-11T16:05:47+00:00
H5,392,JPN,Japan,376,ISR,Israel,False,X,2017,8542,2522945.867,False,True,UN_Comtrade_official_public_preview_reporter_query,2026-09-11T16:05:47+00:00
H5,392,JPN,Japan,380,ITA,Italy,False,X,2017,8542,23552021.956,False,True,UN_Comtrade_official_public_preview_reporter_query,2026-09-11T16:05:47+00:00
H5,392,JPN,Japan,400,JOR,Jordan,False,X,2017,8542,1801.365,False,True,UN_Comtrade_official_public_preview_reporter_query,2026-09-11T16:05:47+00:00
H5,392,JPN,Japan,410,KOR,Rep. of Korea,False,X,2017,8542,2541894536.002,False,True,UN_Comtrade_official_public_preview_reporter_query,2026-09-11T16:05:47+00:00
H5,392,JPN,Japan,414,KWT,Kuwait,False,X,2017,8542,2104.565,False,True,UN_Comtrade_official_public_preview_reporter_query,2026-09-11T16:05:47+00:00
H5,392,JPN,Japan,428,LVA,Latvia,False,X,2017,8542,21643.137,False,True,UN_Comtrade_official_public_preview_reporter_query,2026-09-11T16:05:47+00:00
H5,392,JPN,Japan,440,LTU,Lithuania,False,X,2017,8542,121609.993,False,True,UN_Comtrade_official_public_preview_reporter_query,2026-09-11T16:05:47+00:00
H5,392,JPN,Japan,442,LUX,Luxembourg,False,X,2017,8542,115733.262,False,True,UN_Comtrade_official_public_preview_reporter_query,2026-09-11T16:05:47+00:00
H5,392,JPN,Japan,446,MAC,"China, Macao SAR",False,X,2017,8542,580512.262,False,True,UN_Comtrade_official_public_preview_reporter_query,2026-09-11T16:05:47+00:00
H5,392,JPN,Japan,458,MYS,Malaysia,False,X,2017,8542,1112664803.727,False,True,UN_Comtrade_official_public_preview_reporter_query,2026-09-11T16:05:47+00:00
H5,392,JPN,Japan,470,MLT,Malta,False,X,2017,8542,1374227.7,False,True,UN_Comtrade_official_public_preview_reporter_query,2026-09-11T16:05:47+00:00
H5,392,JPN,Japan,484,MEX,Mexico,False,X,2017,8542,33968978.615,False,True,UN_Comtrade_official_public_preview_reporter_query,2026-09-11T16:05:47+00:00
H5,392,JPN,Japan,490,S19,"Other Asia, nes",False,X,2017,8542,5449047749.343,False,True,UN_Comtrade_official_public_preview_reporter_query,2026-09-11T16:05:47+00:00
H5,392,JPN,Japan,498,MDA,Rep. of Moldova,False,X,2017,8542,3308.448,False,True,UN_Comtrade_official_public_preview_reporter_query,2026-09-11T16:05:47+00:00
H5,392,JPN,Japan,504,MAR,Morocco,False,X,2017,8542,9113.838,False,True,UN_Comtrade_official_public_preview_reporter_query,2026-09-11T16:05:47+00:00
H5,392,JPN,Japan,528,NLD,Netherlands,False,X,2017,8542,66918134.776,False,True,UN_Comtrade_official_public_preview_reporter_query,2026-09-11T16:05:47+00:00
H5,392,JPN,Japan,554,NZL,New Zealand,False,X,2017,8542,918856.821,False,True,UN_Comtrade_official_public_preview_reporter_query,2026-09-11T16:05:47+00:00
H5,392,JPN,Japan,579,NOR,Norway,False,X,2017,8542,19342.383,False,True,UN_Comtrade_official_public_preview_reporter_query,2026-09-11T16:05:47+00:00
H5,392,JPN,Japan,586,PAK,Pakistan,False,X,2017,8542,2318.589,False,True,UN_Comtrade_official_public_preview_reporter_query,2026-09-11T16:05:47+00:00
H5,392,JPN,Japan,608,PHL,Philippines,False,X,2017,8542,674092779.173,False,True,UN_Comtrade_official_public_preview_reporter_query,2026-09-11T16:05:47+00:00
H5,392,JPN,Japan,616,POL,Poland,False,X,2017,8542,205917.456,False,True,UN_Comtrade_official_public_preview_reporter_query,2026-09-11T16:05:47+00:00
H5,392,JPN,Japan,620,PRT,Portugal,False,X,2017,8542,569400.87,False,True,UN_Comtrade_official_public_preview_reporter_query,2026-09-11T16:05:47+00:00
H5,392,JPN,Japan,634,QAT,Qatar,False,X,2017,8542,7624.591,False,True,UN_Comtrade_official_public_preview_reporter_query,2026-09-11T16:05:47+00:00
H5,392,JPN,Japan,642,ROU,Romania,False,X,2017,8542,258121.379,False,True,UN_Comtrade_official_public_preview_reporter_query,2026-09-11T16:05:47+00:00
H5,392,JPN,Japan,643,RUS,Russian Federation,False,X,2017,8542,1087650.1,False,True,UN_Comtrade_official_public_preview_reporter_query,2026-09-11T16:05:47+00:00
H5,392,JPN,Japan,688,SRB,Serbia,False,X,2017,8542,8400.426,False,True,UN_Comtrade_official_public_preview_reporter_query,2026-09-11T16:05:47+00:00
H5,392,JPN,Japan,699,IND,India,False,X,2017,8542,62971744.698,False,True,UN_Comtrade_official_public_preview_reporter_query,2026-09-11T16:05:47+00:00
H5,392,JPN,Japan,702,SGP,Singapore,False,X,2017,8542,1100749137.891,False,True,UN_Comtrade_official_public_preview_reporter_query,2026-09-11T16:05:47+00:00
H5,392,JPN,Japan,703,SVK,Slovakia,False,X,2017,8542,1681467.496,False,True,UN_Comtrade_official_public_preview_reporter_query,2026-09-11T16:05:47+00:00
H5,392,JPN,Japan,704,VNM,Viet Nam,False,X,2017,8542,1074476688.708,False,True,UN_Comtrade_official_public_preview_reporter_query,2026-09-11T16:05:47+00:00
H5,392,JPN,Japan,710,ZAF,South Africa,False,X,2017,8542,4607910.273,False,True,UN_Comtrade_official_public_preview_reporter_query,2026-09-11T16:05:47+00:00
H5,392,JPN,Japan,724,ESP,Spain,False,X,2017,8542,69582131.114,False,True,UN_Comtrade_official_public_preview_reporter_query,2026-09-11T16:05:47+00:00
H5,392,JPN,Japan,752,SWE,Sweden,False,X,2017,8542,1915484.467,False,True,UN_Comtrade_official_public_preview_reporter_query,2026-09-11T16:05:47+00:00
H5,392,JPN,Japan,757,CHE,Switzerland,False,X,2017,8542,5709587.836,False,True,UN_Comtrade_official_public_preview_reporter_query,2026-09-11T16:05:47+00:00
H5,392,JPN,Japan,764,THA,Thailand,False,X,2017,8542,1206356399.098,False,True,UN_Comtrade_official_public_preview_reporter_query,2026-09-11T16:05:47+00:00
H5,392,JPN,Japan,784,ARE,United Arab Emirates,False,X,2017,8542,59971.196,False,True,UN_Comtrade_official_public_preview_reporter_query,2026-09-11T16:05:47+00:00
H5,392,JPN,Japan,792,TUR,Türkiye,False,X,2017,8542,232313.7,False,True,UN_Comtrade_official_public_preview_reporter_query,2026-09-11T16:05:47+00:00
H5,392,JPN,Japan,804,UKR,Ukraine,False,X,2017,8542,2166.989,False,True,UN_Comtrade_official_public_preview_reporter_query,2026-09-11T16:05:47+00:00
H5,392,JPN,Japan,818,EGY,Egypt,False,X,2017,8542,408571.052,False,True,UN_Comtrade_official_public_preview_reporter_query,2026-09-11T16:05:47+00:00
H5,392,JPN,Japan,826,GBR,United Kingdom,False,X,2017,8542,37537037.392,False,True,UN_Comtrade_official_public_preview_reporter_query,2026-09-11T16:05:47+00:00
H5,392,JPN,Japan,842,USA,USA,False,X,2017,8542,1207244204.662,False,True,UN_Comtrade_official_public_preview_reporter_query,2026-09-11T16:05:47+00:00
H6,392,JPN,Japan,4,AFG,Afghanistan,False,M,2022,8542,54419.019,False,True,UN_Comtrade_official_public_preview_reporter_query,2026-09-11T16:05:47+00:00
H6,392,JPN,Japan,8,ALB,Albania,False,M,2022,8542,4813.756,False,True,UN_Comtrade_official_public_preview_reporter_query,2026-09-11T16:05:47+00:00
H6,392,JPN,Japan,16,ASM,American Samoa,False,M,2022,8542,8319.509,False,True,UN_Comtrade_official_public_preview_reporter_query,2026-09-11T16:05:47+00:00
H6,392,JPN,Japan,20,AND,Andorra,False,M,2022,8542,3832.754,False,True,UN_Comtrade_official_public_preview_reporter_query,2026-09-11T16:05:47+00:00
H6,392,JPN,Japan,36,AUS,Australia,False,M,2022,8542,1391563.354,False,True,UN_Comtrade_official_public_preview_reporter_query,2026-09-11T16:05:47+00:00
H6,392,JPN,Japan,40,AUT,Austria,False,M,2022,8542,51548833.55,False,True,UN_Comtrade_official_public_preview_reporter_query,2026-09-11T16:05:47+00:00
H6,392,JPN,Japan,50,BGD,Bangladesh,False,M,2022,8542,1916.377,False,True,UN_Comtrade_official_public_preview_reporter_query,2026-09-11T16:05:47+00:00
H6,392,JPN,Japan,51,ARM,Armenia,False,M,2022,8542,5924.038,False,True,UN_Comtrade_official_public_preview_reporter_query,2026-09-11T16:05:47+00:00
H6,392,JPN,Japan,56,BEL,Belgium,False,M,2022,8542,39486017.018,False,True,UN_Comtrade_official_public_preview_reporter_query,2026-09-11T16:05:47+00:00
H6,392,JPN,Japan,76,BRA,Brazil,False,M,2022,8542,140214.905,False,True,UN_Comtrade_official_public_preview_reporter_query,2026-09-11T16:05:47+00:00
H6,392,JPN,Japan,100,BGR,Bulgaria,False,M,2022,8542,365989.953,False,True,UN_Comtrade_official_public_preview_reporter_query,2026-09-11T16:05:47+00:00
H6,392,JPN,Japan,112,BLR,Belarus,False,M,2022,8542,10676.957,False,True,UN_Comtrade_official_public_preview_reporter_query,2026-09-11T16:05:47+00:00
H6,392,JPN,Japan,116,KHM,Cambodia,False,M,2022,8542,6540.016,False,True,UN_Comtrade_official_public_preview_reporter_query,2026-09-11T16:05:47+00:00
H6,392,JPN,Japan,124,CAN,Canada,False,M,2022,8542,4721884.092,False,True,UN_Comtrade_official_public_preview_reporter_query,2026-09-11T16:05:47+00:00
H6,392,JPN,Japan,144,LKA,Sri Lanka,False,M,2022,8542,18996.466,False,True,UN_Comtrade_official_public_preview_reporter_query,2026-09-11T16:05:47+00:00
H6,392,JPN,Japan,148,TCD,Chad,False,M,2022,8542,12692.194,False,True,UN_Comtrade_official_public_preview_reporter_query,2026-09-11T16:05:47+00:00
H6,392,JPN,Japan,156,CHN,China,False,M,2022,8542,2631470568.84,False,True,UN_Comtrade_official_public_preview_reporter_query,2026-09-11T16:05:47+00:00
H6,392,JPN,Japan,178,COG,Congo,False,M,2022,8542,24791.224,False,True,UN_Comtrade_official_public_preview_reporter_query,2026-09-11T16:05:47+00:00
H6,392,JPN,Japan,188,CRI,Costa Rica,False,M,2022,8542,2950459.867,False,True,UN_Comtrade_official_public_preview_reporter_query,2026-09-11T16:05:47+00:00
H6,392,JPN,Japan,203,CZE,Czechia,False,M,2022,8542,20018069.423,False,True,UN_Comtrade_official_public_preview_reporter_query,2026-09-11T16:05:47+00:00
H6,392,JPN,Japan,208,DNK,Denmark,False,M,2022,8542,122982.723,False,True,UN_Comtrade_official_public_preview_reporter_query,2026-09-11T16:05:47+00:00
H6,392,JPN,Japan,233,EST,Estonia,False,M,2022,8542,8570.463,False,True,UN_Comtrade_official_public_preview_reporter_query,2026-09-11T16:05:47+00:00
H6,392,JPN,Japan,246,FIN,Finland,False,M,2022,8542,7666929.433,False,True,UN_Comtrade_official_public_preview_reporter_query,2026-09-11T16:05:47+00:00
H6,392,JPN,Japan,251,FRA,France,False,M,2022,8542,111271409.765,False,True,UN_Comtrade_official_public_preview_reporter_query,2026-09-11T16:05:47+00:00
H6,392,JPN,Japan,258,PYF,French Polynesia,False,M,2022,8542,11399.4,False,True,UN_Comtrade_official_public_preview_reporter_query,2026-09-11T16:05:47+00:00
H6,392,JPN,Japan,276,DEU,Germany,False,M,2022,8542,570000283.087,False,True,UN_Comtrade_official_public_preview_reporter_query,2026-09-11T16:05:47+00:00
H6,392,JPN,Japan,296,KIR,Kiribati,False,M,2022,8542,11984.96,False,True,UN_Comtrade_official_public_preview_reporter_query,2026-09-11T16:05:47+00:00
H6,392,JPN,Japan,300,GRC,Greece,False,M,2022,8542,9079.976,False,True,UN_Comtrade_official_public_preview_reporter_query,2026-09-11T16:05:47+00:00
H6,392,JPN,Japan,344,HKG,"China, Hong Kong SAR",False,M,2022,8542,84611885.449,False,True,UN_Comtrade_official_public_preview_reporter_query,2026-09-11T16:05:47+00:00
H6,392,JPN,Japan,348,HUN,Hungary,False,M,2022,8542,216854.77,False,True,UN_Comtrade_official_public_preview_reporter_query,2026-09-11T16:05:47+00:00
H6,392,JPN,Japan,352,ISL,Iceland,False,M,2022,8542,105294.261,False,True,UN_Comtrade_official_public_preview_reporter_query,2026-09-11T16:05:47+00:00
H6,392,JPN,Japan,360,IDN,Indonesia,False,M,2022,8542,49540858.46,False,True,UN_Comtrade_official_public_preview_reporter_query,2026-09-11T16:05:47+00:00
H6,392,JPN,Japan,364,IRN,Iran,False,M,2022,8542,403754.744,False,True,UN_Comtrade_official_public_preview_reporter_query,2026-09-11T16:05:47+00:00
H6,392,JPN,Japan,372,IRL,Ireland,False,M,2022,8542,353912885.407,False,True,UN_Comtrade_official_public_preview_reporter_query,2026-09-11T16:05:47+00:00
H6,392,JPN,Japan,376,ISR,Israel,False,M,2022,8542,155703808.339,False,True,UN_Comtrade_official_public_preview_reporter_query,2026-09-11T16:05:47+00:00
H6,392,JPN,Japan,380,ITA,Italy,False,M,2022,8542,1761264.386,False,True,UN_Comtrade_official_public_preview_reporter_query,2026-09-11T16:05:47+00:00
H6,392,JPN,Japan,388,JAM,Jamaica,False,M,2022,8542,138199.668,False,True,UN_Comtrade_official_public_preview_reporter_query,2026-09-11T16:05:47+00:00
H6,392,JPN,Japan,400,JOR,Jordan,False,M,2022,8542,5520.99,False,True,UN_Comtrade_official_public_preview_reporter_query,2026-09-11T16:05:47+00:00
H6,392,JPN,Japan,404,KEN,Kenya,False,M,2022,8542,3079.891,False,True,UN_Comtrade_official_public_preview_reporter_query,2026-09-11T16:05:47+00:00
H6,392,JPN,Japan,410,KOR,Rep. of Korea,False,M,2022,8542,2317790509.465,False,True,UN_Comtrade_official_public_preview_reporter_query,2026-09-11T16:05:47+00:00
H6,392,JPN,Japan,418,LAO,Lao People's Dem. Rep.,False,M,2022,8542,71088.455,False,True,UN_Comtrade_official_public_preview_reporter_query,2026-09-11T16:05:47+00:00
H6,392,JPN,Japan,428,LVA,Latvia,False,M,2022,8542,38350.351,False,True,UN_Comtrade_official_public_preview_reporter_query,2026-09-11T16:05:47+00:00
H6,392,JPN,Japan,440,LTU,Lithuania,False,M,2022,8542,9566.675,False,True,UN_Comtrade_official_public_preview_reporter_query,2026-09-11T16:05:47+00:00
H6,392,JPN,Japan,446,MAC,"China, Macao SAR",False,M,2022,8542,374028.089,False,True,UN_Comtrade_official_public_preview_reporter_query,2026-09-11T16:05:47+00:00
H6,392,JPN,Japan,458,MYS,Malaysia,False,M,2022,8542,1330660327.635,False,True,UN_Comtrade_official_public_preview_reporter_query,2026-09-11T16:05:47+00:00
H6,392,JPN,Japan,462,MDV,Maldives,False,M,2022,8542,7019.11,False,True,UN_Comtrade_official_public_preview_reporter_query,2026-09-11T16:05:47+00:00
H6,392,JPN,Japan,470,MLT,Malta,False,M,2022,8542,6084428.025,False,True,UN_Comtrade_official_public_preview_reporter_query,2026-09-11T16:05:47+00:00
H6,392,JPN,Japan,480,MUS,Mauritius,False,M,2022,8542,8152.206,False,True,UN_Comtrade_official_public_preview_reporter_query,2026-09-11T16:05:47+00:00
H6,392,JPN,Japan,484,MEX,Mexico,False,M,2022,8542,33539826.685,False,True,UN_Comtrade_official_public_preview_reporter_query,2026-09-11T16:05:47+00:00
H6,392,JPN,Japan,490,S19,"Other Asia, nes",False,M,2022,8542,18480453499.622,False,True,UN_Comtrade_official_public_preview_reporter_query,2026-09-11T16:05:47+00:00
H6,392,JPN,Japan,496,MNG,Mongolia,False,M,2022,8542,17034.461,False,True,UN_Comtrade_official_public_preview_reporter_query,2026-09-11T16:05:47+00:00
H6,392,JPN,Japan,504,MAR,Morocco,False,M,2022,8542,2289614.044,False,True,UN_Comtrade_official_public_preview_reporter_query,2026-09-11T16:05:47+00:00
H6,392,JPN,Japan,516,NAM,Namibia,False,M,2022,8542,8349.928,False,True,UN_Comtrade_official_public_preview_reporter_query,2026-09-11T16:05:47+00:00
H6,392,JPN,Japan,527,O19,"Oceania, nes",False,M,2022,8542,5148.362,False,True,UN_Comtrade_official_public_preview_reporter_query,2026-09-11T16:05:47+00:00
H6,392,JPN,Japan,528,NLD,Netherlands,False,M,2022,8542,16747696.299,False,True,UN_Comtrade_official_public_preview_reporter_query,2026-09-11T16:05:47+00:00
H6,392,JPN,Japan,540,NCL,New Caledonia,False,M,2022,8542,249151.803,False,True,UN_Comtrade_official_public_preview_reporter_query,2026-09-11T16:05:47+00:00
H6,392,JPN,Japan,554,NZL,New Zealand,False,M,2022,8542,2577.983,False,True,UN_Comtrade_official_public_preview_reporter_query,2026-09-11T16:05:47+00:00
H6,392,JPN,Japan,562,NER,Niger,False,M,2022,8542,1984.819,False,True,UN_Comtrade_official_public_preview_reporter_query,2026-09-11T16:05:47+00:00
H6,392,JPN,Japan,579,NOR,Norway,False,M,2022,8542,126138.661,False,True,UN_Comtrade_official_public_preview_reporter_query,2026-09-11T16:05:47+00:00
H6,392,JPN,Japan,586,PAK,Pakistan,False,M,2022,8542,17376.671,False,True,UN_Comtrade_official_public_preview_reporter_query,2026-09-11T16:05:47+00:00
H6,392,JPN,Japan,608,PHL,Philippines,False,M,2022,8542,662460149.952,False,True,UN_Comtrade_official_public_preview_reporter_query,2026-09-11T16:05:47+00:00
H6,392,JPN,Japan,616,POL,Poland,False,M,2022,8542,102069.881,False,True,UN_Comtrade_official_public_preview_reporter_query,2026-09-11T16:05:47+00:00
H6,392,JPN,Japan,620,PRT,Portugal,False,M,2022,8542,5700278.12,False,True,UN_Comtrade_official_public_preview_reporter_query,2026-09-11T16:05:47+00:00
H6,392,JPN,Japan,637,A59,"North America and Central America, nes",False,M,2022,8542,13019.195,False,True,UN_Comtrade_official_public_preview_reporter_query,2026-09-11T16:05:47+00:00
H6,392,JPN,Japan,642,ROU,Romania,False,M,2022,8542,80830.037,False,True,UN_Comtrade_official_public_preview_reporter_query,2026-09-11T16:05:47+00:00
H6,392,JPN,Japan,643,RUS,Russian Federation,False,M,2022,8542,7848.019,False,True,UN_Comtrade_official_public_preview_reporter_query,2026-09-11T16:05:47+00:00
H6,392,JPN,Japan,646,RWA,Rwanda,False,M,2022,8542,16441.297,False,True,UN_Comtrade_official_public_preview_reporter_query,2026-09-11T16:05:47+00:00
H6,392,JPN,Japan,654,SHN,Saint Helena,False,M,2022,8542,97742.824,False,True,UN_Comtrade_official_public_preview_reporter_query,2026-09-11T16:05:47+00:00
H6,392,JPN,Japan,682,SAU,Saudi Arabia,False,M,2022,8542,13772.057,False,True,UN_Comtrade_official_public_preview_reporter_query,2026-09-11T16:05:47+00:00
H6,392,JPN,Japan,688,SRB,Serbia,False,M,2022,8542,2045.656,False,True,UN_Comtrade_official_public_preview_reporter_query,2026-09-11T16:05:47+00:00
H6,392,JPN,Japan,694,SLE,Sierra Leone,False,M,2022,8542,320879.051,False,True,UN_Comtrade_official_public_preview_reporter_query,2026-09-11T16:05:47+00:00
H6,392,JPN,Japan,699,IND,India,False,M,2022,8542,1736549.209,False,True,UN_Comtrade_official_public_preview_reporter_query,2026-09-11T16:05:47+00:00
H6,392,JPN,Japan,702,SGP,Singapore,False,M,2022,8542,994743787.317,False,True,UN_Comtrade_official_public_preview_reporter_query,2026-09-11T16:05:47+00:00
H6,392,JPN,Japan,703,SVK,Slovakia,False,M,2022,8542,20152.375,False,True,UN_Comtrade_official_public_preview_reporter_query,2026-09-11T16:05:47+00:00
H6,392,JPN,Japan,704,VNM,Viet Nam,False,M,2022,8542,58111602.923,False,True,UN_Comtrade_official_public_preview_reporter_query,2026-09-11T16:05:47+00:00
H6,392,JPN,Japan,705,SVN,Slovenia,False,M,2022,8542,34798.97,False,True,UN_Comtrade_official_public_preview_reporter_query,2026-09-11T16:05:47+00:00
H6,392,JPN,Japan,710,ZAF,South Africa,False,M,2022,8542,17658.044,False,True,UN_Comtrade_official_public_preview_reporter_query,2026-09-11T16:05:47+00:00
H6,392,JPN,Japan,724,ESP,Spain,False,M,2022,8542,852050.041,False,True,UN_Comtrade_official_public_preview_reporter_query,2026-09-11T16:05:47+00:00
H6,392,JPN,Japan,752,SWE,Sweden,False,M,2022,8542,2158319.416,False,True,UN_Comtrade_official_public_preview_reporter_query,2026-09-11T16:05:47+00:00
H6,392,JPN,Japan,757,CHE,Switzerland,False,M,2022,8542,9043739.727,False,True,UN_Comtrade_official_public_preview_reporter_query,2026-09-11T16:05:47+00:00
H6,392,JPN,Japan,764,THA,Thailand,False,M,2022,8542,931039360.262,False,True,UN_Comtrade_official_public_preview_reporter_query,2026-09-11T16:05:47+00:00
H6,392,JPN,Japan,788,TUN,Tunisia,False,M,2022,8542,7019.11,False,True,UN_Comtrade_official_public_preview_reporter_query,2026-09-11T16:05:47+00:00
H6,392,JPN,Japan,792,TUR,Türkiye,False,M,2022,8542,275410.729,False,True,UN_Comtrade_official_public_preview_reporter_query,2026-09-11T16:05:47+00:00
H6,392,JPN,Japan,796,TCA,Turks and Caicos Isds,False,M,2022,8542,5711.107,False,True,UN_Comtrade_official_public_preview_reporter_query,2026-09-11T16:05:47+00:00
H6,392,JPN,Japan,826,GBR,United Kingdom,False,M,2022,8542,38188850.433,False,True,UN_Comtrade_official_public_preview_reporter_query,2026-09-11T16:05:47+00:00
H6,392,JPN,Japan,834,TZA,United Rep. of Tanzania,False,M,2022,8542,426728.452,False,True,UN_Comtrade_official_public_preview_reporter_query,2026-09-11T16:05:47+00:00
H6,392,JPN,Japan,842,USA,USA,False,M,2022,8542,2685103796.809,False,True,UN_Comtrade_official_public_preview_reporter_query,2026-09-11T16:05:47+00:00
H6,392,JPN,Japan,858,URY,Uruguay,False,M,2022,8542,12745.427,False,True,UN_Comtrade_official_public_preview_reporter_query,2026-09-11T16:05:47+00:00
H6,392,JPN,Japan,860,UZB,Uzbekistan,False,M,2022,8542,1832.725,False,True,UN_Comtrade_official_public_preview_reporter_query,2026-09-11T16:05:47+00:00
H6,392,JPN,Japan,12,DZA,Algeria,False,X,2022,8542,9984.932,False,True,UN_Comtrade_official_public_preview_reporter_query,2026-09-11T16:05:47+00:00
H6,392,JPN,Japan,32,ARG,Argentina,False,X,2022,8542,6106413.126,False,True,UN_Comtrade_official_public_preview_reporter_query,2026-09-11T16:05:47+00:00
H6,392,JPN,Japan,36,AUS,Australia,False,X,2022,8542,1791865.578,False,True,UN_Comtrade_official_public_preview_reporter_query,2026-09-11T16:05:47+00:00
H6,392,JPN,Japan,40,AUT,Austria,False,X,2022,8542,1549413.489,False,True,UN_Comtrade_official_public_preview_reporter_query,2026-09-11T16:05:47+00:00
H6,392,JPN,Japan,44,BHS,Bahamas,False,X,2022,8542,21255.053,False,True,UN_Comtrade_official_public_preview_reporter_query,2026-09-11T16:05:47+00:00
H6,392,JPN,Japan,50,BGD,Bangladesh,False,X,2022,8542,876103.612,False,True,UN_Comtrade_official_public_preview_reporter_query,2026-09-11T16:05:47+00:00
H6,392,JPN,Japan,56,BEL,Belgium,False,X,2022,8542,41178748.118,False,True,UN_Comtrade_official_public_preview_reporter_query,2026-09-11T16:05:47+00:00
H6,392,JPN,Japan,76,BRA,Brazil,False,X,2022,8542,28127780.767,False,True,UN_Comtrade_official_public_preview_reporter_query,2026-09-11T16:05:47+00:00
H6,392,JPN,Japan,100,BGR,Bulgaria,False,X,2022,8542,547665.519,False,True,UN_Comtrade_official_public_preview_reporter_query,2026-09-11T16:05:47+00:00
H6,392,JPN,Japan,104,MMR,Myanmar,False,X,2022,8542,8266.276,False,True,UN_Comtrade_official_public_preview_reporter_query,2026-09-11T16:05:47+00:00
H6,392,JPN,Japan,116,KHM,Cambodia,False,X,2022,8542,289745.532,False,True,UN_Comtrade_official_public_preview_reporter_query,2026-09-11T16:05:47+00:00
H6,392,JPN,Japan,124,CAN,Canada,False,X,2022,8542,56918376.967,False,True,UN_Comtrade_official_public_preview_reporter_query,2026-09-11T16:05:47+00:00
H6,392,JPN,Japan,152,CHL,Chile,False,X,2022,8542,2015.238,False,True,UN_Comtrade_official_public_preview_reporter_query,2026-09-11T16:05:47+00:00
H6,392,JPN,Japan,156,CHN,China,False,X,2022,8542,7847540551.116,False,True,UN_Comtrade_official_public_preview_reporter_query,2026-09-11T16:05:47+00:00
H6,392,JPN,Japan,170,COL,Colombia,False,X,2022,8542,7201.622,False,True,UN_Comtrade_official_public_preview_reporter_query,2026-09-11T16:05:47+00:00
H6,392,JPN,Japan,180,COD,Dem. Rep. of the Congo,False,X,2022,8542,5733.921,False,True,UN_Comtrade_official_public_preview_reporter_query,2026-09-11T16:05:47+00:00
H6,392,JPN,Japan,188,CRI,Costa Rica,False,X,2022,8542,86939659.727,False,True,UN_Comtrade_official_public_preview_reporter_query,2026-09-11T16:05:47+00:00
H6,392,JPN,Japan,191,HRV,Croatia,False,X,2022,8542,64784.184,False,True,UN_Comtrade_official_public_preview_reporter_query,2026-09-11T16:05:47+00:00
H6,392,JPN,Japan,196,CYP,Cyprus,False,X,2022,8542,6258.643,False,True,UN_Comtrade_official_public_preview_reporter_query,2026-09-11T16:05:47+00:00
H6,392,JPN,Japan,203,CZE,Czechia,False,X,2022,8542,33831693.919,False,True,UN_Comtrade_official_public_preview_reporter_query,2026-09-11T16:05:47+00:00
H6,392,JPN,Japan,208,DNK,Denmark,False,X,2022,8542,6268187.271,False,True,UN_Comtrade_official_public_preview_reporter_query,2026-09-11T16:05:47+00:00
H6,392,JPN,Japan,233,EST,Estonia,False,X,2022,8542,98366.406,False,True,UN_Comtrade_official_public_preview_reporter_query,2026-09-11T16:05:47+00:00
H6,392,JPN,Japan,246,FIN,Finland,False,X,2022,8542,4410837.879,False,True,UN_Comtrade_official_public_preview_reporter_query,2026-09-11T16:05:47+00:00
H6,392,JPN,Japan,251,FRA,France,False,X,2022,8542,22832078.696,False,True,UN_Comtrade_official_public_preview_reporter_query,2026-09-11T16:05:47+00:00
H6,392,JPN,Japan,276,DEU,Germany,False,X,2022,8542,406966166.032,False,True,UN_Comtrade_official_public_preview_reporter_query,2026-09-11T16:05:47+00:00
H6,392,JPN,Japan,324,GIN,Guinea,False,X,2022,8542,2448.704,False,True,UN_Comtrade_official_public_preview_reporter_query,2026-09-11T16:05:47+00:00
H6,392,JPN,Japan,344,HKG,"China, Hong Kong SAR",False,X,2022,8542,3586513476.793,False,True,UN_Comtrade_official_public_preview_reporter_query,2026-09-11T16:05:47+00:00
H6,392,JPN,Japan,348,HUN,Hungary,False,X,2022,8542,10530680.853,False,True,UN_Comtrade_official_public_preview_reporter_query,2026-09-11T16:05:47+00:00
H6,392,JPN,Japan,352,ISL,Iceland,False,X,2022,8542,4045.684,False,True,UN_Comtrade_official_public_preview_reporter_query,2026-09-11T16:05:47+00:00
H6,392,JPN,Japan,360,IDN,Indonesia,False,X,2022,8542,121241603.625,False,True,UN_Comtrade_official_public_preview_reporter_query,2026-09-11T16:05:47+00:00
H6,392,JPN,Japan,368,IRQ,Iraq,False,X,2022,8542,5186.385,False,True,UN_Comtrade_official_public_preview_reporter_query,2026-09-11T16:05:47+00:00
H6,392,JPN,Japan,372,IRL,Ireland,False,X,2022,8542,412005.811,False,True,UN_Comtrade_official_public_preview_reporter_query,2026-09-11T16:05:47+00:00
H6,392,JPN,Japan,376,ISR,Israel,False,X,2022,8542,1800641.367,False,True,UN_Comtrade_official_public_preview_reporter_query,2026-09-11T16:05:47+00:00
H6,392,JPN,Japan,380,ITA,Italy,False,X,2022,8542,20748612.047,False,True,UN_Comtrade_official_public_preview_reporter_query,2026-09-11T16:05:47+00:00
H6,392,JPN,Japan,410,KOR,Rep. of Korea,False,X,2022,8542,3487727672.792,False,True,UN_Comtrade_official_public_preview_reporter_query,2026-09-11T16:05:47+00:00
H6,392,JPN,Japan,440,LTU,Lithuania,False,X,2022,8542,3969.638,False,True,UN_Comtrade_official_public_preview_reporter_query,2026-09-11T16:05:47+00:00
H6,392,JPN,Japan,442,LUX,Luxembourg,False,X,2022,8542,56799.28,False,True,UN_Comtrade_official_public_preview_reporter_query,2026-09-11T16:05:47+00:00
H6,392,JPN,Japan,446,MAC,"China, Macao SAR",False,X,2022,8542,143621.798,False,True,UN_Comtrade_official_public_preview_reporter_query,2026-09-11T16:05:47+00:00
H6,392,JPN,Japan,458,MYS,Malaysia,False,X,2022,8542,2397614570.728,False,True,UN_Comtrade_official_public_preview_reporter_query,2026-09-11T16:05:47+00:00
H6,392,JPN,Japan,470,MLT,Malta,False,X,2022,8542,10944085.923,False,True,UN_Comtrade_official_public_preview_reporter_query,2026-09-11T16:05:47+00:00
H6,392,JPN,Japan,484,MEX,Mexico,False,X,2022,8542,116513354.424,False,True,UN_Comtrade_official_public_preview_reporter_query,2026-09-11T16:05:47+00:00
H6,392,JPN,Japan,490,S19,"Other Asia, nes",False,X,2022,8542,8510058998.469,False,True,UN_Comtrade_official_public_preview_reporter_query,2026-09-11T16:05:47+00:00
H6,392,JPN,Japan,499,MNE,Montenegro,False,X,2022,8542,57696.631,False,True,UN_Comtrade_official_public_preview_reporter_query,2026-09-11T16:05:47+00:00
H6,392,JPN,Japan,504,MAR,Morocco,False,X,2022,8542,5280454.708,False,True,UN_Comtrade_official_public_preview_reporter_query,2026-09-11T16:05:47+00:00
H6,392,JPN,Japan,528,NLD,Netherlands,False,X,2022,8542,76709439.386,False,True,UN_Comtrade_official_public_preview_reporter_query,2026-09-11T16:05:47+00:00
H6,392,JPN,Japan,554,NZL,New Zealand,False,X,2022,8542,725782.1,False,True,UN_Comtrade_official_public_preview_reporter_query,2026-09-11T16:05:47+00:00
H6,392,JPN,Japan,579,NOR,Norway,False,X,2022,8542,124686.169,False,True,UN_Comtrade_official_public_preview_reporter_query,2026-09-11T16:05:47+00:00
H6,392,JPN,Japan,586,PAK,Pakistan,False,X,2022,8542,11718.796,False,True,UN_Comtrade_official_public_preview_reporter_query,2026-09-11T16:05:47+00:00
H6,392,JPN,Japan,604,PER,Peru,False,X,2022,8542,1946.796,False,True,UN_Comtrade_official_public_preview_reporter_query,2026-09-11T16:05:47+00:00
H6,392,JPN,Japan,608,PHL,Philippines,False,X,2022,8542,851187450.697,False,True,UN_Comtrade_official_public_preview_reporter_query,2026-09-11T16:05:47+00:00
H6,392,JPN,Japan,616,POL,Poland,False,X,2022,8542,8196784.816,False,True,UN_Comtrade_official_public_preview_reporter_query,2026-09-11T16:05:47+00:00
H6,392,JPN,Japan,620,PRT,Portugal,False,X,2022,8542,9117.999,False,True,UN_Comtrade_official_public_preview_reporter_query,2026-09-11T16:05:47+00:00
H6,392,JPN,Japan,642,ROU,Romania,False,X,2022,8542,3852518.217,False,True,UN_Comtrade_official_public_preview_reporter_query,2026-09-11T16:05:47+00:00
H6,392,JPN,Japan,643,RUS,Russian Federation,False,X,2022,8542,821791.059,False,True,UN_Comtrade_official_public_preview_reporter_query,2026-09-11T16:05:47+00:00
H6,392,JPN,Japan,682,SAU,Saudi Arabia,False,X,2022,8542,28479.489,False,True,UN_Comtrade_official_public_preview_reporter_query,2026-09-11T16:05:47+00:00
H6,392,JPN,Japan,688,SRB,Serbia,False,X,2022,8542,229988.035,False,True,UN_Comtrade_official_public_preview_reporter_query,2026-09-11T16:05:47+00:00
H6,392,JPN,Japan,694,SLE,Sierra Leone,False,X,2022,8542,3924.01,False,True,UN_Comtrade_official_public_preview_reporter_query,2026-09-11T16:05:47+00:00
H6,392,JPN,Japan,699,IND,India,False,X,2022,8542,122094383.714,False,True,UN_Comtrade_official_public_preview_reporter_query,2026-09-11T16:05:47+00:00
H6,392,JPN,Japan,702,SGP,Singapore,False,X,2022,8542,661056844.988,False,True,UN_Comtrade_official_public_preview_reporter_query,2026-09-11T16:05:47+00:00
H6,392,JPN,Japan,703,SVK,Slovakia,False,X,2022,8542,5741160.826,False,True,UN_Comtrade_official_public_preview_reporter_query,2026-09-11T16:05:47+00:00
H6,392,JPN,Japan,704,VNM,Viet Nam,False,X,2022,8542,2600909422.953,False,True,UN_Comtrade_official_public_preview_reporter_query,2026-09-11T16:05:47+00:00
H6,392,JPN,Japan,710,ZAF,South Africa,False,X,2022,8542,1009801.315,False,True,UN_Comtrade_official_public_preview_reporter_query,2026-09-11T16:05:47+00:00
H6,392,JPN,Japan,724,ESP,Spain,False,X,2022,8542,48214710.477,False,True,UN_Comtrade_official_public_preview_reporter_query,2026-09-11T16:05:47+00:00
H6,392,JPN,Japan,752,SWE,Sweden,False,X,2022,8542,3292700.435,False,True,UN_Comtrade_official_public_preview_reporter_query,2026-09-11T16:05:47+00:00
H6,392,JPN,Japan,757,CHE,Switzerland,False,X,2022,8542,4842623.437,False,True,UN_Comtrade_official_public_preview_reporter_query,2026-09-11T16:05:47+00:00
H6,392,JPN,Japan,764,THA,Thailand,False,X,2022,8542,1345592659.925,False,True,UN_Comtrade_official_public_preview_reporter_query,2026-09-11T16:05:47+00:00
H6,392,JPN,Japan,784,ARE,United Arab Emirates,False,X,2022,8542,32616.43,False,True,UN_Comtrade_official_public_preview_reporter_query,2026-09-11T16:05:47+00:00
H6,392,JPN,Japan,788,TUN,Tunisia,False,X,2022,8542,712367.462,False,True,UN_Comtrade_official_public_preview_reporter_query,2026-09-11T16:05:47+00:00
H6,392,JPN,Japan,792,TUR,Türkiye,False,X,2022,8542,4739504.112,False,True,UN_Comtrade_official_public_preview_reporter_query,2026-09-11T16:05:47+00:00
H6,392,JPN,Japan,804,UKR,Ukraine,False,X,2022,8542,7323.297,False,True,UN_Comtrade_official_public_preview_reporter_query,2026-09-11T16:05:47+00:00
H6,392,JPN,Japan,807,MKD,North Macedonia,False,X,2022,8542,117203.174,False,True,UN_Comtrade_official_public_preview_reporter_query,2026-09-11T16:05:47+00:00
H6,392,JPN,Japan,818,EGY,Egypt,False,X,2022,8542,20532.609,False,True,UN_Comtrade_official_public_preview_reporter_query,2026-09-11T16:05:47+00:00
H6,392,JPN,Japan,826,GBR,United Kingdom,False,X,2022,8542,31275277.633,False,True,UN_Comtrade_official_public_preview_reporter_query,2026-09-11T16:05:47+00:00
H6,392,JPN,Japan,842,USA,USA,False,X,2022,8542,1039414531.458,False,True,UN_Comtrade_official_public_preview_reporter_query,2026-09-11T16:05:47+00:00
H6,392,JPN,Japan,862,VEN,Venezuela,False,X,2022,8542,2114.098,False,True,UN_Comtrade_official_public_preview_reporter_query,2026-09-11T16:05:47+00:00
H5,410,KOR,Rep. of Korea,4,AFG,Afghanistan,False,M,2017,8542,4299.0,False,True,UN_Comtrade_official_public_preview_reporter_query,2026-09-11T16:05:47+00:00
H5,410,KOR,Rep. of Korea,12,DZA,Algeria,False,M,2017,8542,973.0,False,True,UN_Comtrade_official_public_preview_reporter_query,2026-09-11T16:05:47+00:00
H5,410,KOR,Rep. of Korea,16,ASM,American Samoa,False,M,2017,8542,50.0,False,True,UN_Comtrade_official_public_preview_reporter_query,2026-09-11T16:05:47+00:00
H5,410,KOR,Rep. of Korea,36,AUS,Australia,False,M,2017,8542,5116693.0,False,True,UN_Comtrade_official_public_preview_reporter_query,2026-09-11T16:05:47+00:00
H5,410,KOR,Rep. of Korea,40,AUT,Austria,False,M,2017,8542,18051505.0,False,True,UN_Comtrade_official_public_preview_reporter_query,2026-09-11T16:05:47+00:00
H5,410,KOR,Rep. of Korea,48,BHR,Bahrain,False,M,2017,8542,95.0,False,True,UN_Comtrade_official_public_preview_reporter_query,2026-09-11T16:05:47+00:00
H5,410,KOR,Rep. of Korea,56,BEL,Belgium,False,M,2017,8542,4929106.0,False,True,UN_Comtrade_official_public_preview_reporter_query,2026-09-11T16:05:47+00:00
H5,410,KOR,Rep. of Korea,68,BOL,Bolivia (Plurinational State of),False,M,2017,8542,511.0,False,True,UN_Comtrade_official_public_preview_reporter_query,2026-09-11T16:05:47+00:00
H5,410,KOR,Rep. of Korea,76,BRA,Brazil,False,M,2017,8542,10265592.0,False,True,UN_Comtrade_official_public_preview_reporter_query,2026-09-11T16:05:47+00:00
H5,410,KOR,Rep. of Korea,100,BGR,Bulgaria,False,M,2017,8542,546981.0,False,True,UN_Comtrade_official_public_preview_reporter_query,2026-09-11T16:05:47+00:00
H5,410,KOR,Rep. of Korea,104,MMR,Myanmar,False,M,2017,8542,57.0,False,True,UN_Comtrade_official_public_preview_reporter_query,2026-09-11T16:05:47+00:00
H5,410,KOR,Rep. of Korea,112,BLR,Belarus,False,M,2017,8542,3810409.0,False,True,UN_Comtrade_official_public_preview_reporter_query,2026-09-11T16:05:47+00:00
H5,410,KOR,Rep. of Korea,116,KHM,Cambodia,False,M,2017,8542,2254.0,False,True,UN_Comtrade_official_public_preview_reporter_query,2026-09-11T16:05:47+00:00
H5,410,KOR,Rep. of Korea,120,CMR,Cameroon,False,M,2017,8542,64346.0,False,True,UN_Comtrade_official_public_preview_reporter_query,2026-09-11T16:05:47+00:00
H5,410,KOR,Rep. of Korea,124,CAN,Canada,False,M,2017,8542,25102161.0,False,True,UN_Comtrade_official_public_preview_reporter_query,2026-09-11T16:05:47+00:00
H5,410,KOR,Rep. of Korea,136,CYM,Cayman Isds,False,M,2017,8542,44980.0,False,True,UN_Comtrade_official_public_preview_reporter_query,2026-09-11T16:05:47+00:00
H5,410,KOR,Rep. of Korea,144,LKA,Sri Lanka,False,M,2017,8542,283.0,False,True,UN_Comtrade_official_public_preview_reporter_query,2026-09-11T16:05:47+00:00
H5,410,KOR,Rep. of Korea,156,CHN,China,False,M,2017,8542,10210685880.0,False,True,UN_Comtrade_official_public_preview_reporter_query,2026-09-11T16:05:47+00:00
H5,410,KOR,Rep. of Korea,170,COL,Colombia,False,M,2017,8542,13401.0,False,True,UN_Comtrade_official_public_preview_reporter_query,2026-09-11T16:05:47+00:00
H5,410,KOR,Rep. of Korea,188,CRI,Costa Rica,False,M,2017,8542,809452.0,False,True,UN_Comtrade_official_public_preview_reporter_query,2026-09-11T16:05:47+00:00
H5,410,KOR,Rep. of Korea,191,HRV,Croatia,False,M,2017,8542,4967.0,False,True,UN_Comtrade_official_public_preview_reporter_query,2026-09-11T16:05:47+00:00
H5,410,KOR,Rep. of Korea,203,CZE,Czechia,False,M,2017,8542,1637735.0,False,True,UN_Comtrade_official_public_preview_reporter_query,2026-09-11T16:05:47+00:00
H5,410,KOR,Rep. of Korea,208,DNK,Denmark,False,M,2017,8542,708461.0,False,True,UN_Comtrade_official_public_preview_reporter_query,2026-09-11T16:05:47+00:00
H5,410,KOR,Rep. of Korea,214,DOM,Dominican Rep.,False,M,2017,8542,172.0,False,True,UN_Comtrade_official_public_preview_reporter_query,2026-09-11T16:05:47+00:00
H5,410,KOR,Rep. of Korea,218,ECU,Ecuador,False,M,2017,8542,1503.0,False,True,UN_Comtrade_official_public_preview_reporter_query,2026-09-11T16:05:47+00:00
H5,410,KOR,Rep. of Korea,222,SLV,El Salvador,False,M,2017,8542,48986.0,False,True,UN_Comtrade_official_public_preview_reporter_query,2026-09-11T16:05:47+00:00
H5,410,KOR,Rep. of Korea,246,FIN,Finland,False,M,2017,8542,139937.0,False,True,UN_Comtrade_official_public_preview_reporter_query,2026-09-11T16:05:47+00:00
H5,410,KOR,Rep. of Korea,251,FRA,France,False,M,2017,8542,209359987.0,False,True,UN_Comtrade_official_public_preview_reporter_query,2026-09-11T16:05:47+00:00
H5,410,KOR,Rep. of Korea,258,PYF,French Polynesia,False,M,2017,8542,2412.0,False,True,UN_Comtrade_official_public_preview_reporter_query,2026-09-11T16:05:47+00:00
H5,410,KOR,Rep. of Korea,276,DEU,Germany,False,M,2017,8542,407129054.0,False,True,UN_Comtrade_official_public_preview_reporter_query,2026-09-11T16:05:47+00:00
H5,410,KOR,Rep. of Korea,300,GRC,Greece,False,M,2017,8542,199.0,False,True,UN_Comtrade_official_public_preview_reporter_query,2026-09-11T16:05:47+00:00
H5,410,KOR,Rep. of Korea,320,GTM,Guatemala,False,M,2017,8542,9120.0,False,True,UN_Comtrade_official_public_preview_reporter_query,2026-09-11T16:05:47+00:00
H5,410,KOR,Rep. of Korea,324,GIN,Guinea,False,M,2017,8542,75.0,False,True,UN_Comtrade_official_public_preview_reporter_query,2026-09-11T16:05:47+00:00
H5,410,KOR,Rep. of Korea,332,HTI,Haiti,False,M,2017,8542,5556.0,False,True,UN_Comtrade_official_public_preview_reporter_query,2026-09-11T16:05:47+00:00
H5,410,KOR,Rep. of Korea,344,HKG,"China, Hong Kong SAR",False,M,2017,8542,725148780.0,False,True,UN_Comtrade_official_public_preview_reporter_query,2026-09-11T16:05:47+00:00
H5,410,KOR,Rep. of Korea,348,HUN,Hungary,False,M,2017,8542,346908.0,False,True,UN_Comtrade_official_public_preview_reporter_query,2026-09-11T16:05:47+00:00
H5,410,KOR,Rep. of Korea,360,IDN,Indonesia,False,M,2017,8542,48345127.0,False,True,UN_Comtrade_official_public_preview_reporter_query,2026-09-11T16:05:47+00:00
H5,410,KOR,Rep. of Korea,372,IRL,Ireland,False,M,2017,8542,7603890.0,False,True,UN_Comtrade_official_public_preview_reporter_query,2026-09-11T16:05:47+00:00
H5,410,KOR,Rep. of Korea,376,ISR,Israel,False,M,2017,8542,33175833.0,False,True,UN_Comtrade_official_public_preview_reporter_query,2026-09-11T16:05:47+00:00
H5,410,KOR,Rep. of Korea,380,ITA,Italy,False,M,2017,8542,4786407.0,False,True,UN_Comtrade_official_public_preview_reporter_query,2026-09-11T16:05:47+00:00
H5,410,KOR,Rep. of Korea,392,JPN,Japan,False,M,2017,8542,2859135179.0,False,True,UN_Comtrade_official_public_preview_reporter_query,2026-09-11T16:05:47+00:00
H5,410,KOR,Rep. of Korea,398,KAZ,Kazakhstan,False,M,2017,8542,141441.0,False,True,UN_Comtrade_official_public_preview_reporter_query,2026-09-11T16:05:47+00:00
H5,410,KOR,Rep. of Korea,400,JOR,Jordan,False,M,2017,8542,6724.0,False,True,UN_Comtrade_official_public_preview_reporter_query,2026-09-11T16:05:47+00:00
H5,410,KOR,Rep. of Korea,404,KEN,Kenya,False,M,2017,8542,31195.0,False,True,UN_Comtrade_official_public_preview_reporter_query,2026-09-11T16:05:47+00:00
H5,410,KOR,Rep. of Korea,428,LVA,Latvia,False,M,2017,8542,3946.0,False,True,UN_Comtrade_official_public_preview_reporter_query,2026-09-11T16:05:47+00:00
H5,410,KOR,Rep. of Korea,442,LUX,Luxembourg,False,M,2017,8542,289.0,False,True,UN_Comtrade_official_public_preview_reporter_query,2026-09-11T16:05:47+00:00
H5,410,KOR,Rep. of Korea,446,MAC,"China, Macao SAR",False,M,2017,8542,9591.0,False,True,UN_Comtrade_official_public_preview_reporter_query,2026-09-11T16:05:47+00:00
H5,410,KOR,Rep. of Korea,450,MDG,Madagascar,False,M,2017,8542,1572.0,False,True,UN_Comtrade_official_public_preview_reporter_query,2026-09-11T16:05:47+00:00
H5,410,KOR,Rep. of Korea,454,MWI,Malawi,False,M,2017,8542,176.0,False,True,UN_Comtrade_official_public_preview_reporter_query,2026-09-11T16:05:47+00:00
H5,410,KOR,Rep. of Korea,458,MYS,Malaysia,False,M,2017,8542,1270074364.0,False,True,UN_Comtrade_official_public_preview_reporter_query,2026-09-11T16:05:47+00:00
H5,410,KOR,Rep. of Korea,462,MDV,Maldives,False,M,2017,8542,274.0,False,True,UN_Comtrade_official_public_preview_reporter_query,2026-09-11T16:05:47+00:00
H5,410,KOR,Rep. of Korea,466,MLI,Mali,False,M,2017,8542,76657.0,False,True,UN_Comtrade_official_public_preview_reporter_query,2026-09-11T16:05:47+00:00
H5,410,KOR,Rep. of Korea,470,MLT,Malta,False,M,2017,8542,18779250.0,False,True,UN_Comtrade_official_public_preview_reporter_query,2026-09-11T16:05:47+00:00
H5,410,KOR,Rep. of Korea,478,MRT,Mauritania,False,M,2017,8542,36393.0,False,True,UN_Comtrade_official_public_preview_reporter_query,2026-09-11T16:05:47+00:00
H5,410,KOR,Rep. of Korea,480,MUS,Mauritius,False,M,2017,8542,2002.0,False,True,UN_Comtrade_official_public_preview_reporter_query,2026-09-11T16:05:47+00:00
H5,410,KOR,Rep. of Korea,484,MEX,Mexico,False,M,2017,8542,73533870.0,False,True,UN_Comtrade_official_public_preview_reporter_query,2026-09-11T16:05:47+00:00
H5,410,KOR,Rep. of Korea,490,S19,"Other Asia, nes",False,M,2017,8542,10042289594.0,False,True,UN_Comtrade_official_public_preview_reporter_query,2026-09-11T16:05:47+00:00
H5,410,KOR,Rep. of Korea,499,MNE,Montenegro,False,M,2017,8542,732.0,False,True,UN_Comtrade_official_public_preview_reporter_query,2026-09-11T16:05:47+00:00
H5,410,KOR,Rep. of Korea,500,MSR,Montserrat,False,M,2017,8542,1447.0,False,True,UN_Comtrade_official_public_preview_reporter_query,2026-09-11T16:05:47+00:00
H5,410,KOR,Rep. of Korea,504,MAR,Morocco,False,M,2017,8542,24702871.0,False,True,UN_Comtrade_official_public_preview_reporter_query,2026-09-11T16:05:47+00:00
H5,410,KOR,Rep. of Korea,528,NLD,Netherlands,False,M,2017,8542,21553344.0,False,True,UN_Comtrade_official_public_preview_reporter_query,2026-09-11T16:05:47+00:00
H5,410,KOR,Rep. of Korea,540,NCL,New Caledonia,False,M,2017,8542,5006.0,False,True,UN_Comtrade_official_public_preview_reporter_query,2026-09-11T16:05:47+00:00
H5,410,KOR,Rep. of Korea,554,NZL,New Zealand,False,M,2017,8542,2773.0,False,True,UN_Comtrade_official_public_preview_reporter_query,2026-09-11T16:05:47+00:00
H5,410,KOR,Rep. of Korea,562,NER,Niger,False,M,2017,8542,568.0,False,True,UN_Comtrade_official_public_preview_reporter_query,2026-09-11T16:05:47+00:00
H5,410,KOR,Rep. of Korea,570,NIU,Niue,False,M,2017,8542,296.0,False,True,UN_Comtrade_official_public_preview_reporter_query,2026-09-11T16:05:47+00:00
H5,410,KOR,Rep. of Korea,579,NOR,Norway,False,M,2017,8542,135051.0,False,True,UN_Comtrade_official_public_preview_reporter_query,2026-09-11T16:05:47+00:00
H5,410,KOR,Rep. of Korea,598,PNG,Papua New Guinea,False,M,2017,8542,31202.0,False,True,UN_Comtrade_official_public_preview_reporter_query,2026-09-11T16:05:47+00:00
H5,410,KOR,Rep. of Korea,608,PHL,Philippines,False,M,2017,8542,855875717.0,False,True,UN_Comtrade_official_public_preview_reporter_query,2026-09-11T16:05:47+00:00
H5,410,KOR,Rep. of Korea,616,POL,Poland,False,M,2017,8542,148375.0,False,True,UN_Comtrade_official_public_preview_reporter_query,2026-09-11T16:05:47+00:00
H5,410,KOR,Rep. of Korea,620,PRT,Portugal,False,M,2017,8542,10735093.0,False,True,UN_Comtrade_official_public_preview_reporter_query,2026-09-11T16:05:47+00:00
H5,410,KOR,Rep. of Korea,634,QAT,Qatar,False,M,2017,8542,26958.0,False,True,UN_Comtrade_official_public_preview_reporter_query,2026-09-11T16:05:47+00:00
H5,410,KOR,Rep. of Korea,642,ROU,Romania,False,M,2017,8542,145382.0,False,True,UN_Comtrade_official_public_preview_reporter_query,2026-09-11T16:05:47+00:00
H5,410,KOR,Rep. of Korea,643,RUS,Russian Federation,False,M,2017,8542,2341200.0,False,True,UN_Comtrade_official_public_preview_reporter_query,2026-09-11T16:05:47+00:00
H5,410,KOR,Rep. of Korea,646,RWA,Rwanda,False,M,2017,8542,66548.0,False,True,UN_Comtrade_official_public_preview_reporter_query,2026-09-11T16:05:47+00:00
H5,410,KOR,Rep. of Korea,662,LCA,Saint Lucia,False,M,2017,8542,385100.0,False,True,UN_Comtrade_official_public_preview_reporter_query,2026-09-11T16:05:47+00:00
H5,410,KOR,Rep. of Korea,666,SPM,Saint Pierre and Miquelon,False,M,2017,8542,68.0,False,True,UN_Comtrade_official_public_preview_reporter_query,2026-09-11T16:05:47+00:00
H5,410,KOR,Rep. of Korea,688,SRB,Serbia,False,M,2017,8542,5932.0,False,True,UN_Comtrade_official_public_preview_reporter_query,2026-09-11T16:05:47+00:00
H5,410,KOR,Rep. of Korea,694,SLE,Sierra Leone,False,M,2017,8542,489.0,False,True,UN_Comtrade_official_public_preview_reporter_query,2026-09-11T16:05:47+00:00
H5,410,KOR,Rep. of Korea,699,IND,India,False,M,2017,8542,3840679.0,False,True,UN_Comtrade_official_public_preview_reporter_query,2026-09-11T16:05:47+00:00
H5,410,KOR,Rep. of Korea,702,SGP,Singapore,False,M,2017,8542,2031182754.0,False,True,UN_Comtrade_official_public_preview_reporter_query,2026-09-11T16:05:47+00:00
H5,410,KOR,Rep. of Korea,703,SVK,Slovakia,False,M,2017,8542,610779.0,False,True,UN_Comtrade_official_public_preview_reporter_query,2026-09-11T16:05:47+00:00
H5,410,KOR,Rep. of Korea,704,VNM,Viet Nam,False,M,2017,8542,288110939.0,False,True,UN_Comtrade_official_public_preview_reporter_query,2026-09-11T16:05:47+00:00
H5,410,KOR,Rep. of Korea,705,SVN,Slovenia,False,M,2017,8542,106615.0,False,True,UN_Comtrade_official_public_preview_reporter_query,2026-09-11T16:05:47+00:00
H5,410,KOR,Rep. of Korea,710,ZAF,South Africa,False,M,2017,8542,1287.0,False,True,UN_Comtrade_official_public_preview_reporter_query,2026-09-11T16:05:47+00:00
H5,410,KOR,Rep. of Korea,716,ZWE,Zimbabwe,False,M,2017,8542,417.0,False,True,UN_Comtrade_official_public_preview_reporter_query,2026-09-11T16:05:47+00:00
H5,410,KOR,Rep. of Korea,724,ESP,Spain,False,M,2017,8542,375347.0,False,True,UN_Comtrade_official_public_preview_reporter_query,2026-09-11T16:05:47+00:00
H5,410,KOR,Rep. of Korea,748,SWZ,Eswatini,False,M,2017,8542,8430.0,False,True,UN_Comtrade_official_public_preview_reporter_query,2026-09-11T16:05:47+00:00
H5,410,KOR,Rep. of Korea,752,SWE,Sweden,False,M,2017,8542,697238.0,False,True,UN_Comtrade_official_public_preview_reporter_query,2026-09-11T16:05:47+00:00
H5,410,KOR,Rep. of Korea,757,CHE,Switzerland,False,M,2017,8542,14951328.0,False,True,UN_Comtrade_official_public_preview_reporter_query,2026-09-11T16:05:47+00:00
H5,410,KOR,Rep. of Korea,762,TJK,Tajikistan,False,M,2017,8542,1816.0,False,True,UN_Comtrade_official_public_preview_reporter_query,2026-09-11T16:05:47+00:00
H5,410,KOR,Rep. of Korea,764,THA,Thailand,False,M,2017,8542,391752852.0,False,True,UN_Comtrade_official_public_preview_reporter_query,2026-09-11T16:05:47+00:00
H5,410,KOR,Rep. of Korea,784,ARE,United Arab Emirates,False,M,2017,8542,163682.0,False,True,UN_Comtrade_official_public_preview_reporter_query,2026-09-11T16:05:47+00:00
H5,410,KOR,Rep. of Korea,788,TUN,Tunisia,False,M,2017,8542,840.0,False,True,UN_Comtrade_official_public_preview_reporter_query,2026-09-11T16:05:47+00:00
H5,410,KOR,Rep. of Korea,792,TUR,Türkiye,False,M,2017,8542,401447.0,False,True,UN_Comtrade_official_public_preview_reporter_query,2026-09-11T16:05:47+00:00
H5,410,KOR,Rep. of Korea,804,UKR,Ukraine,False,M,2017,8542,10243.0,False,True,UN_Comtrade_official_public_preview_reporter_query,2026-09-11T16:05:47+00:00
H5,410,KOR,Rep. of Korea,807,MKD,North Macedonia,False,M,2017,8542,3805.0,False,True,UN_Comtrade_official_public_preview_reporter_query,2026-09-11T16:05:47+00:00
H5,410,KOR,Rep. of Korea,818,EGY,Egypt,False,M,2017,8542,43543.0,False,True,UN_Comtrade_official_public_preview_reporter_query,2026-09-11T16:05:47+00:00
H5,410,KOR,Rep. of Korea,826,GBR,United Kingdom,False,M,2017,8542,5448393.0,False,True,UN_Comtrade_official_public_preview_reporter_query,2026-09-11T16:05:47+00:00
H5,410,KOR,Rep. of Korea,842,USA,USA,False,M,2017,8542,3687228817.0,False,True,UN_Comtrade_official_public_preview_reporter_query,2026-09-11T16:05:47+00:00
H5,410,KOR,Rep. of Korea,887,YEM,Yemen,False,M,2017,8542,64801.0,False,True,UN_Comtrade_official_public_preview_reporter_query,2026-09-11T16:05:47+00:00
H5,410,KOR,Rep. of Korea,894,ZMB,Zambia,False,M,2017,8542,217.0,False,True,UN_Comtrade_official_public_preview_reporter_query,2026-09-11T16:05:47+00:00
H5,410,KOR,Rep. of Korea,899,_X ,"Areas, nes",False,M,2017,8542,63420419.0,False,True,UN_Comtrade_official_public_preview_reporter_query,2026-09-11T16:05:47+00:00
H5,410,KOR,Rep. of Korea,12,DZA,Algeria,False,X,2017,8542,381349.0,False,True,UN_Comtrade_official_public_preview_reporter_query,2026-09-11T16:05:47+00:00
H5,410,KOR,Rep. of Korea,20,AND,Andorra,False,X,2017,8542,137824.0,False,True,UN_Comtrade_official_public_preview_reporter_query,2026-09-11T16:05:47+00:00
H5,410,KOR,Rep. of Korea,24,AGO,Angola,False,X,2017,8542,120667.0,False,True,UN_Comtrade_official_public_preview_reporter_query,2026-09-11T16:05:47+00:00
H5,410,KOR,Rep. of Korea,32,ARG,Argentina,False,X,2017,8542,4662918.0,False,True,UN_Comtrade_official_public_preview_reporter_query,2026-09-11T16:05:47+00:00
H5,410,KOR,Rep. of Korea,36,AUS,Australia,False,X,2017,8542,1668544.0,False,True,UN_Comtrade_official_public_preview_reporter_query,2026-09-11T16:05:47+00:00
H5,410,KOR,Rep. of Korea,40,AUT,Austria,False,X,2017,8542,242217544.0,False,True,UN_Comtrade_official_public_preview_reporter_query,2026-09-11T16:05:47+00:00
H5,410,KOR,Rep. of Korea,50,BGD,Bangladesh,False,X,2017,8542,8807.0,False,True,UN_Comtrade_official_public_preview_reporter_query,2026-09-11T16:05:47+00:00
H5,410,KOR,Rep. of Korea,56,BEL,Belgium,False,X,2017,8542,119648.0,False,True,UN_Comtrade_official_public_preview_reporter_query,2026-09-11T16:05:47+00:00
H5,410,KOR,Rep. of Korea,72,BWA,Botswana,False,X,2017,8542,6230.0,False,True,UN_Comtrade_official_public_preview_reporter_query,2026-09-11T16:05:47+00:00
H5,410,KOR,Rep. of Korea,76,BRA,Brazil,False,X,2017,8542,1151097749.0,False,True,UN_Comtrade_official_public_preview_reporter_query,2026-09-11T16:05:47+00:00
H5,410,KOR,Rep. of Korea,100,BGR,Bulgaria,False,X,2017,8542,16117.0,False,True,UN_Comtrade_official_public_preview_reporter_query,2026-09-11T16:05:47+00:00
H5,410,KOR,Rep. of Korea,112,BLR,Belarus,False,X,2017,8542,13164.0,False,True,UN_Comtrade_official_public_preview_reporter_query,2026-09-11T16:05:47+00:00
H5,410,KOR,Rep. of Korea,116,KHM,Cambodia,False,X,2017,8542,575203.0,False,True,UN_Comtrade_official_public_preview_reporter_query,2026-09-11T16:05:47+00:00
H5,410,KOR,Rep. of Korea,124,CAN,Canada,False,X,2017,8542,2153273.0,False,True,UN_Comtrade_official_public_preview_reporter_query,2026-09-11T16:05:47+00:00
H5,410,KOR,Rep. of Korea,144,LKA,Sri Lanka,False,X,2017,8542,127.0,False,True,UN_Comtrade_official_public_preview_reporter_query,2026-09-11T16:05:47+00:00
H5,410,KOR,Rep. of Korea,152,CHL,Chile,False,X,2017,8542,56708.0,False,True,UN_Comtrade_official_public_preview_reporter_query,2026-09-11T16:05:47+00:00
H5,410,KOR,Rep. of Korea,156,CHN,China,False,X,2017,8542,35188041571.0,False,True,UN_Comtrade_official_public_preview_reporter_query,2026-09-11T16:05:47+00:00
H5,410,KOR,Rep. of Korea,170,COL,Colombia,False,X,2017,8542,570.0,False,True,UN_Comtrade_official_public_preview_reporter_query,2026-09-11T16:05:47+00:00
H5,410,KOR,Rep. of Korea,188,CRI,Costa Rica,False,X,2017,8542,9480.0,False,True,UN_Comtrade_official_public_preview_reporter_query,2026-09-11T16:05:47+00:00
H5,410,KOR,Rep. of Korea,191,HRV,Croatia,False,X,2017,8542,60.0,False,True,UN_Comtrade_official_public_preview_reporter_query,2026-09-11T16:05:47+00:00
H5,410,KOR,Rep. of Korea,203,CZE,Czechia,False,X,2017,8542,244670.0,False,True,UN_Comtrade_official_public_preview_reporter_query,2026-09-11T16:05:47+00:00
H5,410,KOR,Rep. of Korea,208,DNK,Denmark,False,X,2017,8542,1145466.0,False,True,UN_Comtrade_official_public_preview_reporter_query,2026-09-11T16:05:47+00:00
H5,410,KOR,Rep. of Korea,218,ECU,Ecuador,False,X,2017,8542,2247774.0,False,True,UN_Comtrade_official_public_preview_reporter_query,2026-09-11T16:05:47+00:00
H5,410,KOR,Rep. of Korea,222,SLV,El Salvador,False,X,2017,8542,3212.0,False,True,UN_Comtrade_official_public_preview_reporter_query,2026-09-11T16:05:47+00:00
H5,410,KOR,Rep. of Korea,233,EST,Estonia,False,X,2017,8542,522503.0,False,True,UN_Comtrade_official_public_preview_reporter_query,2026-09-11T16:05:47+00:00
H5,410,KOR,Rep. of Korea,246,FIN,Finland,False,X,2017,8542,1912160.0,False,True,UN_Comtrade_official_public_preview_reporter_query,2026-09-11T16:05:47+00:00
H5,410,KOR,Rep. of Korea,251,FRA,France,False,X,2017,8542,55159125.0,False,True,UN_Comtrade_official_public_preview_reporter_query,2026-09-11T16:05:47+00:00
H5,410,KOR,Rep. of Korea,268,GEO,Georgia,False,X,2017,8542,152166.0,False,True,UN_Comtrade_official_public_preview_reporter_query,2026-09-11T16:05:47+00:00
H5,410,KOR,Rep. of Korea,276,DEU,Germany,False,X,2017,8542,212211481.0,False,True,UN_Comtrade_official_public_preview_reporter_query,2026-09-11T16:05:47+00:00
H5,410,KOR,Rep. of Korea,288,GHA,Ghana,False,X,2017,8542,1.0,False,True,UN_Comtrade_official_public_preview_reporter_query,2026-09-11T16:05:47+00:00
H5,410,KOR,Rep. of Korea,316,GUM,Guam,False,X,2017,8542,80.0,False,True,UN_Comtrade_official_public_preview_reporter_query,2026-09-11T16:05:47+00:00
H5,410,KOR,Rep. of Korea,320,GTM,Guatemala,False,X,2017,8542,2000.0,False,True,UN_Comtrade_official_public_preview_reporter_query,2026-09-11T16:05:47+00:00
H5,410,KOR,Rep. of Korea,324,GIN,Guinea,False,X,2017,8542,10.0,False,True,UN_Comtrade_official_public_preview_reporter_query,2026-09-11T16:05:47+00:00
H5,410,KOR,Rep. of Korea,344,HKG,"China, Hong Kong SAR",False,X,2017,8542,25325428638.0,False,True,UN_Comtrade_official_public_preview_reporter_query,2026-09-11T16:05:47+00:00
H5,410,KOR,Rep. of Korea,348,HUN,Hungary,False,X,2017,8542,5321002.0,False,True,UN_Comtrade_official_public_preview_reporter_query,2026-09-11T16:05:47+00:00
H5,410,KOR,Rep. of Korea,360,IDN,Indonesia,False,X,2017,8542,179272877.0,False,True,UN_Comtrade_official_public_preview_reporter_query,2026-09-11T16:05:47+00:00
H5,410,KOR,Rep. of Korea,364,IRN,Iran,False,X,2017,8542,11037567.0,False,True,UN_Comtrade_official_public_preview_reporter_query,2026-09-11T16:05:47+00:00
H5,410,KOR,Rep. of Korea,368,IRQ,Iraq,False,X,2017,8542,57055.0,False,True,UN_Comtrade_official_public_preview_reporter_query,2026-09-11T16:05:47+00:00
H5,410,KOR,Rep. of Korea,372,IRL,Ireland,False,X,2017,8542,1121568.0,False,True,UN_Comtrade_official_public_preview_reporter_query,2026-09-11T16:05:47+00:00
H5,410,KOR,Rep. of Korea,376,ISR,Israel,False,X,2017,8542,16311607.0,False,True,UN_Comtrade_official_public_preview_reporter_query,2026-09-11T16:05:47+00:00
H5,410,KOR,Rep. of Korea,380,ITA,Italy,False,X,2017,8542,9726844.0,False,True,UN_Comtrade_official_public_preview_reporter_query,2026-09-11T16:05:47+00:00
H5,410,KOR,Rep. of Korea,392,JPN,Japan,False,X,2017,8542,846138914.0,False,True,UN_Comtrade_official_public_preview_reporter_query,2026-09-11T16:05:47+00:00
H5,410,KOR,Rep. of Korea,398,KAZ,Kazakhstan,False,X,2017,8542,1211467.0,False,True,UN_Comtrade_official_public_preview_reporter_query,2026-09-11T16:05:47+00:00
H5,410,KOR,Rep. of Korea,414,KWT,Kuwait,False,X,2017,8542,10546.0,False,True,UN_Comtrade_official_public_preview_reporter_query,2026-09-11T16:05:47+00:00
H5,410,KOR,Rep. of Korea,422,LBN,Lebanon,False,X,2017,8542,1181.0,False,True,UN_Comtrade_official_public_preview_reporter_query,2026-09-11T16:05:47+00:00
H5,410,KOR,Rep. of Korea,428,LVA,Latvia,False,X,2017,8542,15986.0,False,True,UN_Comtrade_official_public_preview_reporter_query,2026-09-11T16:05:47+00:00
H5,410,KOR,Rep. of Korea,440,LTU,Lithuania,False,X,2017,8542,365597.0,False,True,UN_Comtrade_official_public_preview_reporter_query,2026-09-11T16:05:47+00:00
H5,410,KOR,Rep. of Korea,442,LUX,Luxembourg,False,X,2017,8542,583.0,False,True,UN_Comtrade_official_public_preview_reporter_query,2026-09-11T16:05:47+00:00
H5,410,KOR,Rep. of Korea,458,MYS,Malaysia,False,X,2017,8542,890189175.0,False,True,UN_Comtrade_official_public_preview_reporter_query,2026-09-11T16:05:47+00:00
H5,410,KOR,Rep. of Korea,470,MLT,Malta,False,X,2017,8542,7701277.0,False,True,UN_Comtrade_official_public_preview_reporter_query,2026-09-11T16:05:47+00:00
H5,410,KOR,Rep. of Korea,484,MEX,Mexico,False,X,2017,8542,196221965.0,False,True,UN_Comtrade_official_public_preview_reporter_query,2026-09-11T16:05:47+00:00
H5,410,KOR,Rep. of Korea,490,S19,"Other Asia, nes",False,X,2017,8542,4027645834.0,False,True,UN_Comtrade_official_public_preview_reporter_query,2026-09-11T16:05:47+00:00
H5,410,KOR,Rep. of Korea,504,MAR,Morocco,False,X,2017,8542,98330.0,False,True,UN_Comtrade_official_public_preview_reporter_query,2026-09-11T16:05:47+00:00
H5,410,KOR,Rep. of Korea,512,OMN,Oman,False,X,2017,8542,4857.0,False,True,UN_Comtrade_official_public_preview_reporter_query,2026-09-11T16:05:47+00:00
H5,410,KOR,Rep. of Korea,524,NPL,Nepal,False,X,2017,8542,2919.0,False,True,UN_Comtrade_official_public_preview_reporter_query,2026-09-11T16:05:47+00:00
H5,410,KOR,Rep. of Korea,528,NLD,Netherlands,False,X,2017,8542,87195039.0,False,True,UN_Comtrade_official_public_preview_reporter_query,2026-09-11T16:05:47+00:00
H5,410,KOR,Rep. of Korea,554,NZL,New Zealand,False,X,2017,8542,77025.0,False,True,UN_Comtrade_official_public_preview_reporter_query,2026-09-11T16:05:47+00:00
H5,410,KOR,Rep. of Korea,566,NGA,Nigeria,False,X,2017,8542,2243688.0,False,True,UN_Comtrade_official_public_preview_reporter_query,2026-09-11T16:05:47+00:00
H5,410,KOR,Rep. of Korea,579,NOR,Norway,False,X,2017,8542,99369.0,False,True,UN_Comtrade_official_public_preview_reporter_query,2026-09-11T16:05:47+00:00
H5,410,KOR,Rep. of Korea,591,PAN,Panama,False,X,2017,8542,32.0,False,True,UN_Comtrade_official_public_preview_reporter_query,2026-09-11T16:05:47+00:00
H5,410,KOR,Rep. of Korea,600,PRY,Paraguay,False,X,2017,8542,3115.0,False,True,UN_Comtrade_official_public_preview_reporter_query,2026-09-11T16:05:47+00:00
H5,410,KOR,Rep. of Korea,604,PER,Peru,False,X,2017,8542,7.0,False,True,UN_Comtrade_official_public_preview_reporter_query,2026-09-11T16:05:47+00:00
H5,410,KOR,Rep. of Korea,608,PHL,Philippines,False,X,2017,8542,4157752422.0,False,True,UN_Comtrade_official_public_preview_reporter_query,2026-09-11T16:05:47+00:00
H5,410,KOR,Rep. of Korea,616,POL,Poland,False,X,2017,8542,52512813.0,False,True,UN_Comtrade_official_public_preview_reporter_query,2026-09-11T16:05:47+00:00
H5,410,KOR,Rep. of Korea,620,PRT,Portugal,False,X,2017,8542,11633068.0,False,True,UN_Comtrade_official_public_preview_reporter_query,2026-09-11T16:05:47+00:00
H5,410,KOR,Rep. of Korea,642,ROU,Romania,False,X,2017,8542,1573994.0,False,True,UN_Comtrade_official_public_preview_reporter_query,2026-09-11T16:05:47+00:00
H5,410,KOR,Rep. of Korea,643,RUS,Russian Federation,False,X,2017,8542,47836683.0,False,True,UN_Comtrade_official_public_preview_reporter_query,2026-09-11T16:05:47+00:00
H5,410,KOR,Rep. of Korea,682,SAU,Saudi Arabia,False,X,2017,8542,81964.0,False,True,UN_Comtrade_official_public_preview_reporter_query,2026-09-11T16:05:47+00:00
H5,410,KOR,Rep. of Korea,688,SRB,Serbia,False,X,2017,8542,189.0,False,True,UN_Comtrade_official_public_preview_reporter_query,2026-09-11T16:05:47+00:00
H5,410,KOR,Rep. of Korea,699,IND,India,False,X,2017,8542,591991628.0,False,True,UN_Comtrade_official_public_preview_reporter_query,2026-09-11T16:05:47+00:00
H5,410,KOR,Rep. of Korea,702,SGP,Singapore,False,X,2017,8542,2894385606.0,False,True,UN_Comtrade_official_public_preview_reporter_query,2026-09-11T16:05:47+00:00
H5,410,KOR,Rep. of Korea,703,SVK,Slovakia,False,X,2017,8542,68313577.0,False,True,UN_Comtrade_official_public_preview_reporter_query,2026-09-11T16:05:47+00:00
H5,410,KOR,Rep. of Korea,704,VNM,Viet Nam,False,X,2017,8542,8646429244.0,False,True,UN_Comtrade_official_public_preview_reporter_query,2026-09-11T16:05:47+00:00
H5,410,KOR,Rep. of Korea,705,SVN,Slovenia,False,X,2017,8542,33776.0,False,True,UN_Comtrade_official_public_preview_reporter_query,2026-09-11T16:05:47+00:00
H5,410,KOR,Rep. of Korea,710,ZAF,South Africa,False,X,2017,8542,1185696.0,False,True,UN_Comtrade_official_public_preview_reporter_query,2026-09-11T16:05:47+00:00
H5,410,KOR,Rep. of Korea,724,ESP,Spain,False,X,2017,8542,1215288.0,False,True,UN_Comtrade_official_public_preview_reporter_query,2026-09-11T16:05:47+00:00
H5,410,KOR,Rep. of Korea,748,SWZ,Eswatini,False,X,2017,8542,4346914.0,False,True,UN_Comtrade_official_public_preview_reporter_query,2026-09-11T16:05:47+00:00
H5,410,KOR,Rep. of Korea,752,SWE,Sweden,False,X,2017,8542,942112.0,False,True,UN_Comtrade_official_public_preview_reporter_query,2026-09-11T16:05:47+00:00
H5,410,KOR,Rep. of Korea,757,CHE,Switzerland,False,X,2017,8542,4720562.0,False,True,UN_Comtrade_official_public_preview_reporter_query,2026-09-11T16:05:47+00:00
H5,410,KOR,Rep. of Korea,764,THA,Thailand,False,X,2017,8542,516306894.0,False,True,UN_Comtrade_official_public_preview_reporter_query,2026-09-11T16:05:47+00:00
H5,410,KOR,Rep. of Korea,784,ARE,United Arab Emirates,False,X,2017,8542,1243549.0,False,True,UN_Comtrade_official_public_preview_reporter_query,2026-09-11T16:05:47+00:00
H5,410,KOR,Rep. of Korea,788,TUN,Tunisia,False,X,2017,8542,2216114.0,False,True,UN_Comtrade_official_public_preview_reporter_query,2026-09-11T16:05:47+00:00
H5,410,KOR,Rep. of Korea,792,TUR,Türkiye,False,X,2017,8542,14013856.0,False,True,UN_Comtrade_official_public_preview_reporter_query,2026-09-11T16:05:47+00:00
H5,410,KOR,Rep. of Korea,804,UKR,Ukraine,False,X,2017,8542,6866.0,False,True,UN_Comtrade_official_public_preview_reporter_query,2026-09-11T16:05:47+00:00
H5,410,KOR,Rep. of Korea,818,EGY,Egypt,False,X,2017,8542,27307264.0,False,True,UN_Comtrade_official_public_preview_reporter_query,2026-09-11T16:05:47+00:00
H5,410,KOR,Rep. of Korea,826,GBR,United Kingdom,False,X,2017,8542,5593836.0,False,True,UN_Comtrade_official_public_preview_reporter_query,2026-09-11T16:05:47+00:00
H5,410,KOR,Rep. of Korea,842,USA,USA,False,X,2017,8542,579103496.0,False,True,UN_Comtrade_official_public_preview_reporter_query,2026-09-11T16:05:47+00:00
H5,410,KOR,Rep. of Korea,860,UZB,Uzbekistan,False,X,2017,8542,11258.0,False,True,UN_Comtrade_official_public_preview_reporter_query,2026-09-11T16:05:47+00:00
H5,410,KOR,Rep. of Korea,862,VEN,Venezuela,False,X,2017,8542,750.0,False,True,UN_Comtrade_official_public_preview_reporter_query,2026-09-11T16:05:47+00:00
H6,410,KOR,Rep. of Korea,31,AZE,Azerbaijan,False,M,2022,8542,17096.0,False,True,UN_Comtrade_official_public_preview_reporter_query,2026-09-11T16:05:47+00:00
H6,410,KOR,Rep. of Korea,36,AUS,Australia,False,M,2022,8542,135943.0,False,True,UN_Comtrade_official_public_preview_reporter_query,2026-09-11T16:05:47+00:00
H6,410,KOR,Rep. of Korea,40,AUT,Austria,False,M,2022,8542,35138105.0,False,True,UN_Comtrade_official_public_preview_reporter_query,2026-09-11T16:05:47+00:00
H6,410,KOR,Rep. of Korea,56,BEL,Belgium,False,M,2022,8542,8210499.0,False,True,UN_Comtrade_official_public_preview_reporter_query,2026-09-11T16:05:47+00:00
H6,410,KOR,Rep. of Korea,68,BOL,Bolivia (Plurinational State of),False,M,2022,8542,3736.0,False,True,UN_Comtrade_official_public_preview_reporter_query,2026-09-11T16:05:47+00:00
H6,410,KOR,Rep. of Korea,76,BRA,Brazil,False,M,2022,8542,537031.0,False,True,UN_Comtrade_official_public_preview_reporter_query,2026-09-11T16:05:47+00:00
H6,410,KOR,Rep. of Korea,100,BGR,Bulgaria,False,M,2022,8542,1809688.0,False,True,UN_Comtrade_official_public_preview_reporter_query,2026-09-11T16:05:47+00:00
H6,410,KOR,Rep. of Korea,104,MMR,Myanmar,False,M,2022,8542,34351.0,False,True,UN_Comtrade_official_public_preview_reporter_query,2026-09-11T16:05:47+00:00
H6,410,KOR,Rep. of Korea,112,BLR,Belarus,False,M,2022,8542,4464123.0,False,True,UN_Comtrade_official_public_preview_reporter_query,2026-09-11T16:05:47+00:00
H6,410,KOR,Rep. of Korea,120,CMR,Cameroon,False,M,2022,8542,5021.0,False,True,UN_Comtrade_official_public_preview_reporter_query,2026-09-11T16:05:47+00:00
H6,410,KOR,Rep. of Korea,124,CAN,Canada,False,M,2022,8542,18350916.0,False,True,UN_Comtrade_official_public_preview_reporter_query,2026-09-11T16:05:47+00:00
H6,410,KOR,Rep. of Korea,132,CPV,Cabo Verde,False,M,2022,8542,24582.0,False,True,UN_Comtrade_official_public_preview_reporter_query,2026-09-11T16:05:47+00:00
H6,410,KOR,Rep. of Korea,144,LKA,Sri Lanka,False,M,2022,8542,4537.0,False,True,UN_Comtrade_official_public_preview_reporter_query,2026-09-11T16:05:47+00:00
H6,410,KOR,Rep. of Korea,148,TCD,Chad,False,M,2022,8542,2037.0,False,True,UN_Comtrade_official_public_preview_reporter_query,2026-09-11T16:05:47+00:00
H6,410,KOR,Rep. of Korea,152,CHL,Chile,False,M,2022,8542,3059.0,False,True,UN_Comtrade_official_public_preview_reporter_query,2026-09-11T16:05:47+00:00
H6,410,KOR,Rep. of Korea,156,CHN,China,False,M,2022,8542,23504782880.0,False,True,UN_Comtrade_official_public_preview_reporter_query,2026-09-11T16:05:47+00:00
H6,410,KOR,Rep. of Korea,170,COL,Colombia,False,M,2022,8542,5525.0,False,True,UN_Comtrade_official_public_preview_reporter_query,2026-09-11T16:05:47+00:00
H6,410,KOR,Rep. of Korea,184,COK,Cook Isds,False,M,2022,8542,29.0,False,True,UN_Comtrade_official_public_preview_reporter_query,2026-09-11T16:05:47+00:00
H6,410,KOR,Rep. of Korea,188,CRI,Costa Rica,False,M,2022,8542,3046742.0,False,True,UN_Comtrade_official_public_preview_reporter_query,2026-09-11T16:05:47+00:00
H6,410,KOR,Rep. of Korea,191,HRV,Croatia,False,M,2022,8542,12949.0,False,True,UN_Comtrade_official_public_preview_reporter_query,2026-09-11T16:05:47+00:00
H6,410,KOR,Rep. of Korea,203,CZE,Czechia,False,M,2022,8542,256065.0,False,True,UN_Comtrade_official_public_preview_reporter_query,2026-09-11T16:05:47+00:00
H6,410,KOR,Rep. of Korea,208,DNK,Denmark,False,M,2022,8542,1005878.0,False,True,UN_Comtrade_official_public_preview_reporter_query,2026-09-11T16:05:47+00:00
H6,410,KOR,Rep. of Korea,214,DOM,Dominican Rep.,False,M,2022,8542,16.0,False,True,UN_Comtrade_official_public_preview_reporter_query,2026-09-11T16:05:47+00:00
H6,410,KOR,Rep. of Korea,222,SLV,El Salvador,False,M,2022,8542,135679.0,False,True,UN_Comtrade_official_public_preview_reporter_query,2026-09-11T16:05:47+00:00
H6,410,KOR,Rep. of Korea,233,EST,Estonia,False,M,2022,8542,288.0,False,True,UN_Comtrade_official_public_preview_reporter_query,2026-09-11T16:05:47+00:00
H6,410,KOR,Rep. of Korea,234,FRO,Faroe Isds,False,M,2022,8542,60978.0,False,True,UN_Comtrade_official_public_preview_reporter_query,2026-09-11T16:05:47+00:00
H6,410,KOR,Rep. of Korea,242,FJI,Fiji,False,M,2022,8542,5805.0,False,True,UN_Comtrade_official_public_preview_reporter_query,2026-09-11T16:05:47+00:00
H6,410,KOR,Rep. of Korea,246,FIN,Finland,False,M,2022,8542,274467.0,False,True,UN_Comtrade_official_public_preview_reporter_query,2026-09-11T16:05:47+00:00
H6,410,KOR,Rep. of Korea,251,FRA,France,False,M,2022,8542,375571095.0,False,True,UN_Comtrade_official_public_preview_reporter_query,2026-09-11T16:05:47+00:00
H6,410,KOR,Rep. of Korea,268,GEO,Georgia,False,M,2022,8542,96033.0,False,True,UN_Comtrade_official_public_preview_reporter_query,2026-09-11T16:05:47+00:00
H6,410,KOR,Rep. of Korea,276,DEU,Germany,False,M,2022,8542,853506226.0,False,True,UN_Comtrade_official_public_preview_reporter_query,2026-09-11T16:05:47+00:00
H6,410,KOR,Rep. of Korea,300,GRC,Greece,False,M,2022,8542,27.0,False,True,UN_Comtrade_official_public_preview_reporter_query,2026-09-11T16:05:47+00:00
H6,410,KOR,Rep. of Korea,320,GTM,Guatemala,False,M,2022,8542,372102.0,False,True,UN_Comtrade_official_public_preview_reporter_query,2026-09-11T16:05:47+00:00
H6,410,KOR,Rep. of Korea,332,HTI,Haiti,False,M,2022,8542,12276.0,False,True,UN_Comtrade_official_public_preview_reporter_query,2026-09-11T16:05:47+00:00
H6,410,KOR,Rep. of Korea,340,HND,Honduras,False,M,2022,8542,201.0,False,True,UN_Comtrade_official_public_preview_reporter_query,2026-09-11T16:05:47+00:00
H6,410,KOR,Rep. of Korea,344,HKG,"China, Hong Kong SAR",False,M,2022,8542,1016893012.0,False,True,UN_Comtrade_official_public_preview_reporter_query,2026-09-11T16:05:47+00:00
H6,410,KOR,Rep. of Korea,348,HUN,Hungary,False,M,2022,8542,1314704.0,False,True,UN_Comtrade_official_public_preview_reporter_query,2026-09-11T16:05:47+00:00
H6,410,KOR,Rep. of Korea,352,ISL,Iceland,False,M,2022,8542,147.0,False,True,UN_Comtrade_official_public_preview_reporter_query,2026-09-11T16:05:47+00:00
H6,410,KOR,Rep. of Korea,360,IDN,Indonesia,False,M,2022,8542,57045879.0,False,True,UN_Comtrade_official_public_preview_reporter_query,2026-09-11T16:05:47+00:00
H6,410,KOR,Rep. of Korea,364,IRN,Iran,False,M,2022,8542,40247.0,False,True,UN_Comtrade_official_public_preview_reporter_query,2026-09-11T16:05:47+00:00
H6,410,KOR,Rep. of Korea,372,IRL,Ireland,False,M,2022,8542,16784850.0,False,True,UN_Comtrade_official_public_preview_reporter_query,2026-09-11T16:05:47+00:00
H6,410,KOR,Rep. of Korea,376,ISR,Israel,False,M,2022,8542,25601171.0,False,True,UN_Comtrade_official_public_preview_reporter_query,2026-09-11T16:05:47+00:00
H6,410,KOR,Rep. of Korea,380,ITA,Italy,False,M,2022,8542,8621621.0,False,True,UN_Comtrade_official_public_preview_reporter_query,2026-09-11T16:05:47+00:00
H6,410,KOR,Rep. of Korea,392,JPN,Japan,False,M,2022,8542,5302034382.0,False,True,UN_Comtrade_official_public_preview_reporter_query,2026-09-11T16:05:47+00:00
H6,410,KOR,Rep. of Korea,404,KEN,Kenya,False,M,2022,8542,32232.0,False,True,UN_Comtrade_official_public_preview_reporter_query,2026-09-11T16:05:47+00:00
H6,410,KOR,Rep. of Korea,414,KWT,Kuwait,False,M,2022,8542,12536.0,False,True,UN_Comtrade_official_public_preview_reporter_query,2026-09-11T16:05:47+00:00
H6,410,KOR,Rep. of Korea,417,KGZ,Kyrgyzstan,False,M,2022,8542,59900.0,False,True,UN_Comtrade_official_public_preview_reporter_query,2026-09-11T16:05:47+00:00
H6,410,KOR,Rep. of Korea,428,LVA,Latvia,False,M,2022,8542,14689.0,False,True,UN_Comtrade_official_public_preview_reporter_query,2026-09-11T16:05:47+00:00
H6,410,KOR,Rep. of Korea,430,LBR,Liberia,False,M,2022,8542,4256.0,False,True,UN_Comtrade_official_public_preview_reporter_query,2026-09-11T16:05:47+00:00
H6,410,KOR,Rep. of Korea,440,LTU,Lithuania,False,M,2022,8542,1400343.0,False,True,UN_Comtrade_official_public_preview_reporter_query,2026-09-11T16:05:47+00:00
H6,410,KOR,Rep. of Korea,442,LUX,Luxembourg,False,M,2022,8542,419.0,False,True,UN_Comtrade_official_public_preview_reporter_query,2026-09-11T16:05:47+00:00
H6,410,KOR,Rep. of Korea,446,MAC,"China, Macao SAR",False,M,2022,8542,338211.0,False,True,UN_Comtrade_official_public_preview_reporter_query,2026-09-11T16:05:47+00:00
H6,410,KOR,Rep. of Korea,458,MYS,Malaysia,False,M,2022,8542,2183830019.0,False,True,UN_Comtrade_official_public_preview_reporter_query,2026-09-11T16:05:47+00:00
H6,410,KOR,Rep. of Korea,462,MDV,Maldives,False,M,2022,8542,266.0,False,True,UN_Comtrade_official_public_preview_reporter_query,2026-09-11T16:05:47+00:00
H6,410,KOR,Rep. of Korea,466,MLI,Mali,False,M,2022,8542,291690.0,False,True,UN_Comtrade_official_public_preview_reporter_query,2026-09-11T16:05:47+00:00
H6,410,KOR,Rep. of Korea,470,MLT,Malta,False,M,2022,8542,77919682.0,False,True,UN_Comtrade_official_public_preview_reporter_query,2026-09-11T16:05:47+00:00
H6,410,KOR,Rep. of Korea,480,MUS,Mauritius,False,M,2022,8542,69.0,False,True,UN_Comtrade_official_public_preview_reporter_query,2026-09-11T16:05:47+00:00
H6,410,KOR,Rep. of Korea,484,MEX,Mexico,False,M,2022,8542,72401490.0,False,True,UN_Comtrade_official_public_preview_reporter_query,2026-09-11T16:05:47+00:00
H6,410,KOR,Rep. of Korea,490,S19,"Other Asia, nes",False,M,2022,8542,19398798881.0,False,True,UN_Comtrade_official_public_preview_reporter_query,2026-09-11T16:05:47+00:00
H6,410,KOR,Rep. of Korea,500,MSR,Montserrat,False,M,2022,8542,31.0,False,True,UN_Comtrade_official_public_preview_reporter_query,2026-09-11T16:05:47+00:00
H6,410,KOR,Rep. of Korea,504,MAR,Morocco,False,M,2022,8542,24402765.0,False,True,UN_Comtrade_official_public_preview_reporter_query,2026-09-11T16:05:47+00:00
H6,410,KOR,Rep. of Korea,508,MOZ,Mozambique,False,M,2022,8542,180.0,False,True,UN_Comtrade_official_public_preview_reporter_query,2026-09-11T16:05:47+00:00
H6,410,KOR,Rep. of Korea,520,NRU,Naoero,False,M,2022,8542,874.0,False,True,UN_Comtrade_official_public_preview_reporter_query,2026-09-11T16:05:47+00:00
H6,410,KOR,Rep. of Korea,524,NPL,Nepal,False,M,2022,8542,1230.0,False,True,UN_Comtrade_official_public_preview_reporter_query,2026-09-11T16:05:47+00:00
H6,410,KOR,Rep. of Korea,528,NLD,Netherlands,False,M,2022,8542,18443143.0,False,True,UN_Comtrade_official_public_preview_reporter_query,2026-09-11T16:05:47+00:00
H6,410,KOR,Rep. of Korea,540,NCL,New Caledonia,False,M,2022,8542,24293.0,False,True,UN_Comtrade_official_public_preview_reporter_query,2026-09-11T16:05:47+00:00
H6,410,KOR,Rep. of Korea,554,NZL,New Zealand,False,M,2022,8542,6788.0,False,True,UN_Comtrade_official_public_preview_reporter_query,2026-09-11T16:05:47+00:00
H6,410,KOR,Rep. of Korea,579,NOR,Norway,False,M,2022,8542,1251466.0,False,True,UN_Comtrade_official_public_preview_reporter_query,2026-09-11T16:05:47+00:00
H6,410,KOR,Rep. of Korea,581,UMI,United States Minor Outlying Islands,False,M,2022,8542,229.0,False,True,UN_Comtrade_official_public_preview_reporter_query,2026-09-11T16:05:47+00:00
H6,410,KOR,Rep. of Korea,586,PAK,Pakistan,False,M,2022,8542,2409.0,False,True,UN_Comtrade_official_public_preview_reporter_query,2026-09-11T16:05:47+00:00
H6,410,KOR,Rep. of Korea,598,PNG,Papua New Guinea,False,M,2022,8542,1684.0,False,True,UN_Comtrade_official_public_preview_reporter_query,2026-09-11T16:05:47+00:00
H6,410,KOR,Rep. of Korea,604,PER,Peru,False,M,2022,8542,4446.0,False,True,UN_Comtrade_official_public_preview_reporter_query,2026-09-11T16:05:47+00:00
H6,410,KOR,Rep. of Korea,608,PHL,Philippines,False,M,2022,8542,783650500.0,False,True,UN_Comtrade_official_public_preview_reporter_query,2026-09-11T16:05:47+00:00
H6,410,KOR,Rep. of Korea,612,PCN,Pitcairn,False,M,2022,8542,274.0,False,True,UN_Comtrade_official_public_preview_reporter_query,2026-09-11T16:05:47+00:00
H6,410,KOR,Rep. of Korea,616,POL,Poland,False,M,2022,8542,549528.0,False,True,UN_Comtrade_official_public_preview_reporter_query,2026-09-11T16:05:47+00:00
H6,410,KOR,Rep. of Korea,620,PRT,Portugal,False,M,2022,8542,19843883.0,False,True,UN_Comtrade_official_public_preview_reporter_query,2026-09-11T16:05:47+00:00
H6,410,KOR,Rep. of Korea,634,QAT,Qatar,False,M,2022,8542,1437621.0,False,True,UN_Comtrade_official_public_preview_reporter_query,2026-09-11T16:05:47+00:00
H6,410,KOR,Rep. of Korea,642,ROU,Romania,False,M,2022,8542,65880.0,False,True,UN_Comtrade_official_public_preview_reporter_query,2026-09-11T16:05:47+00:00
H6,410,KOR,Rep. of Korea,643,RUS,Russian Federation,False,M,2022,8542,888212.0,False,True,UN_Comtrade_official_public_preview_reporter_query,2026-09-11T16:05:47+00:00
H6,410,KOR,Rep. of Korea,646,RWA,Rwanda,False,M,2022,8542,46.0,False,True,UN_Comtrade_official_public_preview_reporter_query,2026-09-11T16:05:47+00:00
H6,410,KOR,Rep. of Korea,659,KNA,Saint Kitts and Nevis,False,M,2022,8542,547.0,False,True,UN_Comtrade_official_public_preview_reporter_query,2026-09-11T16:05:47+00:00
H6,410,KOR,Rep. of Korea,662,LCA,Saint Lucia,False,M,2022,8542,632.0,False,True,UN_Comtrade_official_public_preview_reporter_query,2026-09-11T16:05:47+00:00
H6,410,KOR,Rep. of Korea,688,SRB,Serbia,False,M,2022,8542,1153550.0,False,True,UN_Comtrade_official_public_preview_reporter_query,2026-09-11T16:05:47+00:00
H6,410,KOR,Rep. of Korea,699,IND,India,False,M,2022,8542,4206632.0,False,True,UN_Comtrade_official_public_preview_reporter_query,2026-09-11T16:05:47+00:00
H6,410,KOR,Rep. of Korea,702,SGP,Singapore,False,M,2022,8542,2901865341.0,False,True,UN_Comtrade_official_public_preview_reporter_query,2026-09-11T16:05:47+00:00
H6,410,KOR,Rep. of Korea,703,SVK,Slovakia,False,M,2022,8542,78955.0,False,True,UN_Comtrade_official_public_preview_reporter_query,2026-09-11T16:05:47+00:00
H6,410,KOR,Rep. of Korea,704,VNM,Viet Nam,False,M,2022,8542,252541144.0,False,True,UN_Comtrade_official_public_preview_reporter_query,2026-09-11T16:05:47+00:00
H6,410,KOR,Rep. of Korea,705,SVN,Slovenia,False,M,2022,8542,97078.0,False,True,UN_Comtrade_official_public_preview_reporter_query,2026-09-11T16:05:47+00:00
H6,410,KOR,Rep. of Korea,710,ZAF,South Africa,False,M,2022,8542,12376.0,False,True,UN_Comtrade_official_public_preview_reporter_query,2026-09-11T16:05:47+00:00
H6,410,KOR,Rep. of Korea,724,ESP,Spain,False,M,2022,8542,1341065.0,False,True,UN_Comtrade_official_public_preview_reporter_query,2026-09-11T16:05:47+00:00
H6,410,KOR,Rep. of Korea,752,SWE,Sweden,False,M,2022,8542,985139.0,False,True,UN_Comtrade_official_public_preview_reporter_query,2026-09-11T16:05:47+00:00
H6,410,KOR,Rep. of Korea,757,CHE,Switzerland,False,M,2022,8542,17723085.0,False,True,UN_Comtrade_official_public_preview_reporter_query,2026-09-11T16:05:47+00:00
H6,410,KOR,Rep. of Korea,764,THA,Thailand,False,M,2022,8542,754909734.0,False,True,UN_Comtrade_official_public_preview_reporter_query,2026-09-11T16:05:47+00:00
H6,410,KOR,Rep. of Korea,768,TGO,Togo,False,M,2022,8542,27.0,False,True,UN_Comtrade_official_public_preview_reporter_query,2026-09-11T16:05:47+00:00
H6,410,KOR,Rep. of Korea,784,ARE,United Arab Emirates,False,M,2022,8542,468728.0,False,True,UN_Comtrade_official_public_preview_reporter_query,2026-09-11T16:05:47+00:00
H6,410,KOR,Rep. of Korea,788,TUN,Tunisia,False,M,2022,8542,947.0,False,True,UN_Comtrade_official_public_preview_reporter_query,2026-09-11T16:05:47+00:00
H6,410,KOR,Rep. of Korea,792,TUR,Türkiye,False,M,2022,8542,72253.0,False,True,UN_Comtrade_official_public_preview_reporter_query,2026-09-11T16:05:47+00:00
H6,410,KOR,Rep. of Korea,804,UKR,Ukraine,False,M,2022,8542,772.0,False,True,UN_Comtrade_official_public_preview_reporter_query,2026-09-11T16:05:47+00:00
H6,410,KOR,Rep. of Korea,807,MKD,North Macedonia,False,M,2022,8542,3392.0,False,True,UN_Comtrade_official_public_preview_reporter_query,2026-09-11T16:05:47+00:00
H6,410,KOR,Rep. of Korea,818,EGY,Egypt,False,M,2022,8542,287552.0,False,True,UN_Comtrade_official_public_preview_reporter_query,2026-09-11T16:05:47+00:00
H6,410,KOR,Rep. of Korea,826,GBR,United Kingdom,False,M,2022,8542,8620743.0,False,True,UN_Comtrade_official_public_preview_reporter_query,2026-09-11T16:05:47+00:00
H6,410,KOR,Rep. of Korea,834,TZA,United Rep. of Tanzania,False,M,2022,8542,34570.0,False,True,UN_Comtrade_official_public_preview_reporter_query,2026-09-11T16:05:47+00:00
H6,410,KOR,Rep. of Korea,842,USA,USA,False,M,2022,8542,2500249631.0,False,True,UN_Comtrade_official_public_preview_reporter_query,2026-09-11T16:05:47+00:00
H6,410,KOR,Rep. of Korea,860,UZB,Uzbekistan,False,M,2022,8542,104047.0,False,True,UN_Comtrade_official_public_preview_reporter_query,2026-09-11T16:05:47+00:00
H6,410,KOR,Rep. of Korea,899,_X ,"Areas, nes",False,M,2022,8542,2133598267.0,False,True,UN_Comtrade_official_public_preview_reporter_query,2026-09-11T16:05:47+00:00
H6,410,KOR,Rep. of Korea,12,DZA,Algeria,False,X,2022,8542,789.0,False,True,UN_Comtrade_official_public_preview_reporter_query,2026-09-11T16:05:47+00:00
H6,410,KOR,Rep. of Korea,20,AND,Andorra,False,X,2022,8542,10849.0,False,True,UN_Comtrade_official_public_preview_reporter_query,2026-09-11T16:05:47+00:00
H6,410,KOR,Rep. of Korea,32,ARG,Argentina,False,X,2022,8542,193901.0,False,True,UN_Comtrade_official_public_preview_reporter_query,2026-09-11T16:05:47+00:00
H6,410,KOR,Rep. of Korea,36,AUS,Australia,False,X,2022,8542,1562089.0,False,True,UN_Comtrade_official_public_preview_reporter_query,2026-09-11T16:05:47+00:00
H6,410,KOR,Rep. of Korea,40,AUT,Austria,False,X,2022,8542,150190209.0,False,True,UN_Comtrade_official_public_preview_reporter_query,2026-09-11T16:05:47+00:00
H6,410,KOR,Rep. of Korea,50,BGD,Bangladesh,False,X,2022,8542,252616.0,False,True,UN_Comtrade_official_public_preview_reporter_query,2026-09-11T16:05:47+00:00
H6,410,KOR,Rep. of Korea,56,BEL,Belgium,False,X,2022,8542,1195553.0,False,True,UN_Comtrade_official_public_preview_reporter_query,2026-09-11T16:05:47+00:00
H6,410,KOR,Rep. of Korea,76,BRA,Brazil,False,X,2022,8542,978665781.0,False,True,UN_Comtrade_official_public_preview_reporter_query,2026-09-11T16:05:47+00:00
H6,410,KOR,Rep. of Korea,100,BGR,Bulgaria,False,X,2022,8542,174374.0,False,True,UN_Comtrade_official_public_preview_reporter_query,2026-09-11T16:05:47+00:00
H6,410,KOR,Rep. of Korea,112,BLR,Belarus,False,X,2022,8542,2040.0,False,True,UN_Comtrade_official_public_preview_reporter_query,2026-09-11T16:05:47+00:00
H6,410,KOR,Rep. of Korea,116,KHM,Cambodia,False,X,2022,8542,23754.0,False,True,UN_Comtrade_official_public_preview_reporter_query,2026-09-11T16:05:47+00:00
H6,410,KOR,Rep. of Korea,124,CAN,Canada,False,X,2022,8542,94569766.0,False,True,UN_Comtrade_official_public_preview_reporter_query,2026-09-11T16:05:47+00:00
H6,410,KOR,Rep. of Korea,144,LKA,Sri Lanka,False,X,2022,8542,250.0,False,True,UN_Comtrade_official_public_preview_reporter_query,2026-09-11T16:05:47+00:00
H6,410,KOR,Rep. of Korea,152,CHL,Chile,False,X,2022,8542,8099.0,False,True,UN_Comtrade_official_public_preview_reporter_query,2026-09-11T16:05:47+00:00
H6,410,KOR,Rep. of Korea,156,CHN,China,False,X,2022,8542,48812087314.0,False,True,UN_Comtrade_official_public_preview_reporter_query,2026-09-11T16:05:47+00:00
H6,410,KOR,Rep. of Korea,170,COL,Colombia,False,X,2022,8542,1222.0,False,True,UN_Comtrade_official_public_preview_reporter_query,2026-09-11T16:05:47+00:00
H6,410,KOR,Rep. of Korea,188,CRI,Costa Rica,False,X,2022,8542,56058.0,False,True,UN_Comtrade_official_public_preview_reporter_query,2026-09-11T16:05:47+00:00
H6,410,KOR,Rep. of Korea,196,CYP,Cyprus,False,X,2022,8542,825.0,False,True,UN_Comtrade_official_public_preview_reporter_query,2026-09-11T16:05:47+00:00
H6,410,KOR,Rep. of Korea,203,CZE,Czechia,False,X,2022,8542,8570946.0,False,True,UN_Comtrade_official_public_preview_reporter_query,2026-09-11T16:05:47+00:00
H6,410,KOR,Rep. of Korea,208,DNK,Denmark,False,X,2022,8542,1653631.0,False,True,UN_Comtrade_official_public_preview_reporter_query,2026-09-11T16:05:47+00:00
H6,410,KOR,Rep. of Korea,214,DOM,Dominican Rep.,False,X,2022,8542,1419.0,False,True,UN_Comtrade_official_public_preview_reporter_query,2026-09-11T16:05:47+00:00
H6,410,KOR,Rep. of Korea,222,SLV,El Salvador,False,X,2022,8542,25941.0,False,True,UN_Comtrade_official_public_preview_reporter_query,2026-09-11T16:05:47+00:00
H6,410,KOR,Rep. of Korea,231,ETH,Ethiopia,False,X,2022,8542,187.0,False,True,UN_Comtrade_official_public_preview_reporter_query,2026-09-11T16:05:47+00:00
H6,410,KOR,Rep. of Korea,233,EST,Estonia,False,X,2022,8542,49548.0,False,True,UN_Comtrade_official_public_preview_reporter_query,2026-09-11T16:05:47+00:00
H6,410,KOR,Rep. of Korea,246,FIN,Finland,False,X,2022,8542,4671494.0,False,True,UN_Comtrade_official_public_preview_reporter_query,2026-09-11T16:05:47+00:00
H6,410,KOR,Rep. of Korea,251,FRA,France,False,X,2022,8542,124553622.0,False,True,UN_Comtrade_official_public_preview_reporter_query,2026-09-11T16:05:47+00:00
H6,410,KOR,Rep. of Korea,276,DEU,Germany,False,X,2022,8542,382689830.0,False,True,UN_Comtrade_official_public_preview_reporter_query,2026-09-11T16:05:47+00:00
H6,410,KOR,Rep. of Korea,300,GRC,Greece,False,X,2022,8542,1813.0,False,True,UN_Comtrade_official_public_preview_reporter_query,2026-09-11T16:05:47+00:00
H6,410,KOR,Rep. of Korea,316,GUM,Guam,False,X,2022,8542,39259.0,False,True,UN_Comtrade_official_public_preview_reporter_query,2026-09-11T16:05:47+00:00
H6,410,KOR,Rep. of Korea,332,HTI,Haiti,False,X,2022,8542,938.0,False,True,UN_Comtrade_official_public_preview_reporter_query,2026-09-11T16:05:47+00:00
H6,410,KOR,Rep. of Korea,344,HKG,"China, Hong Kong SAR",False,X,2022,8542,17173393048.0,False,True,UN_Comtrade_official_public_preview_reporter_query,2026-09-11T16:05:47+00:00
H6,410,KOR,Rep. of Korea,348,HUN,Hungary,False,X,2022,8542,41892082.0,False,True,UN_Comtrade_official_public_preview_reporter_query,2026-09-11T16:05:47+00:00
H6,410,KOR,Rep. of Korea,360,IDN,Indonesia,False,X,2022,8542,526966505.0,False,True,UN_Comtrade_official_public_preview_reporter_query,2026-09-11T16:05:47+00:00
H6,410,KOR,Rep. of Korea,364,IRN,Iran,False,X,2022,8542,5967473.0,False,True,UN_Comtrade_official_public_preview_reporter_query,2026-09-11T16:05:47+00:00
H6,410,KOR,Rep. of Korea,368,IRQ,Iraq,False,X,2022,8542,60.0,False,True,UN_Comtrade_official_public_preview_reporter_query,2026-09-11T16:05:47+00:00
H6,410,KOR,Rep. of Korea,372,IRL,Ireland,False,X,2022,8542,823869.0,False,True,UN_Comtrade_official_public_preview_reporter_query,2026-09-11T16:05:47+00:00
H6,410,KOR,Rep. of Korea,376,ISR,Israel,False,X,2022,8542,52348123.0,False,True,UN_Comtrade_official_public_preview_reporter_query,2026-09-11T16:05:47+00:00
H6,410,KOR,Rep. of Korea,380,ITA,Italy,False,X,2022,8542,10657800.0,False,True,UN_Comtrade_official_public_preview_reporter_query,2026-09-11T16:05:47+00:00
H6,410,KOR,Rep. of Korea,392,JPN,Japan,False,X,2022,8542,950902106.0,False,True,UN_Comtrade_official_public_preview_reporter_query,2026-09-11T16:05:47+00:00
H6,410,KOR,Rep. of Korea,398,KAZ,Kazakhstan,False,X,2022,8542,9589647.0,False,True,UN_Comtrade_official_public_preview_reporter_query,2026-09-11T16:05:47+00:00
H6,410,KOR,Rep. of Korea,414,KWT,Kuwait,False,X,2022,8542,4916.0,False,True,UN_Comtrade_official_public_preview_reporter_query,2026-09-11T16:05:47+00:00
H6,410,KOR,Rep. of Korea,422,LBN,Lebanon,False,X,2022,8542,47744.0,False,True,UN_Comtrade_official_public_preview_reporter_query,2026-09-11T16:05:47+00:00
H6,410,KOR,Rep. of Korea,428,LVA,Latvia,False,X,2022,8542,31656.0,False,True,UN_Comtrade_official_public_preview_reporter_query,2026-09-11T16:05:47+00:00
H6,410,KOR,Rep. of Korea,440,LTU,Lithuania,False,X,2022,8542,44244.0,False,True,UN_Comtrade_official_public_preview_reporter_query,2026-09-11T16:05:47+00:00
H6,410,KOR,Rep. of Korea,458,MYS,Malaysia,False,X,2022,8542,1721521897.0,False,True,UN_Comtrade_official_public_preview_reporter_query,2026-09-11T16:05:47+00:00
H6,410,KOR,Rep. of Korea,470,MLT,Malta,False,X,2022,8542,97096754.0,False,True,UN_Comtrade_official_public_preview_reporter_query,2026-09-11T16:05:47+00:00
H6,410,KOR,Rep. of Korea,484,MEX,Mexico,False,X,2022,8542,295906532.0,False,True,UN_Comtrade_official_public_preview_reporter_query,2026-09-11T16:05:47+00:00
H6,410,KOR,Rep. of Korea,490,S19,"Other Asia, nes",False,X,2022,8542,11791673187.0,False,True,UN_Comtrade_official_public_preview_reporter_query,2026-09-11T16:05:47+00:00
H6,410,KOR,Rep. of Korea,496,MNG,Mongolia,False,X,2022,8542,71980.0,False,True,UN_Comtrade_official_public_preview_reporter_query,2026-09-11T16:05:47+00:00
H6,410,KOR,Rep. of Korea,504,MAR,Morocco,False,X,2022,8542,843320.0,False,True,UN_Comtrade_official_public_preview_reporter_query,2026-09-11T16:05:47+00:00
H6,410,KOR,Rep. of Korea,512,OMN,Oman,False,X,2022,8542,356016.0,False,True,UN_Comtrade_official_public_preview_reporter_query,2026-09-11T16:05:47+00:00
H6,410,KOR,Rep. of Korea,528,NLD,Netherlands,False,X,2022,8542,98650986.0,False,True,UN_Comtrade_official_public_preview_reporter_query,2026-09-11T16:05:47+00:00
H6,410,KOR,Rep. of Korea,554,NZL,New Zealand,False,X,2022,8542,2514.0,False,True,UN_Comtrade_official_public_preview_reporter_query,2026-09-11T16:05:47+00:00
H6,410,KOR,Rep. of Korea,566,NGA,Nigeria,False,X,2022,8542,4573509.0,False,True,UN_Comtrade_official_public_preview_reporter_query,2026-09-11T16:05:47+00:00
H6,410,KOR,Rep. of Korea,579,NOR,Norway,False,X,2022,8542,8815.0,False,True,UN_Comtrade_official_public_preview_reporter_query,2026-09-11T16:05:47+00:00
H6,410,KOR,Rep. of Korea,586,PAK,Pakistan,False,X,2022,8542,64905.0,False,True,UN_Comtrade_official_public_preview_reporter_query,2026-09-11T16:05:47+00:00
H6,410,KOR,Rep. of Korea,591,PAN,Panama,False,X,2022,8542,1141.0,False,True,UN_Comtrade_official_public_preview_reporter_query,2026-09-11T16:05:47+00:00
H6,410,KOR,Rep. of Korea,600,PRY,Paraguay,False,X,2022,8542,1207.0,False,True,UN_Comtrade_official_public_preview_reporter_query,2026-09-11T16:05:47+00:00
H6,410,KOR,Rep. of Korea,604,PER,Peru,False,X,2022,8542,2965.0,False,True,UN_Comtrade_official_public_preview_reporter_query,2026-09-11T16:05:47+00:00
H6,410,KOR,Rep. of Korea,608,PHL,Philippines,False,X,2022,8542,3606412082.0,False,True,UN_Comtrade_official_public_preview_reporter_query,2026-09-11T16:05:47+00:00
H6,410,KOR,Rep. of Korea,616,POL,Poland,False,X,2022,8542,297496736.0,False,True,UN_Comtrade_official_public_preview_reporter_query,2026-09-11T16:05:47+00:00
H6,410,KOR,Rep. of Korea,620,PRT,Portugal,False,X,2022,8542,86466168.0,False,True,UN_Comtrade_official_public_preview_reporter_query,2026-09-11T16:05:47+00:00
H6,410,KOR,Rep. of Korea,642,ROU,Romania,False,X,2022,8542,2564204.0,False,True,UN_Comtrade_official_public_preview_reporter_query,2026-09-11T16:05:47+00:00
H6,410,KOR,Rep. of Korea,643,RUS,Russian Federation,False,X,2022,8542,18002219.0,False,True,UN_Comtrade_official_public_preview_reporter_query,2026-09-11T16:05:47+00:00
H6,410,KOR,Rep. of Korea,682,SAU,Saudi Arabia,False,X,2022,8542,11056.0,False,True,UN_Comtrade_official_public_preview_reporter_query,2026-09-11T16:05:47+00:00
H6,410,KOR,Rep. of Korea,688,SRB,Serbia,False,X,2022,8542,28163671.0,False,True,UN_Comtrade_official_public_preview_reporter_query,2026-09-11T16:05:47+00:00
H6,410,KOR,Rep. of Korea,699,IND,India,False,X,2022,8542,2218361641.0,False,True,UN_Comtrade_official_public_preview_reporter_query,2026-09-11T16:05:47+00:00
H6,410,KOR,Rep. of Korea,702,SGP,Singapore,False,X,2022,8542,5543041698.0,False,True,UN_Comtrade_official_public_preview_reporter_query,2026-09-11T16:05:47+00:00
H6,410,KOR,Rep. of Korea,703,SVK,Slovakia,False,X,2022,8542,17439780.0,False,True,UN_Comtrade_official_public_preview_reporter_query,2026-09-11T16:05:47+00:00
H6,410,KOR,Rep. of Korea,704,VNM,Viet Nam,False,X,2022,8542,15471889417.0,False,True,UN_Comtrade_official_public_preview_reporter_query,2026-09-11T16:05:47+00:00
H6,410,KOR,Rep. of Korea,705,SVN,Slovenia,False,X,2022,8542,46184.0,False,True,UN_Comtrade_official_public_preview_reporter_query,2026-09-11T16:05:47+00:00
H6,410,KOR,Rep. of Korea,710,ZAF,South Africa,False,X,2022,8542,11155600.0,False,True,UN_Comtrade_official_public_preview_reporter_query,2026-09-11T16:05:47+00:00
H6,410,KOR,Rep. of Korea,724,ESP,Spain,False,X,2022,8542,2270927.0,False,True,UN_Comtrade_official_public_preview_reporter_query,2026-09-11T16:05:47+00:00
H6,410,KOR,Rep. of Korea,748,SWZ,Eswatini,False,X,2022,8542,361586.0,False,True,UN_Comtrade_official_public_preview_reporter_query,2026-09-11T16:05:47+00:00
H6,410,KOR,Rep. of Korea,752,SWE,Sweden,False,X,2022,8542,19036572.0,False,True,UN_Comtrade_official_public_preview_reporter_query,2026-09-11T16:05:47+00:00
H6,410,KOR,Rep. of Korea,757,CHE,Switzerland,False,X,2022,8542,8965716.0,False,True,UN_Comtrade_official_public_preview_reporter_query,2026-09-11T16:05:47+00:00
H6,410,KOR,Rep. of Korea,764,THA,Thailand,False,X,2022,8542,789123207.0,False,True,UN_Comtrade_official_public_preview_reporter_query,2026-09-11T16:05:47+00:00
H6,410,KOR,Rep. of Korea,780,TTO,Trinidad and Tobago,False,X,2022,8542,1872.0,False,True,UN_Comtrade_official_public_preview_reporter_query,2026-09-11T16:05:47+00:00
H6,410,KOR,Rep. of Korea,784,ARE,United Arab Emirates,False,X,2022,8542,6191287.0,False,True,UN_Comtrade_official_public_preview_reporter_query,2026-09-11T16:05:47+00:00
H6,410,KOR,Rep. of Korea,788,TUN,Tunisia,False,X,2022,8542,1369239.0,False,True,UN_Comtrade_official_public_preview_reporter_query,2026-09-11T16:05:47+00:00
H6,410,KOR,Rep. of Korea,792,TUR,Türkiye,False,X,2022,8542,22482197.0,False,True,UN_Comtrade_official_public_preview_reporter_query,2026-09-11T16:05:47+00:00
H6,410,KOR,Rep. of Korea,818,EGY,Egypt,False,X,2022,8542,51006009.0,False,True,UN_Comtrade_official_public_preview_reporter_query,2026-09-11T16:05:47+00:00
H6,410,KOR,Rep. of Korea,826,GBR,United Kingdom,False,X,2022,8542,18895417.0,False,True,UN_Comtrade_official_public_preview_reporter_query,2026-09-11T16:05:47+00:00
H6,410,KOR,Rep. of Korea,842,USA,USA,False,X,2022,8542,1281485622.0,False,True,UN_Comtrade_official_public_preview_reporter_query,2026-09-11T16:05:47+00:00
H6,410,KOR,Rep. of Korea,860,UZB,Uzbekistan,False,X,2022,8542,221264.0,False,True,UN_Comtrade_official_public_preview_reporter_query,2026-09-11T16:05:47+00:00
H4,484,MEX,Mexico,20,AND,Andorra,False,M,2017,8542,695914.0,False,True,UN_Comtrade_official_public_preview_reporter_query,2026-09-11T16:05:47+00:00
H4,484,MEX,Mexico,32,ARG,Argentina,False,M,2017,8542,15330.0,False,True,UN_Comtrade_official_public_preview_reporter_query,2026-09-11T16:05:47+00:00
H4,484,MEX,Mexico,36,AUS,Australia,False,M,2017,8542,1847983.0,False,True,UN_Comtrade_official_public_preview_reporter_query,2026-09-11T16:05:47+00:00
H4,484,MEX,Mexico,40,AUT,Austria,False,M,2017,8542,31313455.0,False,True,UN_Comtrade_official_public_preview_reporter_query,2026-09-11T16:05:47+00:00
H4,484,MEX,Mexico,56,BEL,Belgium,False,M,2017,8542,8118305.0,False,True,UN_Comtrade_official_public_preview_reporter_query,2026-09-11T16:05:47+00:00
H4,484,MEX,Mexico,76,BRA,Brazil,False,M,2017,8542,2445899.0,False,True,UN_Comtrade_official_public_preview_reporter_query,2026-09-11T16:05:47+00:00
H4,484,MEX,Mexico,100,BGR,Bulgaria,False,M,2017,8542,1405484.0,False,True,UN_Comtrade_official_public_preview_reporter_query,2026-09-11T16:05:47+00:00
H4,484,MEX,Mexico,104,MMR,Myanmar,False,M,2017,8542,145335.0,False,True,UN_Comtrade_official_public_preview_reporter_query,2026-09-11T16:05:47+00:00
H4,484,MEX,Mexico,120,CMR,Cameroon,False,M,2017,8542,54040.0,False,True,UN_Comtrade_official_public_preview_reporter_query,2026-09-11T16:05:47+00:00
H4,484,MEX,Mexico,124,CAN,Canada,False,M,2017,8542,64092122.0,False,True,UN_Comtrade_official_public_preview_reporter_query,2026-09-11T16:05:47+00:00
H4,484,MEX,Mexico,152,CHL,Chile,False,M,2017,8542,89144.0,False,True,UN_Comtrade_official_public_preview_reporter_query,2026-09-11T16:05:47+00:00
H4,484,MEX,Mexico,156,CHN,China,False,M,2017,8542,4516990368.0,False,True,UN_Comtrade_official_public_preview_reporter_query,2026-09-11T16:05:47+00:00
H4,484,MEX,Mexico,166,CCK,Cocos Isds,False,M,2017,8542,357775.0,False,True,UN_Comtrade_official_public_preview_reporter_query,2026-09-11T16:05:47+00:00
H4,484,MEX,Mexico,170,COL,Colombia,False,M,2017,8542,152421.0,False,True,UN_Comtrade_official_public_preview_reporter_query,2026-09-11T16:05:47+00:00
H4,484,MEX,Mexico,188,CRI,Costa Rica,False,M,2017,8542,3467595.0,False,True,UN_Comtrade_official_public_preview_reporter_query,2026-09-11T16:05:47+00:00
H4,484,MEX,Mexico,191,HRV,Croatia,False,M,2017,8542,560774.0,False,True,UN_Comtrade_official_public_preview_reporter_query,2026-09-11T16:05:47+00:00
H4,484,MEX,Mexico,203,CZE,Czechia,False,M,2017,8542,14091250.0,False,True,UN_Comtrade_official_public_preview_reporter_query,2026-09-11T16:05:47+00:00
H4,484,MEX,Mexico,208,DNK,Denmark,False,M,2017,8542,917239.0,False,True,UN_Comtrade_official_public_preview_reporter_query,2026-09-11T16:05:47+00:00
H4,484,MEX,Mexico,222,SLV,El Salvador,False,M,2017,8542,105028.0,False,True,UN_Comtrade_official_public_preview_reporter_query,2026-09-11T16:05:47+00:00
H4,484,MEX,Mexico,246,FIN,Finland,False,M,2017,8542,3788260.0,False,True,UN_Comtrade_official_public_preview_reporter_query,2026-09-11T16:05:47+00:00
H4,484,MEX,Mexico,251,FRA,France,False,M,2017,8542,64997952.0,False,True,UN_Comtrade_official_public_preview_reporter_query,2026-09-11T16:05:47+00:00
H4,484,MEX,Mexico,270,GMB,Gambia,False,M,2017,8542,32742.0,False,True,UN_Comtrade_official_public_preview_reporter_query,2026-09-11T16:05:47+00:00
H4,484,MEX,Mexico,276,DEU,Germany,False,M,2017,8542,200071876.0,False,True,UN_Comtrade_official_public_preview_reporter_query,2026-09-11T16:05:47+00:00
H4,484,MEX,Mexico,344,HKG,"China, Hong Kong SAR",False,M,2017,8542,17445116.0,False,True,UN_Comtrade_official_public_preview_reporter_query,2026-09-11T16:05:47+00:00
H4,484,MEX,Mexico,348,HUN,Hungary,False,M,2017,8542,22454540.0,False,True,UN_Comtrade_official_public_preview_reporter_query,2026-09-11T16:05:47+00:00
H4,484,MEX,Mexico,352,ISL,Iceland,False,M,2017,8542,156939.0,False,True,UN_Comtrade_official_public_preview_reporter_query,2026-09-11T16:05:47+00:00
H4,484,MEX,Mexico,360,IDN,Indonesia,False,M,2017,8542,25140089.0,False,True,UN_Comtrade_official_public_preview_reporter_query,2026-09-11T16:05:47+00:00
H4,484,MEX,Mexico,364,IRN,Iran,False,M,2017,8542,4442.0,False,True,UN_Comtrade_official_public_preview_reporter_query,2026-09-11T16:05:47+00:00
H4,484,MEX,Mexico,372,IRL,Ireland,False,M,2017,8542,444912.0,False,True,UN_Comtrade_official_public_preview_reporter_query,2026-09-11T16:05:47+00:00
H4,484,MEX,Mexico,376,ISR,Israel,False,M,2017,8542,46540203.0,False,True,UN_Comtrade_official_public_preview_reporter_query,2026-09-11T16:05:47+00:00
H4,484,MEX,Mexico,380,ITA,Italy,False,M,2017,8542,6451223.0,False,True,UN_Comtrade_official_public_preview_reporter_query,2026-09-11T16:05:47+00:00
H4,484,MEX,Mexico,392,JPN,Japan,False,M,2017,8542,648529661.0,False,True,UN_Comtrade_official_public_preview_reporter_query,2026-09-11T16:05:47+00:00
H4,484,MEX,Mexico,408,PRK,Dem. People's Rep. of Korea,False,M,2017,8542,892006.0,False,True,UN_Comtrade_official_public_preview_reporter_query,2026-09-11T16:05:47+00:00
H4,484,MEX,Mexico,410,KOR,Rep. of Korea,False,M,2017,8542,1672958558.0,False,True,UN_Comtrade_official_public_preview_reporter_query,2026-09-11T16:05:47+00:00
H4,484,MEX,Mexico,446,MAC,"China, Macao SAR",False,M,2017,8542,36327.0,False,True,UN_Comtrade_official_public_preview_reporter_query,2026-09-11T16:05:47+00:00
H4,484,MEX,Mexico,454,MWI,Malawi,False,M,2017,8542,139899.0,False,True,UN_Comtrade_official_public_preview_reporter_query,2026-09-11T16:05:47+00:00
H4,484,MEX,Mexico,458,MYS,Malaysia,False,M,2017,8542,4230719797.0,False,True,UN_Comtrade_official_public_preview_reporter_query,2026-09-11T16:05:47+00:00
H4,484,MEX,Mexico,462,MDV,Maldives,False,M,2017,8542,1235294.0,False,True,UN_Comtrade_official_public_preview_reporter_query,2026-09-11T16:05:47+00:00
H4,484,MEX,Mexico,466,MLI,Mali,False,M,2017,8542,1909449.0,False,True,UN_Comtrade_official_public_preview_reporter_query,2026-09-11T16:05:47+00:00
H4,484,MEX,Mexico,470,MLT,Malta,False,M,2017,8542,37375284.0,False,True,UN_Comtrade_official_public_preview_reporter_query,2026-09-11T16:05:47+00:00
H4,484,MEX,Mexico,478,MRT,Mauritania,False,M,2017,8542,51560.0,False,True,UN_Comtrade_official_public_preview_reporter_query,2026-09-11T16:05:47+00:00
H4,484,MEX,Mexico,480,MUS,Mauritius,False,M,2017,8542,440170.0,False,True,UN_Comtrade_official_public_preview_reporter_query,2026-09-11T16:05:47+00:00
H4,484,MEX,Mexico,490,S19,"Other Asia, nes",False,M,2017,8542,1461751895.0,False,True,UN_Comtrade_official_public_preview_reporter_query,2026-09-11T16:05:47+00:00
H4,484,MEX,Mexico,499,MNE,Montenegro,False,M,2017,8542,106.0,False,True,UN_Comtrade_official_public_preview_reporter_query,2026-09-11T16:05:47+00:00
H4,484,MEX,Mexico,500,MSR,Montserrat,False,M,2017,8542,9320361.0,False,True,UN_Comtrade_official_public_preview_reporter_query,2026-09-11T16:05:47+00:00
H4,484,MEX,Mexico,504,MAR,Morocco,False,M,2017,8542,56219048.0,False,True,UN_Comtrade_official_public_preview_reporter_query,2026-09-11T16:05:47+00:00
H4,484,MEX,Mexico,516,NAM,Namibia,False,M,2017,8542,74101442.0,False,True,UN_Comtrade_official_public_preview_reporter_query,2026-09-11T16:05:47+00:00
H4,484,MEX,Mexico,528,NLD,Netherlands,False,M,2017,8542,9942298.0,False,True,UN_Comtrade_official_public_preview_reporter_query,2026-09-11T16:05:47+00:00
H4,484,MEX,Mexico,533,ABW,Aruba,False,M,2017,8542,8268.0,False,True,UN_Comtrade_official_public_preview_reporter_query,2026-09-11T16:05:47+00:00
H4,484,MEX,Mexico,540,NCL,New Caledonia,False,M,2017,8542,992783.0,False,True,UN_Comtrade_official_public_preview_reporter_query,2026-09-11T16:05:47+00:00
H4,484,MEX,Mexico,554,NZL,New Zealand,False,M,2017,8542,99834.0,False,True,UN_Comtrade_official_public_preview_reporter_query,2026-09-11T16:05:47+00:00
H4,484,MEX,Mexico,579,NOR,Norway,False,M,2017,8542,358402.0,False,True,UN_Comtrade_official_public_preview_reporter_query,2026-09-11T16:05:47+00:00
H4,484,MEX,Mexico,586,PAK,Pakistan,False,M,2017,8542,19588.0,False,True,UN_Comtrade_official_public_preview_reporter_query,2026-09-11T16:05:47+00:00
H4,484,MEX,Mexico,591,PAN,Panama,False,M,2017,8542,11506.0,False,True,UN_Comtrade_official_public_preview_reporter_query,2026-09-11T16:05:47+00:00
H4,484,MEX,Mexico,604,PER,Peru,False,M,2017,8542,31807.0,False,True,UN_Comtrade_official_public_preview_reporter_query,2026-09-11T16:05:47+00:00
H4,484,MEX,Mexico,608,PHL,Philippines,False,M,2017,8542,564633247.0,False,True,UN_Comtrade_official_public_preview_reporter_query,2026-09-11T16:05:47+00:00
H4,484,MEX,Mexico,612,PCN,Pitcairn,False,M,2017,8542,168138.0,False,True,UN_Comtrade_official_public_preview_reporter_query,2026-09-11T16:05:47+00:00
H4,484,MEX,Mexico,616,POL,Poland,False,M,2017,8542,648567.0,False,True,UN_Comtrade_official_public_preview_reporter_query,2026-09-11T16:05:47+00:00
H4,484,MEX,Mexico,620,PRT,Portugal,False,M,2017,8542,521799.0,False,True,UN_Comtrade_official_public_preview_reporter_query,2026-09-11T16:05:47+00:00
H4,484,MEX,Mexico,642,ROU,Romania,False,M,2017,8542,255878.0,False,True,UN_Comtrade_official_public_preview_reporter_query,2026-09-11T16:05:47+00:00
H4,484,MEX,Mexico,643,RUS,Russian Federation,False,M,2017,8542,17697.0,False,True,UN_Comtrade_official_public_preview_reporter_query,2026-09-11T16:05:47+00:00
H4,484,MEX,Mexico,646,RWA,Rwanda,False,M,2017,8542,71650.0,False,True,UN_Comtrade_official_public_preview_reporter_query,2026-09-11T16:05:47+00:00
H4,484,MEX,Mexico,659,KNA,Saint Kitts and Nevis,False,M,2017,8542,881491.0,False,True,UN_Comtrade_official_public_preview_reporter_query,2026-09-11T16:05:47+00:00
H4,484,MEX,Mexico,686,SEN,Senegal,False,M,2017,8542,20130.0,False,True,UN_Comtrade_official_public_preview_reporter_query,2026-09-11T16:05:47+00:00
H4,484,MEX,Mexico,688,SRB,Serbia,False,M,2017,8542,2711.0,False,True,UN_Comtrade_official_public_preview_reporter_query,2026-09-11T16:05:47+00:00
H4,484,MEX,Mexico,699,IND,India,False,M,2017,8542,3248796.0,False,True,UN_Comtrade_official_public_preview_reporter_query,2026-09-11T16:05:47+00:00
H4,484,MEX,Mexico,702,SGP,Singapore,False,M,2017,8542,161519243.0,False,True,UN_Comtrade_official_public_preview_reporter_query,2026-09-11T16:05:47+00:00
H4,484,MEX,Mexico,703,SVK,Slovakia,False,M,2017,8542,3348340.0,False,True,UN_Comtrade_official_public_preview_reporter_query,2026-09-11T16:05:47+00:00
H4,484,MEX,Mexico,704,VNM,Viet Nam,False,M,2017,8542,903146261.0,False,True,UN_Comtrade_official_public_preview_reporter_query,2026-09-11T16:05:47+00:00
H4,484,MEX,Mexico,705,SVN,Slovenia,False,M,2017,8542,199312.0,False,True,UN_Comtrade_official_public_preview_reporter_query,2026-09-11T16:05:47+00:00
H4,484,MEX,Mexico,710,ZAF,South Africa,False,M,2017,8542,58030.0,False,True,UN_Comtrade_official_public_preview_reporter_query,2026-09-11T16:05:47+00:00
H4,484,MEX,Mexico,724,ESP,Spain,False,M,2017,8542,747156.0,False,True,UN_Comtrade_official_public_preview_reporter_query,2026-09-11T16:05:47+00:00
H4,484,MEX,Mexico,748,SWZ,Eswatini,False,M,2017,8542,19494.0,False,True,UN_Comtrade_official_public_preview_reporter_query,2026-09-11T16:05:47+00:00
H4,484,MEX,Mexico,752,SWE,Sweden,False,M,2017,8542,292693.0,False,True,UN_Comtrade_official_public_preview_reporter_query,2026-09-11T16:05:47+00:00
H4,484,MEX,Mexico,757,CHE,Switzerland,False,M,2017,8542,4374024.0,False,True,UN_Comtrade_official_public_preview_reporter_query,2026-09-11T16:05:47+00:00
H4,484,MEX,Mexico,764,THA,Thailand,False,M,2017,8542,397917090.0,False,True,UN_Comtrade_official_public_preview_reporter_query,2026-09-11T16:05:47+00:00
H4,484,MEX,Mexico,788,TUN,Tunisia,False,M,2017,8542,3981.0,False,True,UN_Comtrade_official_public_preview_reporter_query,2026-09-11T16:05:47+00:00
H4,484,MEX,Mexico,792,TUR,Türkiye,False,M,2017,8542,35438.0,False,True,UN_Comtrade_official_public_preview_reporter_query,2026-09-11T16:05:47+00:00
H4,484,MEX,Mexico,804,UKR,Ukraine,False,M,2017,8542,17719.0,False,True,UN_Comtrade_official_public_preview_reporter_query,2026-09-11T16:05:47+00:00
H4,484,MEX,Mexico,826,GBR,United Kingdom,False,M,2017,8542,4181575.0,False,True,UN_Comtrade_official_public_preview_reporter_query,2026-09-11T16:05:47+00:00
H4,484,MEX,Mexico,842,USA,USA,False,M,2017,8542,1099208054.0,False,True,UN_Comtrade_official_public_preview_reporter_query,2026-09-11T16:05:47+00:00
H4,484,MEX,Mexico,887,YEM,Yemen,False,M,2017,8542,3948.0,False,True,UN_Comtrade_official_public_preview_reporter_query,2026-09-11T16:05:47+00:00
H4,484,MEX,Mexico,899,_X ,"Areas, nes",False,M,2017,8542,7603.0,False,True,UN_Comtrade_official_public_preview_reporter_query,2026-09-11T16:05:47+00:00
H4,484,MEX,Mexico,32,ARG,Argentina,False,X,2017,8542,717799.0,False,True,UN_Comtrade_official_public_preview_reporter_query,2026-09-11T16:05:47+00:00
H4,484,MEX,Mexico,36,AUS,Australia,False,X,2017,8542,191314.0,False,True,UN_Comtrade_official_public_preview_reporter_query,2026-09-11T16:05:47+00:00
H4,484,MEX,Mexico,40,AUT,Austria,False,X,2017,8542,153553.0,False,True,UN_Comtrade_official_public_preview_reporter_query,2026-09-11T16:05:47+00:00
H4,484,MEX,Mexico,56,BEL,Belgium,False,X,2017,8542,387314.0,False,True,UN_Comtrade_official_public_preview_reporter_query,2026-09-11T16:05:47+00:00
H4,484,MEX,Mexico,76,BRA,Brazil,False,X,2017,8542,2827572.0,False,True,UN_Comtrade_official_public_preview_reporter_query,2026-09-11T16:05:47+00:00
H4,484,MEX,Mexico,100,BGR,Bulgaria,False,X,2017,8542,901.0,False,True,UN_Comtrade_official_public_preview_reporter_query,2026-09-11T16:05:47+00:00
H4,484,MEX,Mexico,124,CAN,Canada,False,X,2017,8542,8452080.0,False,True,UN_Comtrade_official_public_preview_reporter_query,2026-09-11T16:05:47+00:00
H4,484,MEX,Mexico,152,CHL,Chile,False,X,2017,8542,105980.0,False,True,UN_Comtrade_official_public_preview_reporter_query,2026-09-11T16:05:47+00:00
H4,484,MEX,Mexico,156,CHN,China,False,X,2017,8542,38012615.0,False,True,UN_Comtrade_official_public_preview_reporter_query,2026-09-11T16:05:47+00:00
H4,484,MEX,Mexico,170,COL,Colombia,False,X,2017,8542,413719.0,False,True,UN_Comtrade_official_public_preview_reporter_query,2026-09-11T16:05:47+00:00
H4,484,MEX,Mexico,188,CRI,Costa Rica,False,X,2017,8542,252450.0,False,True,UN_Comtrade_official_public_preview_reporter_query,2026-09-11T16:05:47+00:00
H4,484,MEX,Mexico,192,CUB,Cuba,False,X,2017,8542,1042819.0,False,True,UN_Comtrade_official_public_preview_reporter_query,2026-09-11T16:05:47+00:00
H4,484,MEX,Mexico,203,CZE,Czechia,False,X,2017,8542,1001313.0,False,True,UN_Comtrade_official_public_preview_reporter_query,2026-09-11T16:05:47+00:00
H4,484,MEX,Mexico,214,DOM,Dominican Rep.,False,X,2017,8542,22829.0,False,True,UN_Comtrade_official_public_preview_reporter_query,2026-09-11T16:05:47+00:00
H4,484,MEX,Mexico,218,ECU,Ecuador,False,X,2017,8542,77608.0,False,True,UN_Comtrade_official_public_preview_reporter_query,2026-09-11T16:05:47+00:00
H4,484,MEX,Mexico,222,SLV,El Salvador,False,X,2017,8542,20866.0,False,True,UN_Comtrade_official_public_preview_reporter_query,2026-09-11T16:05:47+00:00
H4,484,MEX,Mexico,251,FRA,France,False,X,2017,8542,1469302.0,False,True,UN_Comtrade_official_public_preview_reporter_query,2026-09-11T16:05:47+00:00
H4,484,MEX,Mexico,276,DEU,Germany,False,X,2017,8542,2330981.0,False,True,UN_Comtrade_official_public_preview_reporter_query,2026-09-11T16:05:47+00:00
H4,484,MEX,Mexico,320,GTM,Guatemala,False,X,2017,8542,420858.0,False,True,UN_Comtrade_official_public_preview_reporter_query,2026-09-11T16:05:47+00:00
H4,484,MEX,Mexico,340,HND,Honduras,False,X,2017,8542,10776.0,False,True,UN_Comtrade_official_public_preview_reporter_query,2026-09-11T16:05:47+00:00
H4,484,MEX,Mexico,344,HKG,"China, Hong Kong SAR",False,X,2017,8542,63787130.0,False,True,UN_Comtrade_official_public_preview_reporter_query,2026-09-11T16:05:47+00:00
H4,484,MEX,Mexico,348,HUN,Hungary,False,X,2017,8542,2384920.0,False,True,UN_Comtrade_official_public_preview_reporter_query,2026-09-11T16:05:47+00:00
H4,484,MEX,Mexico,372,IRL,Ireland,False,X,2017,8542,9443.0,False,True,UN_Comtrade_official_public_preview_reporter_query,2026-09-11T16:05:47+00:00
H4,484,MEX,Mexico,376,ISR,Israel,False,X,2017,8542,47403.0,False,True,UN_Comtrade_official_public_preview_reporter_query,2026-09-11T16:05:47+00:00
H4,484,MEX,Mexico,380,ITA,Italy,False,X,2017,8542,4763.0,False,True,UN_Comtrade_official_public_preview_reporter_query,2026-09-11T16:05:47+00:00
H4,484,MEX,Mexico,392,JPN,Japan,False,X,2017,8542,14587198.0,False,True,UN_Comtrade_official_public_preview_reporter_query,2026-09-11T16:05:47+00:00
H4,484,MEX,Mexico,410,KOR,Rep. of Korea,False,X,2017,8542,12227467.0,False,True,UN_Comtrade_official_public_preview_reporter_query,2026-09-11T16:05:47+00:00
H4,484,MEX,Mexico,458,MYS,Malaysia,False,X,2017,8542,7818503.0,False,True,UN_Comtrade_official_public_preview_reporter_query,2026-09-11T16:05:47+00:00
H4,484,MEX,Mexico,490,S19,"Other Asia, nes",False,X,2017,8542,5635345.0,False,True,UN_Comtrade_official_public_preview_reporter_query,2026-09-11T16:05:47+00:00
H4,484,MEX,Mexico,528,NLD,Netherlands,False,X,2017,8542,32818361.0,False,True,UN_Comtrade_official_public_preview_reporter_query,2026-09-11T16:05:47+00:00
H4,484,MEX,Mexico,554,NZL,New Zealand,False,X,2017,8542,8430.0,False,True,UN_Comtrade_official_public_preview_reporter_query,2026-09-11T16:05:47+00:00
H4,484,MEX,Mexico,558,NIC,Nicaragua,False,X,2017,8542,43282.0,False,True,UN_Comtrade_official_public_preview_reporter_query,2026-09-11T16:05:47+00:00
H4,484,MEX,Mexico,591,PAN,Panama,False,X,2017,8542,40458.0,False,True,UN_Comtrade_official_public_preview_reporter_query,2026-09-11T16:05:47+00:00
H4,484,MEX,Mexico,604,PER,Peru,False,X,2017,8542,317220.0,False,True,UN_Comtrade_official_public_preview_reporter_query,2026-09-11T16:05:47+00:00
H4,484,MEX,Mexico,608,PHL,Philippines,False,X,2017,8542,986321.0,False,True,UN_Comtrade_official_public_preview_reporter_query,2026-09-11T16:05:47+00:00
H4,484,MEX,Mexico,616,POL,Poland,False,X,2017,8542,737265.0,False,True,UN_Comtrade_official_public_preview_reporter_query,2026-09-11T16:05:47+00:00
H4,484,MEX,Mexico,642,ROU,Romania,False,X,2017,8542,584967.0,False,True,UN_Comtrade_official_public_preview_reporter_query,2026-09-11T16:05:47+00:00
H4,484,MEX,Mexico,699,IND,India,False,X,2017,8542,1186235.0,False,True,UN_Comtrade_official_public_preview_reporter_query,2026-09-11T16:05:47+00:00
H4,484,MEX,Mexico,702,SGP,Singapore,False,X,2017,8542,59635534.0,False,True,UN_Comtrade_official_public_preview_reporter_query,2026-09-11T16:05:47+00:00
H4,484,MEX,Mexico,704,VNM,Viet Nam,False,X,2017,8542,1075699.0,False,True,UN_Comtrade_official_public_preview_reporter_query,2026-09-11T16:05:47+00:00
H4,484,MEX,Mexico,724,ESP,Spain,False,X,2017,8542,520562.0,False,True,UN_Comtrade_official_public_preview_reporter_query,2026-09-11T16:05:47+00:00
H4,484,MEX,Mexico,757,CHE,Switzerland,False,X,2017,8542,26434.0,False,True,UN_Comtrade_official_public_preview_reporter_query,2026-09-11T16:05:47+00:00
H4,484,MEX,Mexico,764,THA,Thailand,False,X,2017,8542,815566.0,False,True,UN_Comtrade_official_public_preview_reporter_query,2026-09-11T16:05:47+00:00
H4,484,MEX,Mexico,784,ARE,United Arab Emirates,False,X,2017,8542,15839.0,False,True,UN_Comtrade_official_public_preview_reporter_query,2026-09-11T16:05:47+00:00
H4,484,MEX,Mexico,826,GBR,United Kingdom,False,X,2017,8542,2410684.0,False,True,UN_Comtrade_official_public_preview_reporter_query,2026-09-11T16:05:47+00:00
H4,484,MEX,Mexico,842,USA,USA,False,X,2017,8542,1917106146.0,False,True,UN_Comtrade_official_public_preview_reporter_query,2026-09-11T16:05:47+00:00
H4,484,MEX,Mexico,858,URY,Uruguay,False,X,2017,8542,46205.0,False,True,UN_Comtrade_official_public_preview_reporter_query,2026-09-11T16:05:47+00:00
H4,484,MEX,Mexico,862,VEN,Venezuela,False,X,2017,8542,5262.0,False,True,UN_Comtrade_official_public_preview_reporter_query,2026-09-11T16:05:47+00:00
H6,484,MEX,Mexico,32,ARG,Argentina,False,M,2022,8542,745.0,False,True,UN_Comtrade_official_public_preview_reporter_query,2026-09-11T16:05:47+00:00
H6,484,MEX,Mexico,36,AUS,Australia,False,M,2022,8542,3460273.0,False,True,UN_Comtrade_official_public_preview_reporter_query,2026-09-11T16:05:47+00:00
H6,484,MEX,Mexico,40,AUT,Austria,False,M,2022,8542,40931931.0,False,True,UN_Comtrade_official_public_preview_reporter_query,2026-09-11T16:05:47+00:00
H6,484,MEX,Mexico,56,BEL,Belgium,False,M,2022,8542,8836350.0,False,True,UN_Comtrade_official_public_preview_reporter_query,2026-09-11T16:05:47+00:00
H6,484,MEX,Mexico,76,BRA,Brazil,False,M,2022,8542,1063909.0,False,True,UN_Comtrade_official_public_preview_reporter_query,2026-09-11T16:05:47+00:00
H6,484,MEX,Mexico,100,BGR,Bulgaria,False,M,2022,8542,93172.0,False,True,UN_Comtrade_official_public_preview_reporter_query,2026-09-11T16:05:47+00:00
H6,484,MEX,Mexico,104,MMR,Myanmar,False,M,2022,8542,16469.0,False,True,UN_Comtrade_official_public_preview_reporter_query,2026-09-11T16:05:47+00:00
H6,484,MEX,Mexico,120,CMR,Cameroon,False,M,2022,8542,2911.0,False,True,UN_Comtrade_official_public_preview_reporter_query,2026-09-11T16:05:47+00:00
H6,484,MEX,Mexico,124,CAN,Canada,False,M,2022,8542,111884572.0,False,True,UN_Comtrade_official_public_preview_reporter_query,2026-09-11T16:05:47+00:00
H6,484,MEX,Mexico,156,CHN,China,False,M,2022,8542,4884509974.0,False,True,UN_Comtrade_official_public_preview_reporter_query,2026-09-11T16:05:47+00:00
H6,484,MEX,Mexico,188,CRI,Costa Rica,False,M,2022,8542,853030484.0,False,True,UN_Comtrade_official_public_preview_reporter_query,2026-09-11T16:05:47+00:00
H6,484,MEX,Mexico,203,CZE,Czechia,False,M,2022,8542,12490086.0,False,True,UN_Comtrade_official_public_preview_reporter_query,2026-09-11T16:05:47+00:00
H6,484,MEX,Mexico,208,DNK,Denmark,False,M,2022,8542,1915873.0,False,True,UN_Comtrade_official_public_preview_reporter_query,2026-09-11T16:05:47+00:00
H6,484,MEX,Mexico,222,SLV,El Salvador,False,M,2022,8542,222380.0,False,True,UN_Comtrade_official_public_preview_reporter_query,2026-09-11T16:05:47+00:00
H6,484,MEX,Mexico,246,FIN,Finland,False,M,2022,8542,5676374.0,False,True,UN_Comtrade_official_public_preview_reporter_query,2026-09-11T16:05:47+00:00
H6,484,MEX,Mexico,251,FRA,France,False,M,2022,8542,46161770.0,False,True,UN_Comtrade_official_public_preview_reporter_query,2026-09-11T16:05:47+00:00
H6,484,MEX,Mexico,276,DEU,Germany,False,M,2022,8542,305447512.0,False,True,UN_Comtrade_official_public_preview_reporter_query,2026-09-11T16:05:47+00:00
H6,484,MEX,Mexico,344,HKG,"China, Hong Kong SAR",False,M,2022,8542,65725116.0,False,True,UN_Comtrade_official_public_preview_reporter_query,2026-09-11T16:05:47+00:00
H6,484,MEX,Mexico,348,HUN,Hungary,False,M,2022,8542,6303198.0,False,True,UN_Comtrade_official_public_preview_reporter_query,2026-09-11T16:05:47+00:00
H6,484,MEX,Mexico,352,ISL,Iceland,False,M,2022,8542,97285.0,False,True,UN_Comtrade_official_public_preview_reporter_query,2026-09-11T16:05:47+00:00
H6,484,MEX,Mexico,360,IDN,Indonesia,False,M,2022,8542,36053856.0,False,True,UN_Comtrade_official_public_preview_reporter_query,2026-09-11T16:05:47+00:00
H6,484,MEX,Mexico,372,IRL,Ireland,False,M,2022,8542,663286.0,False,True,UN_Comtrade_official_public_preview_reporter_query,2026-09-11T16:05:47+00:00
H6,484,MEX,Mexico,376,ISR,Israel,False,M,2022,8542,116452485.0,False,True,UN_Comtrade_official_public_preview_reporter_query,2026-09-11T16:05:47+00:00
H6,484,MEX,Mexico,380,ITA,Italy,False,M,2022,8542,9515080.0,False,True,UN_Comtrade_official_public_preview_reporter_query,2026-09-11T16:05:47+00:00
H6,484,MEX,Mexico,392,JPN,Japan,False,M,2022,8542,511356925.0,False,True,UN_Comtrade_official_public_preview_reporter_query,2026-09-11T16:05:47+00:00
H6,484,MEX,Mexico,410,KOR,Rep. of Korea,False,M,2022,8542,1629058161.0,False,True,UN_Comtrade_official_public_preview_reporter_query,2026-09-11T16:05:47+00:00
H6,484,MEX,Mexico,446,MAC,"China, Macao SAR",False,M,2022,8542,492303.0,False,True,UN_Comtrade_official_public_preview_reporter_query,2026-09-11T16:05:47+00:00
H6,484,MEX,Mexico,458,MYS,Malaysia,False,M,2022,8542,8200069518.0,False,True,UN_Comtrade_official_public_preview_reporter_query,2026-09-11T16:05:47+00:00
H6,484,MEX,Mexico,466,MLI,Mali,False,M,2022,8542,552869.0,False,True,UN_Comtrade_official_public_preview_reporter_query,2026-09-11T16:05:47+00:00
H6,484,MEX,Mexico,470,MLT,Malta,False,M,2022,8542,40504505.0,False,True,UN_Comtrade_official_public_preview_reporter_query,2026-09-11T16:05:47+00:00
H6,484,MEX,Mexico,490,S19,"Other Asia, nes",False,M,2022,8542,3932514254.0,False,True,UN_Comtrade_official_public_preview_reporter_query,2026-09-11T16:05:47+00:00
H6,484,MEX,Mexico,504,MAR,Morocco,False,M,2022,8542,40055026.0,False,True,UN_Comtrade_official_public_preview_reporter_query,2026-09-11T16:05:47+00:00
H6,484,MEX,Mexico,528,NLD,Netherlands,False,M,2022,8542,90885476.0,False,True,UN_Comtrade_official_public_preview_reporter_query,2026-09-11T16:05:47+00:00
H6,484,MEX,Mexico,533,ABW,Aruba,False,M,2022,8542,1203076.0,False,True,UN_Comtrade_official_public_preview_reporter_query,2026-09-11T16:05:47+00:00
H6,484,MEX,Mexico,554,NZL,New Zealand,False,M,2022,8542,161704.0,False,True,UN_Comtrade_official_public_preview_reporter_query,2026-09-11T16:05:47+00:00
H6,484,MEX,Mexico,608,PHL,Philippines,False,M,2022,8542,834164233.0,False,True,UN_Comtrade_official_public_preview_reporter_query,2026-09-11T16:05:47+00:00
H6,484,MEX,Mexico,616,POL,Poland,False,M,2022,8542,4653547.0,False,True,UN_Comtrade_official_public_preview_reporter_query,2026-09-11T16:05:47+00:00
H6,484,MEX,Mexico,620,PRT,Portugal,False,M,2022,8542,5495248.0,False,True,UN_Comtrade_official_public_preview_reporter_query,2026-09-11T16:05:47+00:00
H6,484,MEX,Mexico,642,ROU,Romania,False,M,2022,8542,460611.0,False,True,UN_Comtrade_official_public_preview_reporter_query,2026-09-11T16:05:47+00:00
H6,484,MEX,Mexico,699,IND,India,False,M,2022,8542,6335932.0,False,True,UN_Comtrade_official_public_preview_reporter_query,2026-09-11T16:05:47+00:00
H6,484,MEX,Mexico,702,SGP,Singapore,False,M,2022,8542,465853063.0,False,True,UN_Comtrade_official_public_preview_reporter_query,2026-09-11T16:05:47+00:00
H6,484,MEX,Mexico,703,SVK,Slovakia,False,M,2022,8542,2490584.0,False,True,UN_Comtrade_official_public_preview_reporter_query,2026-09-11T16:05:47+00:00
H6,484,MEX,Mexico,704,VNM,Viet Nam,False,M,2022,8542,1721470778.0,False,True,UN_Comtrade_official_public_preview_reporter_query,2026-09-11T16:05:47+00:00
H6,484,MEX,Mexico,705,SVN,Slovenia,False,M,2022,8542,4980.0,False,True,UN_Comtrade_official_public_preview_reporter_query,2026-09-11T16:05:47+00:00
H6,484,MEX,Mexico,724,ESP,Spain,False,M,2022,8542,5191916.0,False,True,UN_Comtrade_official_public_preview_reporter_query,2026-09-11T16:05:47+00:00
H6,484,MEX,Mexico,748,SWZ,Eswatini,False,M,2022,8542,7777.0,False,True,UN_Comtrade_official_public_preview_reporter_query,2026-09-11T16:05:47+00:00
H6,484,MEX,Mexico,752,SWE,Sweden,False,M,2022,8542,357202.0,False,True,UN_Comtrade_official_public_preview_reporter_query,2026-09-11T16:05:47+00:00
H6,484,MEX,Mexico,757,CHE,Switzerland,False,M,2022,8542,15318757.0,False,True,UN_Comtrade_official_public_preview_reporter_query,2026-09-11T16:05:47+00:00
H6,484,MEX,Mexico,764,THA,Thailand,False,M,2022,8542,820032759.0,False,True,UN_Comtrade_official_public_preview_reporter_query,2026-09-11T16:05:47+00:00
H6,484,MEX,Mexico,792,TUR,Türkiye,False,M,2022,8542,413380.0,False,True,UN_Comtrade_official_public_preview_reporter_query,2026-09-11T16:05:47+00:00
H6,484,MEX,Mexico,804,UKR,Ukraine,False,M,2022,8542,29913.0,False,True,UN_Comtrade_official_public_preview_reporter_query,2026-09-11T16:05:47+00:00
H6,484,MEX,Mexico,826,GBR,United Kingdom,False,M,2022,8542,8276876.0,False,True,UN_Comtrade_official_public_preview_reporter_query,2026-09-11T16:05:47+00:00
H6,484,MEX,Mexico,842,USA,USA,False,M,2022,8542,1492124012.0,False,True,UN_Comtrade_official_public_preview_reporter_query,2026-09-11T16:05:47+00:00
H6,484,MEX,Mexico,899,_X ,"Areas, nes",False,M,2022,8542,1847509.0,False,True,UN_Comtrade_official_public_preview_reporter_query,2026-09-11T16:05:47+00:00
H6,484,MEX,Mexico,32,ARG,Argentina,False,X,2022,8542,24584.0,False,True,UN_Comtrade_official_public_preview_reporter_query,2026-09-11T16:05:47+00:00
H6,484,MEX,Mexico,40,AUT,Austria,False,X,2022,8542,564628.0,False,True,UN_Comtrade_official_public_preview_reporter_query,2026-09-11T16:05:47+00:00
H6,484,MEX,Mexico,76,BRA,Brazil,False,X,2022,8542,14317433.0,False,True,UN_Comtrade_official_public_preview_reporter_query,2026-09-11T16:05:47+00:00
H6,484,MEX,Mexico,100,BGR,Bulgaria,False,X,2022,8542,208709.0,False,True,UN_Comtrade_official_public_preview_reporter_query,2026-09-11T16:05:47+00:00
H6,484,MEX,Mexico,124,CAN,Canada,False,X,2022,8542,17208630.0,False,True,UN_Comtrade_official_public_preview_reporter_query,2026-09-11T16:05:47+00:00
H6,484,MEX,Mexico,156,CHN,China,False,X,2022,8542,192777753.0,False,True,UN_Comtrade_official_public_preview_reporter_query,2026-09-11T16:05:47+00:00
H6,484,MEX,Mexico,170,COL,Colombia,False,X,2022,8542,126484.0,False,True,UN_Comtrade_official_public_preview_reporter_query,2026-09-11T16:05:47+00:00
H6,484,MEX,Mexico,188,CRI,Costa Rica,False,X,2022,8542,361603.0,False,True,UN_Comtrade_official_public_preview_reporter_query,2026-09-11T16:05:47+00:00
H6,484,MEX,Mexico,203,CZE,Czechia,False,X,2022,8542,880507.0,False,True,UN_Comtrade_official_public_preview_reporter_query,2026-09-11T16:05:47+00:00
H6,484,MEX,Mexico,214,DOM,Dominican Rep.,False,X,2022,8542,8556.0,False,True,UN_Comtrade_official_public_preview_reporter_query,2026-09-11T16:05:47+00:00
H6,484,MEX,Mexico,218,ECU,Ecuador,False,X,2022,8542,62832.0,False,True,UN_Comtrade_official_public_preview_reporter_query,2026-09-11T16:05:47+00:00
H6,484,MEX,Mexico,222,SLV,El Salvador,False,X,2022,8542,3257.0,False,True,UN_Comtrade_official_public_preview_reporter_query,2026-09-11T16:05:47+00:00
H6,484,MEX,Mexico,246,FIN,Finland,False,X,2022,8542,907678.0,False,True,UN_Comtrade_official_public_preview_reporter_query,2026-09-11T16:05:47+00:00
H6,484,MEX,Mexico,251,FRA,France,False,X,2022,8542,880404.0,False,True,UN_Comtrade_official_public_preview_reporter_query,2026-09-11T16:05:47+00:00
H6,484,MEX,Mexico,276,DEU,Germany,False,X,2022,8542,6314916.0,False,True,UN_Comtrade_official_public_preview_reporter_query,2026-09-11T16:05:47+00:00
H6,484,MEX,Mexico,320,GTM,Guatemala,False,X,2022,8542,434418.0,False,True,UN_Comtrade_official_public_preview_reporter_query,2026-09-11T16:05:47+00:00
H6,484,MEX,Mexico,340,HND,Honduras,False,X,2022,8542,27612.0,False,True,UN_Comtrade_official_public_preview_reporter_query,2026-09-11T16:05:47+00:00
H6,484,MEX,Mexico,344,HKG,"China, Hong Kong SAR",False,X,2022,8542,243612894.0,False,True,UN_Comtrade_official_public_preview_reporter_query,2026-09-11T16:05:47+00:00
H6,484,MEX,Mexico,348,HUN,Hungary,False,X,2022,8542,35602996.0,False,True,UN_Comtrade_official_public_preview_reporter_query,2026-09-11T16:05:47+00:00
H6,484,MEX,Mexico,360,IDN,Indonesia,False,X,2022,8542,1458458.0,False,True,UN_Comtrade_official_public_preview_reporter_query,2026-09-11T16:05:47+00:00
H6,484,MEX,Mexico,372,IRL,Ireland,False,X,2022,8542,582895.0,False,True,UN_Comtrade_official_public_preview_reporter_query,2026-09-11T16:05:47+00:00
H6,484,MEX,Mexico,376,ISR,Israel,False,X,2022,8542,1652657.0,False,True,UN_Comtrade_official_public_preview_reporter_query,2026-09-11T16:05:47+00:00
H6,484,MEX,Mexico,380,ITA,Italy,False,X,2022,8542,132519.0,False,True,UN_Comtrade_official_public_preview_reporter_query,2026-09-11T16:05:47+00:00
H6,484,MEX,Mexico,392,JPN,Japan,False,X,2022,8542,139561607.0,False,True,UN_Comtrade_official_public_preview_reporter_query,2026-09-11T16:05:47+00:00
H6,484,MEX,Mexico,410,KOR,Rep. of Korea,False,X,2022,8542,16831699.0,False,True,UN_Comtrade_official_public_preview_reporter_query,2026-09-11T16:05:47+00:00
H6,484,MEX,Mexico,458,MYS,Malaysia,False,X,2022,8542,27442161.0,False,True,UN_Comtrade_official_public_preview_reporter_query,2026-09-11T16:05:47+00:00
H6,484,MEX,Mexico,490,S19,"Other Asia, nes",False,X,2022,8542,16562924.0,False,True,UN_Comtrade_official_public_preview_reporter_query,2026-09-11T16:05:47+00:00
H6,484,MEX,Mexico,528,NLD,Netherlands,False,X,2022,8542,69187376.0,False,True,UN_Comtrade_official_public_preview_reporter_query,2026-09-11T16:05:47+00:00
H6,484,MEX,Mexico,554,NZL,New Zealand,False,X,2022,8542,1570.0,False,True,UN_Comtrade_official_public_preview_reporter_query,2026-09-11T16:05:47+00:00
H6,484,MEX,Mexico,591,PAN,Panama,False,X,2022,8542,838.0,False,True,UN_Comtrade_official_public_preview_reporter_query,2026-09-11T16:05:47+00:00
H6,484,MEX,Mexico,608,PHL,Philippines,False,X,2022,8542,729147.0,False,True,UN_Comtrade_official_public_preview_reporter_query,2026-09-11T16:05:47+00:00
H6,484,MEX,Mexico,616,POL,Poland,False,X,2022,8542,3533061.0,False,True,UN_Comtrade_official_public_preview_reporter_query,2026-09-11T16:05:47+00:00
H6,484,MEX,Mexico,620,PRT,Portugal,False,X,2022,8542,464244.0,False,True,UN_Comtrade_official_public_preview_reporter_query,2026-09-11T16:05:47+00:00
H6,484,MEX,Mexico,642,ROU,Romania,False,X,2022,8542,2033205.0,False,True,UN_Comtrade_official_public_preview_reporter_query,2026-09-11T16:05:47+00:00
H6,484,MEX,Mexico,699,IND,India,False,X,2022,8542,7942041.0,False,True,UN_Comtrade_official_public_preview_reporter_query,2026-09-11T16:05:47+00:00
H6,484,MEX,Mexico,702,SGP,Singapore,False,X,2022,8542,73408141.0,False,True,UN_Comtrade_official_public_preview_reporter_query,2026-09-11T16:05:47+00:00
H6,484,MEX,Mexico,703,SVK,Slovakia,False,X,2022,8542,608653.0,False,True,UN_Comtrade_official_public_preview_reporter_query,2026-09-11T16:05:47+00:00
H6,484,MEX,Mexico,704,VNM,Viet Nam,False,X,2022,8542,35671341.0,False,True,UN_Comtrade_official_public_preview_reporter_query,2026-09-11T16:05:47+00:00
H6,484,MEX,Mexico,724,ESP,Spain,False,X,2022,8542,452925.0,False,True,UN_Comtrade_official_public_preview_reporter_query,2026-09-11T16:05:47+00:00
H6,484,MEX,Mexico,752,SWE,Sweden,False,X,2022,8542,869703.0,False,True,UN_Comtrade_official_public_preview_reporter_query,2026-09-11T16:05:47+00:00
H6,484,MEX,Mexico,757,CHE,Switzerland,False,X,2022,8542,90773.0,False,True,UN_Comtrade_official_public_preview_reporter_query,2026-09-11T16:05:47+00:00
H6,484,MEX,Mexico,764,THA,Thailand,False,X,2022,8542,7663673.0,False,True,UN_Comtrade_official_public_preview_reporter_query,2026-09-11T16:05:47+00:00
H6,484,MEX,Mexico,807,MKD,North Macedonia,False,X,2022,8542,12167.0,False,True,UN_Comtrade_official_public_preview_reporter_query,2026-09-11T16:05:47+00:00
H6,484,MEX,Mexico,826,GBR,United Kingdom,False,X,2022,8542,1885858.0,False,True,UN_Comtrade_official_public_preview_reporter_query,2026-09-11T16:05:47+00:00
H6,484,MEX,Mexico,842,USA,USA,False,X,2022,8542,3265305502.0,False,True,UN_Comtrade_official_public_preview_reporter_query,2026-09-11T16:05:47+00:00
H6,484,MEX,Mexico,858,URY,Uruguay,False,X,2022,8542,11845.0,False,True,UN_Comtrade_official_public_preview_reporter_query,2026-09-11T16:05:47+00:00
H5,276,DEU,Germany,8,ALB,Albania,False,M,2017,8542,4399.022,False,True,UN_Comtrade_official_public_preview_reporter_query,2026-09-11T16:05:47+00:00
H5,276,DEU,Germany,32,ARG,Argentina,False,M,2017,8542,4165.236,False,True,UN_Comtrade_official_public_preview_reporter_query,2026-09-11T16:05:47+00:00
H5,276,DEU,Germany,36,AUS,Australia,False,M,2017,8542,942725.711,False,True,UN_Comtrade_official_public_preview_reporter_query,2026-09-11T16:05:47+00:00
H5,276,DEU,Germany,40,AUT,Austria,False,M,2017,8542,177583864.169,False,True,UN_Comtrade_official_public_preview_reporter_query,2026-09-11T16:05:47+00:00
H5,276,DEU,Germany,56,BEL,Belgium,False,M,2017,8542,64739569.9,False,True,UN_Comtrade_official_public_preview_reporter_query,2026-09-11T16:05:47+00:00
H5,276,DEU,Germany,68,BOL,Bolivia (Plurinational State of),False,M,2017,8542,583.901,False,True,UN_Comtrade_official_public_preview_reporter_query,2026-09-11T16:05:47+00:00
H5,276,DEU,Germany,70,BIH,Bosnia Herzegovina,False,M,2017,8542,1164.414,False,True,UN_Comtrade_official_public_preview_reporter_query,2026-09-11T16:05:47+00:00
H5,276,DEU,Germany,76,BRA,Brazil,False,M,2017,8542,138910.844,False,True,UN_Comtrade_official_public_preview_reporter_query,2026-09-11T16:05:47+00:00
H5,276,DEU,Germany,96,BRN,Brunei Darussalam,False,M,2017,8542,585.03,False,True,UN_Comtrade_official_public_preview_reporter_query,2026-09-11T16:05:47+00:00
H5,276,DEU,Germany,100,BGR,Bulgaria,False,M,2017,8542,8379112.982,False,True,UN_Comtrade_official_public_preview_reporter_query,2026-09-11T16:05:47+00:00
H5,276,DEU,Germany,112,BLR,Belarus,False,M,2017,8542,4667.82,False,True,UN_Comtrade_official_public_preview_reporter_query,2026-09-11T16:05:47+00:00
H5,276,DEU,Germany,120,CMR,Cameroon,False,M,2017,8542,18664.504,False,True,UN_Comtrade_official_public_preview_reporter_query,2026-09-11T16:05:47+00:00
H5,276,DEU,Germany,124,CAN,Canada,False,M,2017,8542,8620944.006,False,True,UN_Comtrade_official_public_preview_reporter_query,2026-09-11T16:05:47+00:00
H5,276,DEU,Germany,144,LKA,Sri Lanka,False,M,2017,8542,3318852.769,False,True,UN_Comtrade_official_public_preview_reporter_query,2026-09-11T16:05:47+00:00
H5,276,DEU,Germany,152,CHL,Chile,False,M,2017,8542,6917.59,False,True,UN_Comtrade_official_public_preview_reporter_query,2026-09-11T16:05:47+00:00
H5,276,DEU,Germany,156,CHN,China,False,M,2017,8542,1478129788.617,False,True,UN_Comtrade_official_public_preview_reporter_query,2026-09-11T16:05:47+00:00
H5,276,DEU,Germany,170,COL,Colombia,False,M,2017,8542,18155.143,False,True,UN_Comtrade_official_public_preview_reporter_query,2026-09-11T16:05:47+00:00
H5,276,DEU,Germany,188,CRI,Costa Rica,False,M,2017,8542,6269529.401,False,True,UN_Comtrade_official_public_preview_reporter_query,2026-09-11T16:05:47+00:00
H5,276,DEU,Germany,191,HRV,Croatia,False,M,2017,8542,122763.779,False,True,UN_Comtrade_official_public_preview_reporter_query,2026-09-11T16:05:47+00:00
H5,276,DEU,Germany,196,CYP,Cyprus,False,M,2017,8542,857254.799,False,True,UN_Comtrade_official_public_preview_reporter_query,2026-09-11T16:05:47+00:00
H5,276,DEU,Germany,203,CZE,Czechia,False,M,2017,8542,170061763.164,False,True,UN_Comtrade_official_public_preview_reporter_query,2026-09-11T16:05:47+00:00
H5,276,DEU,Germany,208,DNK,Denmark,False,M,2017,8542,9991881.496,False,True,UN_Comtrade_official_public_preview_reporter_query,2026-09-11T16:05:47+00:00
H5,276,DEU,Germany,214,DOM,Dominican Rep.,False,M,2017,8542,1490.811,False,True,UN_Comtrade_official_public_preview_reporter_query,2026-09-11T16:05:47+00:00
H5,276,DEU,Germany,222,SLV,El Salvador,False,M,2017,8542,278.962,False,True,UN_Comtrade_official_public_preview_reporter_query,2026-09-11T16:05:47+00:00
H5,276,DEU,Germany,231,ETH,Ethiopia,False,M,2017,8542,38218.976,False,True,UN_Comtrade_official_public_preview_reporter_query,2026-09-11T16:05:47+00:00
H5,276,DEU,Germany,233,EST,Estonia,False,M,2017,8542,146515.111,False,True,UN_Comtrade_official_public_preview_reporter_query,2026-09-11T16:05:47+00:00
H5,276,DEU,Germany,246,FIN,Finland,False,M,2017,8542,1391737.694,False,True,UN_Comtrade_official_public_preview_reporter_query,2026-09-11T16:05:47+00:00
H5,276,DEU,Germany,251,FRA,France,False,M,2017,8542,445612804.507,False,True,UN_Comtrade_official_public_preview_reporter_query,2026-09-11T16:05:47+00:00
H5,276,DEU,Germany,268,GEO,Georgia,False,M,2017,8542,13409.394,False,True,UN_Comtrade_official_public_preview_reporter_query,2026-09-11T16:05:47+00:00
H5,276,DEU,Germany,288,GHA,Ghana,False,M,2017,8542,169.41,False,True,UN_Comtrade_official_public_preview_reporter_query,2026-09-11T16:05:47+00:00
H5,276,DEU,Germany,300,GRC,Greece,False,M,2017,8542,545543.133,False,True,UN_Comtrade_official_public_preview_reporter_query,2026-09-11T16:05:47+00:00
H5,276,DEU,Germany,340,HND,Honduras,False,M,2017,8542,906.91,False,True,UN_Comtrade_official_public_preview_reporter_query,2026-09-11T16:05:47+00:00
H5,276,DEU,Germany,344,HKG,"China, Hong Kong SAR",False,M,2017,8542,20800099.543,False,True,UN_Comtrade_official_public_preview_reporter_query,2026-09-11T16:05:47+00:00
H5,276,DEU,Germany,348,HUN,Hungary,False,M,2017,8542,60354552.259,False,True,UN_Comtrade_official_public_preview_reporter_query,2026-09-11T16:05:47+00:00
H5,276,DEU,Germany,352,ISL,Iceland,False,M,2017,8542,3177.009,False,True,UN_Comtrade_official_public_preview_reporter_query,2026-09-11T16:05:47+00:00
H5,276,DEU,Germany,360,IDN,Indonesia,False,M,2017,8542,175721728.13,False,True,UN_Comtrade_official_public_preview_reporter_query,2026-09-11T16:05:47+00:00
H5,276,DEU,Germany,364,IRN,Iran,False,M,2017,8542,105967.307,False,True,UN_Comtrade_official_public_preview_reporter_query,2026-09-11T16:05:47+00:00
H5,276,DEU,Germany,368,IRQ,Iraq,False,M,2017,8542,5896.61,False,True,UN_Comtrade_official_public_preview_reporter_query,2026-09-11T16:05:47+00:00
H5,276,DEU,Germany,372,IRL,Ireland,False,M,2017,8542,176481806.889,False,True,UN_Comtrade_official_public_preview_reporter_query,2026-09-11T16:05:47+00:00
H5,276,DEU,Germany,376,ISR,Israel,False,M,2017,8542,5631422.709,False,True,UN_Comtrade_official_public_preview_reporter_query,2026-09-11T16:05:47+00:00
H5,276,DEU,Germany,380,ITA,Italy,False,M,2017,8542,99328345.334,False,True,UN_Comtrade_official_public_preview_reporter_query,2026-09-11T16:05:47+00:00
H5,276,DEU,Germany,392,JPN,Japan,False,M,2017,8542,1044077838.155,False,True,UN_Comtrade_official_public_preview_reporter_query,2026-09-11T16:05:47+00:00
H5,276,DEU,Germany,404,KEN,Kenya,False,M,2017,8542,8861.291,False,True,UN_Comtrade_official_public_preview_reporter_query,2026-09-11T16:05:47+00:00
H5,276,DEU,Germany,410,KOR,Rep. of Korea,False,M,2017,8542,1707464347.767,False,True,UN_Comtrade_official_public_preview_reporter_query,2026-09-11T16:05:47+00:00
H5,276,DEU,Germany,414,KWT,Kuwait,False,M,2017,8542,239656.924,False,True,UN_Comtrade_official_public_preview_reporter_query,2026-09-11T16:05:47+00:00
H5,276,DEU,Germany,422,LBN,Lebanon,False,M,2017,8542,3158.938,False,True,UN_Comtrade_official_public_preview_reporter_query,2026-09-11T16:05:47+00:00
H5,276,DEU,Germany,428,LVA,Latvia,False,M,2017,8542,2458.709,False,True,UN_Comtrade_official_public_preview_reporter_query,2026-09-11T16:05:47+00:00
H5,276,DEU,Germany,440,LTU,Lithuania,False,M,2017,8542,1221902.683,False,True,UN_Comtrade_official_public_preview_reporter_query,2026-09-11T16:05:47+00:00
H5,276,DEU,Germany,442,LUX,Luxembourg,False,M,2017,8542,120975.935,False,True,UN_Comtrade_official_public_preview_reporter_query,2026-09-11T16:05:47+00:00
H5,276,DEU,Germany,446,MAC,"China, Macao SAR",False,M,2017,8542,35456.458,False,True,UN_Comtrade_official_public_preview_reporter_query,2026-09-11T16:05:47+00:00
H5,276,DEU,Germany,458,MYS,Malaysia,False,M,2017,8542,2321353719.934,False,True,UN_Comtrade_official_public_preview_reporter_query,2026-09-11T16:05:47+00:00
H5,276,DEU,Germany,470,MLT,Malta,False,M,2017,8542,7959821.223,False,True,UN_Comtrade_official_public_preview_reporter_query,2026-09-11T16:05:47+00:00
H5,276,DEU,Germany,480,MUS,Mauritius,False,M,2017,8542,26614.367,False,True,UN_Comtrade_official_public_preview_reporter_query,2026-09-11T16:05:47+00:00
H5,276,DEU,Germany,484,MEX,Mexico,False,M,2017,8542,83538284.868,False,True,UN_Comtrade_official_public_preview_reporter_query,2026-09-11T16:05:47+00:00
H5,276,DEU,Germany,490,S19,"Other Asia, nes",False,M,2017,8542,2623797634.233,False,True,UN_Comtrade_official_public_preview_reporter_query,2026-09-11T16:05:47+00:00
H5,276,DEU,Germany,498,MDA,Rep. of Moldova,False,M,2017,8542,568.089,False,True,UN_Comtrade_official_public_preview_reporter_query,2026-09-11T16:05:47+00:00
H5,276,DEU,Germany,499,MNE,Montenegro,False,M,2017,8542,8558.611,False,True,UN_Comtrade_official_public_preview_reporter_query,2026-09-11T16:05:47+00:00
H5,276,DEU,Germany,504,MAR,Morocco,False,M,2017,8542,35545121.737,False,True,UN_Comtrade_official_public_preview_reporter_query,2026-09-11T16:05:47+00:00
H5,276,DEU,Germany,512,OMN,Oman,False,M,2017,8542,1755.091,False,True,UN_Comtrade_official_public_preview_reporter_query,2026-09-11T16:05:47+00:00
H5,276,DEU,Germany,516,NAM,Namibia,False,M,2017,8542,1827.373,False,True,UN_Comtrade_official_public_preview_reporter_query,2026-09-11T16:05:47+00:00
H5,276,DEU,Germany,528,NLD,Netherlands,False,M,2017,8542,736749948.671,False,True,UN_Comtrade_official_public_preview_reporter_query,2026-09-11T16:05:47+00:00
H5,276,DEU,Germany,554,NZL,New Zealand,False,M,2017,8542,19355.698,False,True,UN_Comtrade_official_public_preview_reporter_query,2026-09-11T16:05:47+00:00
H5,276,DEU,Germany,579,NOR,Norway,False,M,2017,8542,1168470.657,False,True,UN_Comtrade_official_public_preview_reporter_query,2026-09-11T16:05:47+00:00
H5,276,DEU,Germany,586,PAK,Pakistan,False,M,2017,8542,99640.395,False,True,UN_Comtrade_official_public_preview_reporter_query,2026-09-11T16:05:47+00:00
H5,276,DEU,Germany,591,PAN,Panama,False,M,2017,8542,910.298,False,True,UN_Comtrade_official_public_preview_reporter_query,2026-09-11T16:05:47+00:00
H5,276,DEU,Germany,600,PRY,Paraguay,False,M,2017,8542,9936.482,False,True,UN_Comtrade_official_public_preview_reporter_query,2026-09-11T16:05:47+00:00
H5,276,DEU,Germany,604,PER,Peru,False,M,2017,8542,452.89,False,True,UN_Comtrade_official_public_preview_reporter_query,2026-09-11T16:05:47+00:00
H5,276,DEU,Germany,608,PHL,Philippines,False,M,2017,8542,1460408253.583,False,True,UN_Comtrade_official_public_preview_reporter_query,2026-09-11T16:05:47+00:00
H5,276,DEU,Germany,616,POL,Poland,False,M,2017,8542,245160943.455,False,True,UN_Comtrade_official_public_preview_reporter_query,2026-09-11T16:05:47+00:00
H5,276,DEU,Germany,620,PRT,Portugal,False,M,2017,8542,1089046.565,False,True,UN_Comtrade_official_public_preview_reporter_query,2026-09-11T16:05:47+00:00
H5,276,DEU,Germany,634,QAT,Qatar,False,M,2017,8542,30275.889,False,True,UN_Comtrade_official_public_preview_reporter_query,2026-09-11T16:05:47+00:00
H5,276,DEU,Germany,642,ROU,Romania,False,M,2017,8542,10723449.623,False,True,UN_Comtrade_official_public_preview_reporter_query,2026-09-11T16:05:47+00:00
H5,276,DEU,Germany,643,RUS,Russian Federation,False,M,2017,8542,789518.891,False,True,UN_Comtrade_official_public_preview_reporter_query,2026-09-11T16:05:47+00:00
H5,276,DEU,Germany,654,SHN,Saint Helena,False,M,2017,8542,4786.407,False,True,UN_Comtrade_official_public_preview_reporter_query,2026-09-11T16:05:47+00:00
H5,276,DEU,Germany,674,SMR,San Marino,False,M,2017,8542,3136.35,False,True,UN_Comtrade_official_public_preview_reporter_query,2026-09-11T16:05:47+00:00
H5,276,DEU,Germany,682,SAU,Saudi Arabia,False,M,2017,8542,51923.145,False,True,UN_Comtrade_official_public_preview_reporter_query,2026-09-11T16:05:47+00:00
H5,276,DEU,Germany,688,SRB,Serbia,False,M,2017,8542,271975.902,False,True,UN_Comtrade_official_public_preview_reporter_query,2026-09-11T16:05:47+00:00
H5,276,DEU,Germany,699,IND,India,False,M,2017,8542,3207922.868,False,True,UN_Comtrade_official_public_preview_reporter_query,2026-09-11T16:05:47+00:00
H5,276,DEU,Germany,702,SGP,Singapore,False,M,2017,8542,242043258.706,False,True,UN_Comtrade_official_public_preview_reporter_query,2026-09-11T16:05:47+00:00
H5,276,DEU,Germany,703,SVK,Slovakia,False,M,2017,8542,19109379.678,False,True,UN_Comtrade_official_public_preview_reporter_query,2026-09-11T16:05:47+00:00
H5,276,DEU,Germany,704,VNM,Viet Nam,False,M,2017,8542,83948664.513,False,True,UN_Comtrade_official_public_preview_reporter_query,2026-09-11T16:05:47+00:00
H5,276,DEU,Germany,705,SVN,Slovenia,False,M,2017,8542,3105100.947,False,True,UN_Comtrade_official_public_preview_reporter_query,2026-09-11T16:05:47+00:00
H5,276,DEU,Germany,710,ZAF,South Africa,False,M,2017,8542,1551170.909,False,True,UN_Comtrade_official_public_preview_reporter_query,2026-09-11T16:05:47+00:00
H5,276,DEU,Germany,716,ZWE,Zimbabwe,False,M,2017,8542,6167.666,False,True,UN_Comtrade_official_public_preview_reporter_query,2026-09-11T16:05:47+00:00
H5,276,DEU,Germany,724,ESP,Spain,False,M,2017,8542,34153679.947,False,True,UN_Comtrade_official_public_preview_reporter_query,2026-09-11T16:05:47+00:00
H5,276,DEU,Germany,752,SWE,Sweden,False,M,2017,8542,10048720.929,False,True,UN_Comtrade_official_public_preview_reporter_query,2026-09-11T16:05:47+00:00
H5,276,DEU,Germany,757,CHE,Switzerland,False,M,2017,8542,93649878.498,False,True,UN_Comtrade_official_public_preview_reporter_query,2026-09-11T16:05:47+00:00
H5,276,DEU,Germany,762,TJK,Tajikistan,False,M,2017,8542,2936.446,False,True,UN_Comtrade_official_public_preview_reporter_query,2026-09-11T16:05:47+00:00
H5,276,DEU,Germany,764,THA,Thailand,False,M,2017,8542,967985851.064,False,True,UN_Comtrade_official_public_preview_reporter_query,2026-09-11T16:05:47+00:00
H5,276,DEU,Germany,784,ARE,United Arab Emirates,False,M,2017,8542,627502.733,False,True,UN_Comtrade_official_public_preview_reporter_query,2026-09-11T16:05:47+00:00
H5,276,DEU,Germany,788,TUN,Tunisia,False,M,2017,8542,698290.286,False,True,UN_Comtrade_official_public_preview_reporter_query,2026-09-11T16:05:47+00:00
H5,276,DEU,Germany,792,TUR,Türkiye,False,M,2017,8542,942140.681,False,True,UN_Comtrade_official_public_preview_reporter_query,2026-09-11T16:05:47+00:00
H5,276,DEU,Germany,804,UKR,Ukraine,False,M,2017,8542,132310.617,False,True,UN_Comtrade_official_public_preview_reporter_query,2026-09-11T16:05:47+00:00
H5,276,DEU,Germany,807,MKD,North Macedonia,False,M,2017,8542,60992.246,False,True,UN_Comtrade_official_public_preview_reporter_query,2026-09-11T16:05:47+00:00
H5,276,DEU,Germany,818,EGY,Egypt,False,M,2017,8542,4087.307,False,True,UN_Comtrade_official_public_preview_reporter_query,2026-09-11T16:05:47+00:00
H5,276,DEU,Germany,826,GBR,United Kingdom,False,M,2017,8542,609364624.864,False,True,UN_Comtrade_official_public_preview_reporter_query,2026-09-11T16:05:47+00:00
H5,276,DEU,Germany,842,USA,USA,False,M,2017,8542,2145769004.124,False,True,UN_Comtrade_official_public_preview_reporter_query,2026-09-11T16:05:47+00:00
H5,276,DEU,Germany,860,UZB,Uzbekistan,False,M,2017,8542,738.629,False,True,UN_Comtrade_official_public_preview_reporter_query,2026-09-11T16:05:47+00:00
H5,276,DEU,Germany,862,VEN,Venezuela,False,M,2017,8542,51063.669,False,True,UN_Comtrade_official_public_preview_reporter_query,2026-09-11T16:05:47+00:00
H5,276,DEU,Germany,4,AFG,Afghanistan,False,X,2017,8542,24258.447,False,True,UN_Comtrade_official_public_preview_reporter_query,2026-09-11T16:05:47+00:00
H5,276,DEU,Germany,8,ALB,Albania,False,X,2017,8542,65561.295,False,True,UN_Comtrade_official_public_preview_reporter_query,2026-09-11T16:05:47+00:00
H5,276,DEU,Germany,12,DZA,Algeria,False,X,2017,8542,387575.975,False,True,UN_Comtrade_official_public_preview_reporter_query,2026-09-11T16:05:47+00:00
H5,276,DEU,Germany,20,AND,Andorra,False,X,2017,8542,66921.413,False,True,UN_Comtrade_official_public_preview_reporter_query,2026-09-11T16:05:47+00:00
H5,276,DEU,Germany,24,AGO,Angola,False,X,2017,8542,9762.573,False,True,UN_Comtrade_official_public_preview_reporter_query,2026-09-11T16:05:47+00:00
H5,276,DEU,Germany,31,AZE,Azerbaijan,False,X,2017,8542,54164.095,False,True,UN_Comtrade_official_public_preview_reporter_query,2026-09-11T16:05:47+00:00
H5,276,DEU,Germany,32,ARG,Argentina,False,X,2017,8542,1914942.006,False,True,UN_Comtrade_official_public_preview_reporter_query,2026-09-11T16:05:47+00:00
H5,276,DEU,Germany,36,AUS,Australia,False,X,2017,8542,4753624.319,False,True,UN_Comtrade_official_public_preview_reporter_query,2026-09-11T16:05:47+00:00
H5,276,DEU,Germany,40,AUT,Austria,False,X,2017,8542,406326984.305,False,True,UN_Comtrade_official_public_preview_reporter_query,2026-09-11T16:05:47+00:00
H5,276,DEU,Germany,44,BHS,Bahamas,False,X,2017,8542,166318.464,False,True,UN_Comtrade_official_public_preview_reporter_query,2026-09-11T16:05:47+00:00
H5,276,DEU,Germany,50,BGD,Bangladesh,False,X,2017,8542,625099.546,False,True,UN_Comtrade_official_public_preview_reporter_query,2026-09-11T16:05:47+00:00
H5,276,DEU,Germany,51,ARM,Armenia,False,X,2017,8542,331467.724,False,True,UN_Comtrade_official_public_preview_reporter_query,2026-09-11T16:05:47+00:00
H5,276,DEU,Germany,56,BEL,Belgium,False,X,2017,8542,126633647.214,False,True,UN_Comtrade_official_public_preview_reporter_query,2026-09-11T16:05:47+00:00
H5,276,DEU,Germany,64,BTN,Bhutan,False,X,2017,8542,1704.666,False,True,UN_Comtrade_official_public_preview_reporter_query,2026-09-11T16:05:47+00:00
H5,276,DEU,Germany,68,BOL,Bolivia (Plurinational State of),False,X,2017,8542,27471.218,False,True,UN_Comtrade_official_public_preview_reporter_query,2026-09-11T16:05:47+00:00
H5,276,DEU,Germany,70,BIH,Bosnia Herzegovina,False,X,2017,8542,1349073.108,False,True,UN_Comtrade_official_public_preview_reporter_query,2026-09-11T16:05:47+00:00
H5,276,DEU,Germany,72,BWA,Botswana,False,X,2017,8542,19485.609,False,True,UN_Comtrade_official_public_preview_reporter_query,2026-09-11T16:05:47+00:00
H5,276,DEU,Germany,76,BRA,Brazil,False,X,2017,8542,27756568.915,False,True,UN_Comtrade_official_public_preview_reporter_query,2026-09-11T16:05:47+00:00
H5,276,DEU,Germany,96,BRN,Brunei Darussalam,False,X,2017,8542,797128.472,False,True,UN_Comtrade_official_public_preview_reporter_query,2026-09-11T16:05:47+00:00
H5,276,DEU,Germany,100,BGR,Bulgaria,False,X,2017,8542,54107942.915,False,True,UN_Comtrade_official_public_preview_reporter_query,2026-09-11T16:05:47+00:00
H5,276,DEU,Germany,104,MMR,Myanmar,False,X,2017,8542,22835.068,False,True,UN_Comtrade_official_public_preview_reporter_query,2026-09-11T16:05:47+00:00
H5,276,DEU,Germany,108,BDI,Burundi,False,X,2017,8542,6181.532,False,True,UN_Comtrade_official_public_preview_reporter_query,2026-09-11T16:05:47+00:00
H5,276,DEU,Germany,112,BLR,Belarus,False,X,2017,8542,3767999.78,False,True,UN_Comtrade_official_public_preview_reporter_query,2026-09-11T16:05:47+00:00
H5,276,DEU,Germany,116,KHM,Cambodia,False,X,2017,8542,50125.539,False,True,UN_Comtrade_official_public_preview_reporter_query,2026-09-11T16:05:47+00:00
H5,276,DEU,Germany,120,CMR,Cameroon,False,X,2017,8542,50525.441,False,True,UN_Comtrade_official_public_preview_reporter_query,2026-09-11T16:05:47+00:00
H5,276,DEU,Germany,124,CAN,Canada,False,X,2017,8542,23517384.32,False,True,UN_Comtrade_official_public_preview_reporter_query,2026-09-11T16:05:47+00:00
H5,276,DEU,Germany,144,LKA,Sri Lanka,False,X,2017,8542,4997549.707,False,True,UN_Comtrade_official_public_preview_reporter_query,2026-09-11T16:05:47+00:00
H5,276,DEU,Germany,152,CHL,Chile,False,X,2017,8542,6452966.182,False,True,UN_Comtrade_official_public_preview_reporter_query,2026-09-11T16:05:47+00:00
H5,276,DEU,Germany,156,CHN,China,False,X,2017,8542,1601656457.026,False,True,UN_Comtrade_official_public_preview_reporter_query,2026-09-11T16:05:47+00:00
H5,276,DEU,Germany,170,COL,Colombia,False,X,2017,8542,1057780.824,False,True,UN_Comtrade_official_public_preview_reporter_query,2026-09-11T16:05:47+00:00
H5,276,DEU,Germany,178,COG,Congo,False,X,2017,8542,12386.788,False,True,UN_Comtrade_official_public_preview_reporter_query,2026-09-11T16:05:47+00:00
H5,276,DEU,Germany,180,COD,Dem. Rep. of the Congo,False,X,2017,8542,19929.567,False,True,UN_Comtrade_official_public_preview_reporter_query,2026-09-11T16:05:47+00:00
H5,276,DEU,Germany,188,CRI,Costa Rica,False,X,2017,8542,79006.58,False,True,UN_Comtrade_official_public_preview_reporter_query,2026-09-11T16:05:47+00:00
H5,276,DEU,Germany,191,HRV,Croatia,False,X,2017,8542,4063775.707,False,True,UN_Comtrade_official_public_preview_reporter_query,2026-09-11T16:05:47+00:00
H5,276,DEU,Germany,192,CUB,Cuba,False,X,2017,8542,248359.327,False,True,UN_Comtrade_official_public_preview_reporter_query,2026-09-11T16:05:47+00:00
H5,276,DEU,Germany,196,CYP,Cyprus,False,X,2017,8542,1178163.681,False,True,UN_Comtrade_official_public_preview_reporter_query,2026-09-11T16:05:47+00:00
H5,276,DEU,Germany,203,CZE,Czechia,False,X,2017,8542,430313766.308,False,True,UN_Comtrade_official_public_preview_reporter_query,2026-09-11T16:05:47+00:00
H5,276,DEU,Germany,204,BEN,Benin,False,X,2017,8542,7385.756,False,True,UN_Comtrade_official_public_preview_reporter_query,2026-09-11T16:05:47+00:00
H5,276,DEU,Germany,208,DNK,Denmark,False,X,2017,8542,112374136.634,False,True,UN_Comtrade_official_public_preview_reporter_query,2026-09-11T16:05:47+00:00
H5,276,DEU,Germany,214,DOM,Dominican Rep.,False,X,2017,8542,56756.679,False,True,UN_Comtrade_official_public_preview_reporter_query,2026-09-11T16:05:47+00:00
H5,276,DEU,Germany,218,ECU,Ecuador,False,X,2017,8542,179987.423,False,True,UN_Comtrade_official_public_preview_reporter_query,2026-09-11T16:05:47+00:00
H5,276,DEU,Germany,222,SLV,El Salvador,False,X,2017,8542,120363.652,False,True,UN_Comtrade_official_public_preview_reporter_query,2026-09-11T16:05:47+00:00
H5,276,DEU,Germany,226,GNQ,Equatorial Guinea,False,X,2017,8542,3021.857,False,True,UN_Comtrade_official_public_preview_reporter_query,2026-09-11T16:05:47+00:00
H5,276,DEU,Germany,231,ETH,Ethiopia,False,X,2017,8542,8779518.937,False,True,UN_Comtrade_official_public_preview_reporter_query,2026-09-11T16:05:47+00:00
H5,276,DEU,Germany,233,EST,Estonia,False,X,2017,8542,33302200.929,False,True,UN_Comtrade_official_public_preview_reporter_query,2026-09-11T16:05:47+00:00
H5,276,DEU,Germany,234,FRO,Faroe Isds,False,X,2017,8542,46146.856,False,True,UN_Comtrade_official_public_preview_reporter_query,2026-09-11T16:05:47+00:00
H5,276,DEU,Germany,242,FJI,Fiji,False,X,2017,8542,3032.024,False,True,UN_Comtrade_official_public_preview_reporter_query,2026-09-11T16:05:47+00:00
H5,276,DEU,Germany,246,FIN,Finland,False,X,2017,8542,73415589.645,False,True,UN_Comtrade_official_public_preview_reporter_query,2026-09-11T16:05:47+00:00
H5,276,DEU,Germany,251,FRA,France,False,X,2017,8542,903579044.459,False,True,UN_Comtrade_official_public_preview_reporter_query,2026-09-11T16:05:47+00:00
H5,276,DEU,Germany,258,PYF,French Polynesia,False,X,2017,8542,948.919,False,True,UN_Comtrade_official_public_preview_reporter_query,2026-09-11T16:05:47+00:00
H5,276,DEU,Germany,266,GAB,Gabon,False,X,2017,8542,14191.994,False,True,UN_Comtrade_official_public_preview_reporter_query,2026-09-11T16:05:47+00:00
H5,276,DEU,Germany,268,GEO,Georgia,False,X,2017,8542,1046376.846,False,True,UN_Comtrade_official_public_preview_reporter_query,2026-09-11T16:05:47+00:00
H5,276,DEU,Germany,270,GMB,Gambia,False,X,2017,8542,1796.169,False,True,UN_Comtrade_official_public_preview_reporter_query,2026-09-11T16:05:47+00:00
H5,276,DEU,Germany,275,PSE,State of Palestine,False,X,2017,8542,2016.454,False,True,UN_Comtrade_official_public_preview_reporter_query,2026-09-11T16:05:47+00:00
H5,276,DEU,Germany,288,GHA,Ghana,False,X,2017,8542,55718.516,False,True,UN_Comtrade_official_public_preview_reporter_query,2026-09-11T16:05:47+00:00
H5,276,DEU,Germany,292,GIB,Gibraltar,False,X,2017,8542,2585.805,False,True,UN_Comtrade_official_public_preview_reporter_query,2026-09-11T16:05:47+00:00
H5,276,DEU,Germany,300,GRC,Greece,False,X,2017,8542,18615426.949,False,True,UN_Comtrade_official_public_preview_reporter_query,2026-09-11T16:05:47+00:00
H5,276,DEU,Germany,308,GRD,Grenada,False,X,2017,8542,15323.919,False,True,UN_Comtrade_official_public_preview_reporter_query,2026-09-11T16:05:47+00:00
H5,276,DEU,Germany,316,GUM,Guam,False,X,2017,8542,681.189,False,True,UN_Comtrade_official_public_preview_reporter_query,2026-09-11T16:05:47+00:00
H5,276,DEU,Germany,320,GTM,Guatemala,False,X,2017,8542,60406.629,False,True,UN_Comtrade_official_public_preview_reporter_query,2026-09-11T16:05:47+00:00
H5,276,DEU,Germany,324,GIN,Guinea,False,X,2017,8542,2028.88,False,True,UN_Comtrade_official_public_preview_reporter_query,2026-09-11T16:05:47+00:00
H5,276,DEU,Germany,332,HTI,Haiti,False,X,2017,8542,2156.532,False,True,UN_Comtrade_official_public_preview_reporter_query,2026-09-11T16:05:47+00:00
H5,276,DEU,Germany,340,HND,Honduras,False,X,2017,8542,33665.176,False,True,UN_Comtrade_official_public_preview_reporter_query,2026-09-11T16:05:47+00:00
H5,276,DEU,Germany,344,HKG,"China, Hong Kong SAR",False,X,2017,8542,290455425.488,False,True,UN_Comtrade_official_public_preview_reporter_query,2026-09-11T16:05:47+00:00
H5,276,DEU,Germany,348,HUN,Hungary,False,X,2017,8542,1133944791.98,False,True,UN_Comtrade_official_public_preview_reporter_query,2026-09-11T16:05:47+00:00
H5,276,DEU,Germany,352,ISL,Iceland,False,X,2017,8542,1294058.374,False,True,UN_Comtrade_official_public_preview_reporter_query,2026-09-11T16:05:47+00:00
H5,276,DEU,Germany,360,IDN,Indonesia,False,X,2017,8542,82006839.577,False,True,UN_Comtrade_official_public_preview_reporter_query,2026-09-11T16:05:47+00:00
H5,276,DEU,Germany,364,IRN,Iran,False,X,2017,8542,1592834.694,False,True,UN_Comtrade_official_public_preview_reporter_query,2026-09-11T16:05:47+00:00
H5,276,DEU,Germany,368,IRQ,Iraq,False,X,2017,8542,91434.036,False,True,UN_Comtrade_official_public_preview_reporter_query,2026-09-11T16:05:47+00:00
H5,276,DEU,Germany,372,IRL,Ireland,False,X,2017,8542,137855645.229,False,True,UN_Comtrade_official_public_preview_reporter_query,2026-09-11T16:05:47+00:00
H5,276,DEU,Germany,376,ISR,Israel,False,X,2017,8542,102715830.19,False,True,UN_Comtrade_official_public_preview_reporter_query,2026-09-11T16:05:47+00:00
H5,276,DEU,Germany,380,ITA,Italy,False,X,2017,8542,461471872.485,False,True,UN_Comtrade_official_public_preview_reporter_query,2026-09-11T16:05:47+00:00
H5,276,DEU,Germany,384,CIV,Côte d'Ivoire,False,X,2017,8542,51515.028,False,True,UN_Comtrade_official_public_preview_reporter_query,2026-09-11T16:05:47+00:00
H5,276,DEU,Germany,388,JAM,Jamaica,False,X,2017,8542,12413.9,False,True,UN_Comtrade_official_public_preview_reporter_query,2026-09-11T16:05:47+00:00
H5,276,DEU,Germany,392,JPN,Japan,False,X,2017,8542,112526320.718,False,True,UN_Comtrade_official_public_preview_reporter_query,2026-09-11T16:05:47+00:00
H5,276,DEU,Germany,398,KAZ,Kazakhstan,False,X,2017,8542,554383.585,False,True,UN_Comtrade_official_public_preview_reporter_query,2026-09-11T16:05:47+00:00
H5,276,DEU,Germany,400,JOR,Jordan,False,X,2017,8542,580873.122,False,True,UN_Comtrade_official_public_preview_reporter_query,2026-09-11T16:05:47+00:00
H5,276,DEU,Germany,404,KEN,Kenya,False,X,2017,8542,1306396.586,False,True,UN_Comtrade_official_public_preview_reporter_query,2026-09-11T16:05:47+00:00
H5,276,DEU,Germany,410,KOR,Rep. of Korea,False,X,2017,8542,415145616.797,False,True,UN_Comtrade_official_public_preview_reporter_query,2026-09-11T16:05:47+00:00
H5,276,DEU,Germany,414,KWT,Kuwait,False,X,2017,8542,1337449.974,False,True,UN_Comtrade_official_public_preview_reporter_query,2026-09-11T16:05:47+00:00
H5,276,DEU,Germany,417,KGZ,Kyrgyzstan,False,X,2017,8542,1127.407,False,True,UN_Comtrade_official_public_preview_reporter_query,2026-09-11T16:05:47+00:00
H5,276,DEU,Germany,418,LAO,Lao People's Dem. Rep.,False,X,2017,8542,21673.772,False,True,UN_Comtrade_official_public_preview_reporter_query,2026-09-11T16:05:47+00:00
H5,276,DEU,Germany,422,LBN,Lebanon,False,X,2017,8542,81880.45,False,True,UN_Comtrade_official_public_preview_reporter_query,2026-09-11T16:05:47+00:00
H5,276,DEU,Germany,428,LVA,Latvia,False,X,2017,8542,6558917.555,False,True,UN_Comtrade_official_public_preview_reporter_query,2026-09-11T16:05:47+00:00
H5,276,DEU,Germany,430,LBR,Liberia,False,X,2017,8542,4420.383,False,True,UN_Comtrade_official_public_preview_reporter_query,2026-09-11T16:05:47+00:00
H5,276,DEU,Germany,434,LBY,Libya,False,X,2017,8542,52341.944,False,True,UN_Comtrade_official_public_preview_reporter_query,2026-09-11T16:05:47+00:00
H5,276,DEU,Germany,440,LTU,Lithuania,False,X,2017,8542,27333486.408,False,True,UN_Comtrade_official_public_preview_reporter_query,2026-09-11T16:05:47+00:00
H5,276,DEU,Germany,442,LUX,Luxembourg,False,X,2017,8542,3842379.248,False,True,UN_Comtrade_official_public_preview_reporter_query,2026-09-11T16:05:47+00:00
H5,276,DEU,Germany,446,MAC,"China, Macao SAR",False,X,2017,8542,3621.709,False,True,UN_Comtrade_official_public_preview_reporter_query,2026-09-11T16:05:47+00:00
H5,276,DEU,Germany,450,MDG,Madagascar,False,X,2017,8542,108948.377,False,True,UN_Comtrade_official_public_preview_reporter_query,2026-09-11T16:05:47+00:00
H5,276,DEU,Germany,454,MWI,Malawi,False,X,2017,8542,12185.707,False,True,UN_Comtrade_official_public_preview_reporter_query,2026-09-11T16:05:47+00:00
H5,276,DEU,Germany,458,MYS,Malaysia,False,X,2017,8542,776400647.452,False,True,UN_Comtrade_official_public_preview_reporter_query,2026-09-11T16:05:47+00:00
H5,276,DEU,Germany,462,MDV,Maldives,False,X,2017,8542,54037.573,False,True,UN_Comtrade_official_public_preview_reporter_query,2026-09-11T16:05:47+00:00
H5,276,DEU,Germany,466,MLI,Mali,False,X,2017,8542,6470.727,False,True,UN_Comtrade_official_public_preview_reporter_query,2026-09-11T16:05:47+00:00
H5,276,DEU,Germany,470,MLT,Malta,False,X,2017,8542,5143763.506,False,True,UN_Comtrade_official_public_preview_reporter_query,2026-09-11T16:05:47+00:00
H5,276,DEU,Germany,478,MRT,Mauritania,False,X,2017,8542,44113.457,False,True,UN_Comtrade_official_public_preview_reporter_query,2026-09-11T16:05:47+00:00
H5,276,DEU,Germany,480,MUS,Mauritius,False,X,2017,8542,18735.51,False,True,UN_Comtrade_official_public_preview_reporter_query,2026-09-11T16:05:47+00:00
H5,276,DEU,Germany,484,MEX,Mexico,False,X,2017,8542,135165941.008,False,True,UN_Comtrade_official_public_preview_reporter_query,2026-09-11T16:05:47+00:00
H5,276,DEU,Germany,490,S19,"Other Asia, nes",False,X,2017,8542,1322408654.554,False,True,UN_Comtrade_official_public_preview_reporter_query,2026-09-11T16:05:47+00:00
H5,276,DEU,Germany,496,MNG,Mongolia,False,X,2017,8542,7011.837,False,True,UN_Comtrade_official_public_preview_reporter_query,2026-09-11T16:05:47+00:00
H5,276,DEU,Germany,498,MDA,Rep. of Moldova,False,X,2017,8542,1202340.792,False,True,UN_Comtrade_official_public_preview_reporter_query,2026-09-11T16:05:47+00:00
H5,276,DEU,Germany,499,MNE,Montenegro,False,X,2017,8542,145679.467,False,True,UN_Comtrade_official_public_preview_reporter_query,2026-09-11T16:05:47+00:00
H5,276,DEU,Germany,504,MAR,Morocco,False,X,2017,8542,19619864.946,False,True,UN_Comtrade_official_public_preview_reporter_query,2026-09-11T16:05:47+00:00
H5,276,DEU,Germany,512,OMN,Oman,False,X,2017,8542,842345.612,False,True,UN_Comtrade_official_public_preview_reporter_query,2026-09-11T16:05:47+00:00
H5,276,DEU,Germany,516,NAM,Namibia,False,X,2017,8542,43836.689,False,True,UN_Comtrade_official_public_preview_reporter_query,2026-09-11T16:05:47+00:00
H5,276,DEU,Germany,524,NPL,Nepal,False,X,2017,8542,2398.281,False,True,UN_Comtrade_official_public_preview_reporter_query,2026-09-11T16:05:47+00:00
H5,276,DEU,Germany,528,NLD,Netherlands,False,X,2017,8542,1796519611.962,False,True,UN_Comtrade_official_public_preview_reporter_query,2026-09-11T16:05:47+00:00
H5,276,DEU,Germany,531,CUW,Curaçao,False,X,2017,8542,944.401,False,True,UN_Comtrade_official_public_preview_reporter_query,2026-09-11T16:05:47+00:00
H5,276,DEU,Germany,533,ABW,Aruba,False,X,2017,8542,11877.308,False,True,UN_Comtrade_official_public_preview_reporter_query,2026-09-11T16:05:47+00:00
H5,276,DEU,Germany,534,SXM,Saint Maarten,False,X,2017,8542,3062.524,False,True,UN_Comtrade_official_public_preview_reporter_query,2026-09-11T16:05:47+00:00
H5,276,DEU,Germany,540,NCL,New Caledonia,False,X,2017,8542,17592.288,False,True,UN_Comtrade_official_public_preview_reporter_query,2026-09-11T16:05:47+00:00
H5,276,DEU,Germany,548,VUT,Vanuatu,False,X,2017,8542,2361.002,False,True,UN_Comtrade_official_public_preview_reporter_query,2026-09-11T16:05:47+00:00
H5,276,DEU,Germany,554,NZL,New Zealand,False,X,2017,8542,1422571.436,False,True,UN_Comtrade_official_public_preview_reporter_query,2026-09-11T16:05:47+00:00
H5,276,DEU,Germany,558,NIC,Nicaragua,False,X,2017,8542,5795.187,False,True,UN_Comtrade_official_public_preview_reporter_query,2026-09-11T16:05:47+00:00
H5,276,DEU,Germany,562,NER,Niger,False,X,2017,8542,3874.754,False,True,UN_Comtrade_official_public_preview_reporter_query,2026-09-11T16:05:47+00:00
H5,276,DEU,Germany,566,NGA,Nigeria,False,X,2017,8542,440054.608,False,True,UN_Comtrade_official_public_preview_reporter_query,2026-09-11T16:05:47+00:00
H5,276,DEU,Germany,579,NOR,Norway,False,X,2017,8542,20349978.242,False,True,UN_Comtrade_official_public_preview_reporter_query,2026-09-11T16:05:47+00:00
H5,276,DEU,Germany,586,PAK,Pakistan,False,X,2017,8542,1387168.834,False,True,UN_Comtrade_official_public_preview_reporter_query,2026-09-11T16:05:47+00:00
H5,276,DEU,Germany,591,PAN,Panama,False,X,2017,8542,85740.519,False,True,UN_Comtrade_official_public_preview_reporter_query,2026-09-11T16:05:47+00:00
H5,276,DEU,Germany,598,PNG,Papua New Guinea,False,X,2017,8542,4240.766,False,True,UN_Comtrade_official_public_preview_reporter_query,2026-09-11T16:05:47+00:00
H5,276,DEU,Germany,600,PRY,Paraguay,False,X,2017,8542,136138.308,False,True,UN_Comtrade_official_public_preview_reporter_query,2026-09-11T16:05:47+00:00
H5,276,DEU,Germany,604,PER,Peru,False,X,2017,8542,1278219.327,False,True,UN_Comtrade_official_public_preview_reporter_query,2026-09-11T16:05:47+00:00
H5,276,DEU,Germany,608,PHL,Philippines,False,X,2017,8542,322817630.218,False,True,UN_Comtrade_official_public_preview_reporter_query,2026-09-11T16:05:47+00:00
H5,276,DEU,Germany,616,POL,Poland,False,X,2017,8542,429338459.008,False,True,UN_Comtrade_official_public_preview_reporter_query,2026-09-11T16:05:47+00:00
H5,276,DEU,Germany,620,PRT,Portugal,False,X,2017,8542,251326306.842,False,True,UN_Comtrade_official_public_preview_reporter_query,2026-09-11T16:05:47+00:00
H5,276,DEU,Germany,634,QAT,Qatar,False,X,2017,8542,587346.109,False,True,UN_Comtrade_official_public_preview_reporter_query,2026-09-11T16:05:47+00:00
H5,276,DEU,Germany,642,ROU,Romania,False,X,2017,8542,551676989.605,False,True,UN_Comtrade_official_public_preview_reporter_query,2026-09-11T16:05:47+00:00
H5,276,DEU,Germany,643,RUS,Russian Federation,False,X,2017,8542,197792518.926,False,True,UN_Comtrade_official_public_preview_reporter_query,2026-09-11T16:05:47+00:00
H5,276,DEU,Germany,646,RWA,Rwanda,False,X,2017,8542,156759.231,False,True,UN_Comtrade_official_public_preview_reporter_query,2026-09-11T16:05:47+00:00
H5,276,DEU,Germany,662,LCA,Saint Lucia,False,X,2017,8542,2451.375,False,True,UN_Comtrade_official_public_preview_reporter_query,2026-09-11T16:05:47+00:00
H5,276,DEU,Germany,674,SMR,San Marino,False,X,2017,8542,1124214.222,False,True,UN_Comtrade_official_public_preview_reporter_query,2026-09-11T16:05:47+00:00
H5,276,DEU,Germany,682,SAU,Saudi Arabia,False,X,2017,8542,4201654.831,False,True,UN_Comtrade_official_public_preview_reporter_query,2026-09-11T16:05:47+00:00
H5,276,DEU,Germany,686,SEN,Senegal,False,X,2017,8542,13565.029,False,True,UN_Comtrade_official_public_preview_reporter_query,2026-09-11T16:05:47+00:00
H5,276,DEU,Germany,688,SRB,Serbia,False,X,2017,8542,15115929.571,False,True,UN_Comtrade_official_public_preview_reporter_query,2026-09-11T16:05:47+00:00
H5,276,DEU,Germany,690,SYC,Seychelles,False,X,2017,8542,29058.398,False,True,UN_Comtrade_official_public_preview_reporter_query,2026-09-11T16:05:47+00:00
H5,276,DEU,Germany,699,IND,India,False,X,2017,8542,49960892.75,False,True,UN_Comtrade_official_public_preview_reporter_query,2026-09-11T16:05:47+00:00
H5,276,DEU,Germany,702,SGP,Singapore,False,X,2017,8542,271160390.35,False,True,UN_Comtrade_official_public_preview_reporter_query,2026-09-11T16:05:47+00:00
H5,276,DEU,Germany,703,SVK,Slovakia,False,X,2017,8542,186214716.792,False,True,UN_Comtrade_official_public_preview_reporter_query,2026-09-11T16:05:47+00:00
H5,276,DEU,Germany,704,VNM,Viet Nam,False,X,2017,8542,15858230.834,False,True,UN_Comtrade_official_public_preview_reporter_query,2026-09-11T16:05:47+00:00
H5,276,DEU,Germany,705,SVN,Slovenia,False,X,2017,8542,42372611.118,False,True,UN_Comtrade_official_public_preview_reporter_query,2026-09-11T16:05:47+00:00
H5,276,DEU,Germany,706,SOM,Somalia,False,X,2017,8542,1505.845,False,True,UN_Comtrade_official_public_preview_reporter_query,2026-09-11T16:05:47+00:00
H5,276,DEU,Germany,710,ZAF,South Africa,False,X,2017,8542,28260323.129,False,True,UN_Comtrade_official_public_preview_reporter_query,2026-09-11T16:05:47+00:00
H5,276,DEU,Germany,716,ZWE,Zimbabwe,False,X,2017,8542,704.912,False,True,UN_Comtrade_official_public_preview_reporter_query,2026-09-11T16:05:47+00:00
H5,276,DEU,Germany,724,ESP,Spain,False,X,2017,8542,387683852.297,False,True,UN_Comtrade_official_public_preview_reporter_query,2026-09-11T16:05:47+00:00
H5,276,DEU,Germany,729,SDN,Sudan,False,X,2017,8542,128455.449,False,True,UN_Comtrade_official_public_preview_reporter_query,2026-09-11T16:05:47+00:00
H5,276,DEU,Germany,740,SUR,Suriname,False,X,2017,8542,29907.907,False,True,UN_Comtrade_official_public_preview_reporter_query,2026-09-11T16:05:47+00:00
H5,276,DEU,Germany,752,SWE,Sweden,False,X,2017,8542,204995210.535,False,True,UN_Comtrade_official_public_preview_reporter_query,2026-09-11T16:05:47+00:00
H5,276,DEU,Germany,757,CHE,Switzerland,False,X,2017,8542,240292782.301,False,True,UN_Comtrade_official_public_preview_reporter_query,2026-09-11T16:05:47+00:00
H5,276,DEU,Germany,760,SYR,Syria,False,X,2017,8542,65513.849,False,True,UN_Comtrade_official_public_preview_reporter_query,2026-09-11T16:05:47+00:00
H5,276,DEU,Germany,762,TJK,Tajikistan,False,X,2017,8542,12932.416,False,True,UN_Comtrade_official_public_preview_reporter_query,2026-09-11T16:05:47+00:00
H5,276,DEU,Germany,764,THA,Thailand,False,X,2017,8542,154884785.028,False,True,UN_Comtrade_official_public_preview_reporter_query,2026-09-11T16:05:47+00:00
H5,276,DEU,Germany,768,TGO,Togo,False,X,2017,8542,2185.904,False,True,UN_Comtrade_official_public_preview_reporter_query,2026-09-11T16:05:47+00:00
H5,276,DEU,Germany,780,TTO,Trinidad and Tobago,False,X,2017,8542,13171.905,False,True,UN_Comtrade_official_public_preview_reporter_query,2026-09-11T16:05:47+00:00
H5,276,DEU,Germany,784,ARE,United Arab Emirates,False,X,2017,8542,8023144.295,False,True,UN_Comtrade_official_public_preview_reporter_query,2026-09-11T16:05:47+00:00
H5,276,DEU,Germany,788,TUN,Tunisia,False,X,2017,8542,22388130.659,False,True,UN_Comtrade_official_public_preview_reporter_query,2026-09-11T16:05:47+00:00
H5,276,DEU,Germany,792,TUR,Türkiye,False,X,2017,8542,86766273.769,False,True,UN_Comtrade_official_public_preview_reporter_query,2026-09-11T16:05:47+00:00
H5,276,DEU,Germany,795,TKM,Turkmenistan,False,X,2017,8542,27760.412,False,True,UN_Comtrade_official_public_preview_reporter_query,2026-09-11T16:05:47+00:00
H5,276,DEU,Germany,800,UGA,Uganda,False,X,2017,8542,16058.202,False,True,UN_Comtrade_official_public_preview_reporter_query,2026-09-11T16:05:47+00:00
H5,276,DEU,Germany,804,UKR,Ukraine,False,X,2017,8542,22156910.624,False,True,UN_Comtrade_official_public_preview_reporter_query,2026-09-11T16:05:47+00:00
H5,276,DEU,Germany,807,MKD,North Macedonia,False,X,2017,8542,33471519.787,False,True,UN_Comtrade_official_public_preview_reporter_query,2026-09-11T16:05:47+00:00
H5,276,DEU,Germany,818,EGY,Egypt,False,X,2017,8542,6429178.805,False,True,UN_Comtrade_official_public_preview_reporter_query,2026-09-11T16:05:47+00:00
H5,276,DEU,Germany,826,GBR,United Kingdom,False,X,2017,8542,458285745.581,False,True,UN_Comtrade_official_public_preview_reporter_query,2026-09-11T16:05:47+00:00
H5,276,DEU,Germany,834,TZA,United Rep. of Tanzania,False,X,2017,8542,703677.982,False,True,UN_Comtrade_official_public_preview_reporter_query,2026-09-11T16:05:47+00:00
H5,276,DEU,Germany,837,X1 ,Bunkers,False,X,2017,8542,26829.567,False,True,UN_Comtrade_official_public_preview_reporter_query,2026-09-11T16:05:47+00:00
H5,276,DEU,Germany,842,USA,USA,False,X,2017,8542,459278110.837,False,True,UN_Comtrade_official_public_preview_reporter_query,2026-09-11T16:05:47+00:00
H5,276,DEU,Germany,854,BFA,Burkina Faso,False,X,2017,8542,8236.395,False,True,UN_Comtrade_official_public_preview_reporter_query,2026-09-11T16:05:47+00:00
H5,276,DEU,Germany,858,URY,Uruguay,False,X,2017,8542,58198.132,False,True,UN_Comtrade_official_public_preview_reporter_query,2026-09-11T16:05:47+00:00
H5,276,DEU,Germany,860,UZB,Uzbekistan,False,X,2017,8542,5433107.115,False,True,UN_Comtrade_official_public_preview_reporter_query,2026-09-11T16:05:47+00:00
H5,276,DEU,Germany,862,VEN,Venezuela,False,X,2017,8542,39794.744,False,True,UN_Comtrade_official_public_preview_reporter_query,2026-09-11T16:05:47+00:00
H5,276,DEU,Germany,887,YEM,Yemen,False,X,2017,8542,37125.343,False,True,UN_Comtrade_official_public_preview_reporter_query,2026-09-11T16:05:47+00:00
H5,276,DEU,Germany,894,ZMB,Zambia,False,X,2017,8542,1818.762,False,True,UN_Comtrade_official_public_preview_reporter_query,2026-09-11T16:05:47+00:00
H6,276,DEU,Germany,12,DZA,Algeria,False,M,2022,8542,1004.878,False,True,UN_Comtrade_official_public_preview_reporter_query,2026-09-11T16:05:47+00:00
H6,276,DEU,Germany,20,AND,Andorra,False,M,2022,8542,367229.443,False,True,UN_Comtrade_official_public_preview_reporter_query,2026-09-11T16:05:47+00:00
H6,276,DEU,Germany,28,ATG,Antigua and Barbuda,False,M,2022,8542,27.531,False,True,UN_Comtrade_official_public_preview_reporter_query,2026-09-11T16:05:47+00:00
H6,276,DEU,Germany,31,AZE,Azerbaijan,False,M,2022,8542,744.393,False,True,UN_Comtrade_official_public_preview_reporter_query,2026-09-11T16:05:47+00:00
H6,276,DEU,Germany,32,ARG,Argentina,False,M,2022,8542,6068.447,False,True,UN_Comtrade_official_public_preview_reporter_query,2026-09-11T16:05:47+00:00
H6,276,DEU,Germany,36,AUS,Australia,False,M,2022,8542,1998689.678,False,True,UN_Comtrade_official_public_preview_reporter_query,2026-09-11T16:05:47+00:00
H6,276,DEU,Germany,40,AUT,Austria,False,M,2022,8542,190555789.033,False,True,UN_Comtrade_official_public_preview_reporter_query,2026-09-11T16:05:47+00:00
H6,276,DEU,Germany,48,BHR,Bahrain,False,M,2022,8542,1526.906,False,True,UN_Comtrade_official_public_preview_reporter_query,2026-09-11T16:05:47+00:00
H6,276,DEU,Germany,50,BGD,Bangladesh,False,M,2022,8542,11.648,False,True,UN_Comtrade_official_public_preview_reporter_query,2026-09-11T16:05:47+00:00
H6,276,DEU,Germany,51,ARM,Armenia,False,M,2022,8542,819.574,False,True,UN_Comtrade_official_public_preview_reporter_query,2026-09-11T16:05:47+00:00
H6,276,DEU,Germany,52,BRB,Barbados,False,M,2022,8542,61.415,False,True,UN_Comtrade_official_public_preview_reporter_query,2026-09-11T16:05:47+00:00
H6,276,DEU,Germany,56,BEL,Belgium,False,M,2022,8542,108042235.814,False,True,UN_Comtrade_official_public_preview_reporter_query,2026-09-11T16:05:47+00:00
H6,276,DEU,Germany,70,BIH,Bosnia Herzegovina,False,M,2022,8542,110373.515,False,True,UN_Comtrade_official_public_preview_reporter_query,2026-09-11T16:05:47+00:00
H6,276,DEU,Germany,76,BRA,Brazil,False,M,2022,8542,312385.763,False,True,UN_Comtrade_official_public_preview_reporter_query,2026-09-11T16:05:47+00:00
H6,276,DEU,Germany,90,SLB,Solomon Isds,False,M,2022,8542,932.874,False,True,UN_Comtrade_official_public_preview_reporter_query,2026-09-11T16:05:47+00:00
H6,276,DEU,Germany,100,BGR,Bulgaria,False,M,2022,8542,22898355.606,False,True,UN_Comtrade_official_public_preview_reporter_query,2026-09-11T16:05:47+00:00
H6,276,DEU,Germany,104,MMR,Myanmar,False,M,2022,8542,137882.183,False,True,UN_Comtrade_official_public_preview_reporter_query,2026-09-11T16:05:47+00:00
H6,276,DEU,Germany,112,BLR,Belarus,False,M,2022,8542,99715.878,False,True,UN_Comtrade_official_public_preview_reporter_query,2026-09-11T16:05:47+00:00
H6,276,DEU,Germany,116,KHM,Cambodia,False,M,2022,8542,469.084,False,True,UN_Comtrade_official_public_preview_reporter_query,2026-09-11T16:05:47+00:00
H6,276,DEU,Germany,120,CMR,Cameroon,False,M,2022,8542,62178.548,False,True,UN_Comtrade_official_public_preview_reporter_query,2026-09-11T16:05:47+00:00
H6,276,DEU,Germany,124,CAN,Canada,False,M,2022,8542,19418025.699,False,True,UN_Comtrade_official_public_preview_reporter_query,2026-09-11T16:05:47+00:00
H6,276,DEU,Germany,136,CYM,Cayman Isds,False,M,2022,8542,487.085,False,True,UN_Comtrade_official_public_preview_reporter_query,2026-09-11T16:05:47+00:00
H6,276,DEU,Germany,144,LKA,Sri Lanka,False,M,2022,8542,1057096.736,False,True,UN_Comtrade_official_public_preview_reporter_query,2026-09-11T16:05:47+00:00
H6,276,DEU,Germany,152,CHL,Chile,False,M,2022,8542,248358.409,False,True,UN_Comtrade_official_public_preview_reporter_query,2026-09-11T16:05:47+00:00
H6,276,DEU,Germany,156,CHN,China,False,M,2022,8542,3139539857.405,False,True,UN_Comtrade_official_public_preview_reporter_query,2026-09-11T16:05:47+00:00
H6,276,DEU,Germany,170,COL,Colombia,False,M,2022,8542,1307.718,False,True,UN_Comtrade_official_public_preview_reporter_query,2026-09-11T16:05:47+00:00
H6,276,DEU,Germany,178,COG,Congo,False,M,2022,8542,31729.368,False,True,UN_Comtrade_official_public_preview_reporter_query,2026-09-11T16:05:47+00:00
H6,276,DEU,Germany,188,CRI,Costa Rica,False,M,2022,8542,29715347.51,False,True,UN_Comtrade_official_public_preview_reporter_query,2026-09-11T16:05:47+00:00
H6,276,DEU,Germany,191,HRV,Croatia,False,M,2022,8542,535974.829,False,True,UN_Comtrade_official_public_preview_reporter_query,2026-09-11T16:05:47+00:00
H6,276,DEU,Germany,196,CYP,Cyprus,False,M,2022,8542,164730.109,False,True,UN_Comtrade_official_public_preview_reporter_query,2026-09-11T16:05:47+00:00
H6,276,DEU,Germany,203,CZE,Czechia,False,M,2022,8542,124905013.419,False,True,UN_Comtrade_official_public_preview_reporter_query,2026-09-11T16:05:47+00:00
H6,276,DEU,Germany,208,DNK,Denmark,False,M,2022,8542,19790212.823,False,True,UN_Comtrade_official_public_preview_reporter_query,2026-09-11T16:05:47+00:00
H6,276,DEU,Germany,212,DMA,Dominica,False,M,2022,8542,20604.764,False,True,UN_Comtrade_official_public_preview_reporter_query,2026-09-11T16:05:47+00:00
H6,276,DEU,Germany,214,DOM,Dominican Rep.,False,M,2022,8542,4586.013,False,True,UN_Comtrade_official_public_preview_reporter_query,2026-09-11T16:05:47+00:00
H6,276,DEU,Germany,218,ECU,Ecuador,False,M,2022,8542,8948.603,False,True,UN_Comtrade_official_public_preview_reporter_query,2026-09-11T16:05:47+00:00
H6,276,DEU,Germany,222,SLV,El Salvador,False,M,2022,8542,268189.131,False,True,UN_Comtrade_official_public_preview_reporter_query,2026-09-11T16:05:47+00:00
H6,276,DEU,Germany,233,EST,Estonia,False,M,2022,8542,4897505.462,False,True,UN_Comtrade_official_public_preview_reporter_query,2026-09-11T16:05:47+00:00
H6,276,DEU,Germany,246,FIN,Finland,False,M,2022,8542,1693064.87,False,True,UN_Comtrade_official_public_preview_reporter_query,2026-09-11T16:05:47+00:00
H6,276,DEU,Germany,251,FRA,France,False,M,2022,8542,594408448.176,False,True,UN_Comtrade_official_public_preview_reporter_query,2026-09-11T16:05:47+00:00
H6,276,DEU,Germany,258,PYF,French Polynesia,False,M,2022,8542,633.211,False,True,UN_Comtrade_official_public_preview_reporter_query,2026-09-11T16:05:47+00:00
H6,276,DEU,Germany,268,GEO,Georgia,False,M,2022,8542,505959.79,False,True,UN_Comtrade_official_public_preview_reporter_query,2026-09-11T16:05:47+00:00
H6,276,DEU,Germany,288,GHA,Ghana,False,M,2022,8542,2100.82,False,True,UN_Comtrade_official_public_preview_reporter_query,2026-09-11T16:05:47+00:00
H6,276,DEU,Germany,300,GRC,Greece,False,M,2022,8542,425806.738,False,True,UN_Comtrade_official_public_preview_reporter_query,2026-09-11T16:05:47+00:00
H6,276,DEU,Germany,320,GTM,Guatemala,False,M,2022,8542,516.734,False,True,UN_Comtrade_official_public_preview_reporter_query,2026-09-11T16:05:47+00:00
H6,276,DEU,Germany,324,GIN,Guinea,False,M,2022,8542,29.649,False,True,UN_Comtrade_official_public_preview_reporter_query,2026-09-11T16:05:47+00:00
H6,276,DEU,Germany,332,HTI,Haiti,False,M,2022,8542,5903.261,False,True,UN_Comtrade_official_public_preview_reporter_query,2026-09-11T16:05:47+00:00
H6,276,DEU,Germany,344,HKG,"China, Hong Kong SAR",False,M,2022,8542,171955154.836,False,True,UN_Comtrade_official_public_preview_reporter_query,2026-09-11T16:05:47+00:00
H6,276,DEU,Germany,348,HUN,Hungary,False,M,2022,8542,138739273.97,False,True,UN_Comtrade_official_public_preview_reporter_query,2026-09-11T16:05:47+00:00
H6,276,DEU,Germany,352,ISL,Iceland,False,M,2022,8542,61921.24,False,True,UN_Comtrade_official_public_preview_reporter_query,2026-09-11T16:05:47+00:00
H6,276,DEU,Germany,360,IDN,Indonesia,False,M,2022,8542,74437575.16,False,True,UN_Comtrade_official_public_preview_reporter_query,2026-09-11T16:05:47+00:00
H6,276,DEU,Germany,364,IRN,Iran,False,M,2022,8542,23805.762,False,True,UN_Comtrade_official_public_preview_reporter_query,2026-09-11T16:05:47+00:00
H6,276,DEU,Germany,368,IRQ,Iraq,False,M,2022,8542,6113.979,False,True,UN_Comtrade_official_public_preview_reporter_query,2026-09-11T16:05:47+00:00
H6,276,DEU,Germany,372,IRL,Ireland,False,M,2022,8542,684904184.838,False,True,UN_Comtrade_official_public_preview_reporter_query,2026-09-11T16:05:47+00:00
H6,276,DEU,Germany,376,ISR,Israel,False,M,2022,8542,19323735.527,False,True,UN_Comtrade_official_public_preview_reporter_query,2026-09-11T16:05:47+00:00
H6,276,DEU,Germany,380,ITA,Italy,False,M,2022,8542,46109494.055,False,True,UN_Comtrade_official_public_preview_reporter_query,2026-09-11T16:05:47+00:00
H6,276,DEU,Germany,384,CIV,Côte d'Ivoire,False,M,2022,8542,84.71,False,True,UN_Comtrade_official_public_preview_reporter_query,2026-09-11T16:05:47+00:00
H6,276,DEU,Germany,388,JAM,Jamaica,False,M,2022,8542,308.134,False,True,UN_Comtrade_official_public_preview_reporter_query,2026-09-11T16:05:47+00:00
H6,276,DEU,Germany,392,JPN,Japan,False,M,2022,8542,977265316.179,False,True,UN_Comtrade_official_public_preview_reporter_query,2026-09-11T16:05:47+00:00
H6,276,DEU,Germany,398,KAZ,Kazakhstan,False,M,2022,8542,1413.606,False,True,UN_Comtrade_official_public_preview_reporter_query,2026-09-11T16:05:47+00:00
H6,276,DEU,Germany,400,JOR,Jordan,False,M,2022,8542,23295.381,False,True,UN_Comtrade_official_public_preview_reporter_query,2026-09-11T16:05:47+00:00
H6,276,DEU,Germany,404,KEN,Kenya,False,M,2022,8542,17279.878,False,True,UN_Comtrade_official_public_preview_reporter_query,2026-09-11T16:05:47+00:00
H6,276,DEU,Germany,410,KOR,Rep. of Korea,False,M,2022,8542,1157494754.18,False,True,UN_Comtrade_official_public_preview_reporter_query,2026-09-11T16:05:47+00:00
H6,276,DEU,Germany,414,KWT,Kuwait,False,M,2022,8542,3800.324,False,True,UN_Comtrade_official_public_preview_reporter_query,2026-09-11T16:05:47+00:00
H6,276,DEU,Germany,417,KGZ,Kyrgyzstan,False,M,2022,8542,445.789,False,True,UN_Comtrade_official_public_preview_reporter_query,2026-09-11T16:05:47+00:00
H6,276,DEU,Germany,418,LAO,Lao People's Dem. Rep.,False,M,2022,8542,639.564,False,True,UN_Comtrade_official_public_preview_reporter_query,2026-09-11T16:05:47+00:00
H6,276,DEU,Germany,422,LBN,Lebanon,False,M,2022,8542,51968.818,False,True,UN_Comtrade_official_public_preview_reporter_query,2026-09-11T16:05:47+00:00
H6,276,DEU,Germany,428,LVA,Latvia,False,M,2022,8542,110421.164,False,True,UN_Comtrade_official_public_preview_reporter_query,2026-09-11T16:05:47+00:00
H6,276,DEU,Germany,440,LTU,Lithuania,False,M,2022,8542,1975405.945,False,True,UN_Comtrade_official_public_preview_reporter_query,2026-09-11T16:05:47+00:00
H6,276,DEU,Germany,442,LUX,Luxembourg,False,M,2022,8542,136194.327,False,True,UN_Comtrade_official_public_preview_reporter_query,2026-09-11T16:05:47+00:00
H6,276,DEU,Germany,446,MAC,"China, Macao SAR",False,M,2022,8542,180179.182,False,True,UN_Comtrade_official_public_preview_reporter_query,2026-09-11T16:05:47+00:00
H6,276,DEU,Germany,450,MDG,Madagascar,False,M,2022,8542,7559.351,False,True,UN_Comtrade_official_public_preview_reporter_query,2026-09-11T16:05:47+00:00
H6,276,DEU,Germany,454,MWI,Malawi,False,M,2022,8542,345243.898,False,True,UN_Comtrade_official_public_preview_reporter_query,2026-09-11T16:05:47+00:00
H6,276,DEU,Germany,458,MYS,Malaysia,False,M,2022,8542,3157258738.14,False,True,UN_Comtrade_official_public_preview_reporter_query,2026-09-11T16:05:47+00:00
H6,276,DEU,Germany,462,MDV,Maldives,False,M,2022,8542,14619.969,False,True,UN_Comtrade_official_public_preview_reporter_query,2026-09-11T16:05:47+00:00
H6,276,DEU,Germany,466,MLI,Mali,False,M,2022,8542,141113.888,False,True,UN_Comtrade_official_public_preview_reporter_query,2026-09-11T16:05:47+00:00
H6,276,DEU,Germany,470,MLT,Malta,False,M,2022,8542,89555876.049,False,True,UN_Comtrade_official_public_preview_reporter_query,2026-09-11T16:05:47+00:00
H6,276,DEU,Germany,478,MRT,Mauritania,False,M,2022,8542,1833.982,False,True,UN_Comtrade_official_public_preview_reporter_query,2026-09-11T16:05:47+00:00
H6,276,DEU,Germany,480,MUS,Mauritius,False,M,2022,8542,293.31,False,True,UN_Comtrade_official_public_preview_reporter_query,2026-09-11T16:05:47+00:00
H6,276,DEU,Germany,484,MEX,Mexico,False,M,2022,8542,98131228.717,False,True,UN_Comtrade_official_public_preview_reporter_query,2026-09-11T16:05:47+00:00
H6,276,DEU,Germany,490,S19,"Other Asia, nes",False,M,2022,8542,5056822699.433,False,True,UN_Comtrade_official_public_preview_reporter_query,2026-09-11T16:05:47+00:00
H6,276,DEU,Germany,498,MDA,Rep. of Moldova,False,M,2022,8542,11182.842,False,True,UN_Comtrade_official_public_preview_reporter_query,2026-09-11T16:05:47+00:00
H6,276,DEU,Germany,499,MNE,Montenegro,False,M,2022,8542,43945.677,False,True,UN_Comtrade_official_public_preview_reporter_query,2026-09-11T16:05:47+00:00
H6,276,DEU,Germany,500,MSR,Montserrat,False,M,2022,8542,29823.382,False,True,UN_Comtrade_official_public_preview_reporter_query,2026-09-11T16:05:47+00:00
H6,276,DEU,Germany,504,MAR,Morocco,False,M,2022,8542,89648897.681,False,True,UN_Comtrade_official_public_preview_reporter_query,2026-09-11T16:05:47+00:00
H6,276,DEU,Germany,512,OMN,Oman,False,M,2022,8542,59452.989,False,True,UN_Comtrade_official_public_preview_reporter_query,2026-09-11T16:05:47+00:00
H6,276,DEU,Germany,516,NAM,Namibia,False,M,2022,8542,11158.487,False,True,UN_Comtrade_official_public_preview_reporter_query,2026-09-11T16:05:47+00:00
H6,276,DEU,Germany,528,NLD,Netherlands,False,M,2022,8542,1109534912.255,False,True,UN_Comtrade_official_public_preview_reporter_query,2026-09-11T16:05:47+00:00
H6,276,DEU,Germany,531,CUW,Curaçao,False,M,2022,8542,201.187,False,True,UN_Comtrade_official_public_preview_reporter_query,2026-09-11T16:05:47+00:00
H6,276,DEU,Germany,540,NCL,New Caledonia,False,M,2022,8542,38649.155,False,True,UN_Comtrade_official_public_preview_reporter_query,2026-09-11T16:05:47+00:00
H6,276,DEU,Germany,554,NZL,New Zealand,False,M,2022,8542,98999.016,False,True,UN_Comtrade_official_public_preview_reporter_query,2026-09-11T16:05:47+00:00
H6,276,DEU,Germany,558,NIC,Nicaragua,False,M,2022,8542,8695.53,False,True,UN_Comtrade_official_public_preview_reporter_query,2026-09-11T16:05:47+00:00
H6,276,DEU,Germany,562,NER,Niger,False,M,2022,8542,6577.768,False,True,UN_Comtrade_official_public_preview_reporter_query,2026-09-11T16:05:47+00:00
H6,276,DEU,Germany,566,NGA,Nigeria,False,M,2022,8542,2486.252,False,True,UN_Comtrade_official_public_preview_reporter_query,2026-09-11T16:05:47+00:00
H6,276,DEU,Germany,579,NOR,Norway,False,M,2022,8542,2700766.927,False,True,UN_Comtrade_official_public_preview_reporter_query,2026-09-11T16:05:47+00:00
H6,276,DEU,Germany,580,MNP,N. Mariana Isds,False,M,2022,8542,138771.643,False,True,UN_Comtrade_official_public_preview_reporter_query,2026-09-11T16:05:47+00:00
H6,276,DEU,Germany,583,FSM,FS Micronesia,False,M,2022,8542,620524.355,False,True,UN_Comtrade_official_public_preview_reporter_query,2026-09-11T16:05:47+00:00
H6,276,DEU,Germany,584,MHL,Marshall Isds,False,M,2022,8542,12867.521,False,True,UN_Comtrade_official_public_preview_reporter_query,2026-09-11T16:05:47+00:00
H6,276,DEU,Germany,586,PAK,Pakistan,False,M,2022,8542,17833.673,False,True,UN_Comtrade_official_public_preview_reporter_query,2026-09-11T16:05:47+00:00
H6,276,DEU,Germany,591,PAN,Panama,False,M,2022,8542,8040.083,False,True,UN_Comtrade_official_public_preview_reporter_query,2026-09-11T16:05:47+00:00
H6,276,DEU,Germany,598,PNG,Papua New Guinea,False,M,2022,8542,3543047.425,False,True,UN_Comtrade_official_public_preview_reporter_query,2026-09-11T16:05:47+00:00
H6,276,DEU,Germany,600,PRY,Paraguay,False,M,2022,8542,558.03,False,True,UN_Comtrade_official_public_preview_reporter_query,2026-09-11T16:05:47+00:00
H6,276,DEU,Germany,604,PER,Peru,False,M,2022,8542,4883.559,False,True,UN_Comtrade_official_public_preview_reporter_query,2026-09-11T16:05:47+00:00
H6,276,DEU,Germany,608,PHL,Philippines,False,M,2022,8542,1770049283.315,False,True,UN_Comtrade_official_public_preview_reporter_query,2026-09-11T16:05:47+00:00
H6,276,DEU,Germany,616,POL,Poland,False,M,2022,8542,24180550.312,False,True,UN_Comtrade_official_public_preview_reporter_query,2026-09-11T16:05:47+00:00
H6,276,DEU,Germany,620,PRT,Portugal,False,M,2022,8542,40658074.202,False,True,UN_Comtrade_official_public_preview_reporter_query,2026-09-11T16:05:47+00:00
H6,276,DEU,Germany,626,TLS,Timor-Leste,False,M,2022,8542,13284.72,False,True,UN_Comtrade_official_public_preview_reporter_query,2026-09-11T16:05:47+00:00
H6,276,DEU,Germany,634,QAT,Qatar,False,M,2022,8542,7053.206,False,True,UN_Comtrade_official_public_preview_reporter_query,2026-09-11T16:05:47+00:00
H6,276,DEU,Germany,642,ROU,Romania,False,M,2022,8542,17941679.876,False,True,UN_Comtrade_official_public_preview_reporter_query,2026-09-11T16:05:47+00:00
H6,276,DEU,Germany,643,RUS,Russian Federation,False,M,2022,8542,48765.703,False,True,UN_Comtrade_official_public_preview_reporter_query,2026-09-11T16:05:47+00:00
H6,276,DEU,Germany,646,RWA,Rwanda,False,M,2022,8542,4169.873,False,True,UN_Comtrade_official_public_preview_reporter_query,2026-09-11T16:05:47+00:00
H6,276,DEU,Germany,652,BLM,Saint Barthélemy,False,M,2022,8542,1470.786,False,True,UN_Comtrade_official_public_preview_reporter_query,2026-09-11T16:05:47+00:00
H6,276,DEU,Germany,674,SMR,San Marino,False,M,2022,8542,2305.184,False,True,UN_Comtrade_official_public_preview_reporter_query,2026-09-11T16:05:47+00:00
H6,276,DEU,Germany,682,SAU,Saudi Arabia,False,M,2022,8542,169869.918,False,True,UN_Comtrade_official_public_preview_reporter_query,2026-09-11T16:05:47+00:00
H6,276,DEU,Germany,686,SEN,Senegal,False,M,2022,8542,29734.436,False,True,UN_Comtrade_official_public_preview_reporter_query,2026-09-11T16:05:47+00:00
H6,276,DEU,Germany,688,SRB,Serbia,False,M,2022,8542,822260.236,False,True,UN_Comtrade_official_public_preview_reporter_query,2026-09-11T16:05:47+00:00
H6,276,DEU,Germany,694,SLE,Sierra Leone,False,M,2022,8542,19091.624,False,True,UN_Comtrade_official_public_preview_reporter_query,2026-09-11T16:05:47+00:00
H6,276,DEU,Germany,699,IND,India,False,M,2022,8542,14832281.26,False,True,UN_Comtrade_official_public_preview_reporter_query,2026-09-11T16:05:47+00:00
H6,276,DEU,Germany,702,SGP,Singapore,False,M,2022,8542,365229634.473,False,True,UN_Comtrade_official_public_preview_reporter_query,2026-09-11T16:05:47+00:00
H6,276,DEU,Germany,703,SVK,Slovakia,False,M,2022,8542,9844788.918,False,True,UN_Comtrade_official_public_preview_reporter_query,2026-09-11T16:05:47+00:00
H6,276,DEU,Germany,704,VNM,Viet Nam,False,M,2022,8542,207664951.293,False,True,UN_Comtrade_official_public_preview_reporter_query,2026-09-11T16:05:47+00:00
H6,276,DEU,Germany,705,SVN,Slovenia,False,M,2022,8542,2760176.501,False,True,UN_Comtrade_official_public_preview_reporter_query,2026-09-11T16:05:47+00:00
H6,276,DEU,Germany,706,SOM,Somalia,False,M,2022,8542,1544.907,False,True,UN_Comtrade_official_public_preview_reporter_query,2026-09-11T16:05:47+00:00
H6,276,DEU,Germany,710,ZAF,South Africa,False,M,2022,8542,627252.485,False,True,UN_Comtrade_official_public_preview_reporter_query,2026-09-11T16:05:47+00:00
H6,276,DEU,Germany,716,ZWE,Zimbabwe,False,M,2022,8542,82319.523,False,True,UN_Comtrade_official_public_preview_reporter_query,2026-09-11T16:05:47+00:00
H6,276,DEU,Germany,724,ESP,Spain,False,M,2022,8542,13394708.481,False,True,UN_Comtrade_official_public_preview_reporter_query,2026-09-11T16:05:47+00:00
H6,276,DEU,Germany,728,SSD,South Sudan,False,M,2022,8542,9895.242,False,True,UN_Comtrade_official_public_preview_reporter_query,2026-09-11T16:05:47+00:00
H6,276,DEU,Germany,729,SDN,Sudan,False,M,2022,8542,8544.11,False,True,UN_Comtrade_official_public_preview_reporter_query,2026-09-11T16:05:47+00:00
H6,276,DEU,Germany,732,ESH,Western Sahara,False,M,2022,8542,678.743,False,True,UN_Comtrade_official_public_preview_reporter_query,2026-09-11T16:05:47+00:00
H6,276,DEU,Germany,752,SWE,Sweden,False,M,2022,8542,24549468.671,False,True,UN_Comtrade_official_public_preview_reporter_query,2026-09-11T16:05:47+00:00
H6,276,DEU,Germany,757,CHE,Switzerland,False,M,2022,8542,102423127.338,False,True,UN_Comtrade_official_public_preview_reporter_query,2026-09-11T16:05:47+00:00
H6,276,DEU,Germany,764,THA,Thailand,False,M,2022,8542,1892640006.53,False,True,UN_Comtrade_official_public_preview_reporter_query,2026-09-11T16:05:47+00:00
H6,276,DEU,Germany,768,TGO,Togo,False,M,2022,8542,89501.912,False,True,UN_Comtrade_official_public_preview_reporter_query,2026-09-11T16:05:47+00:00
H6,276,DEU,Germany,780,TTO,Trinidad and Tobago,False,M,2022,8542,2833.565,False,True,UN_Comtrade_official_public_preview_reporter_query,2026-09-11T16:05:47+00:00
H6,276,DEU,Germany,784,ARE,United Arab Emirates,False,M,2022,8542,615233.127,False,True,UN_Comtrade_official_public_preview_reporter_query,2026-09-11T16:05:47+00:00
H6,276,DEU,Germany,788,TUN,Tunisia,False,M,2022,8542,77794.925,False,True,UN_Comtrade_official_public_preview_reporter_query,2026-09-11T16:05:47+00:00
H6,276,DEU,Germany,792,TUR,Türkiye,False,M,2022,8542,1816572.744,False,True,UN_Comtrade_official_public_preview_reporter_query,2026-09-11T16:05:47+00:00
H6,276,DEU,Germany,795,TKM,Turkmenistan,False,M,2022,8542,29.649,False,True,UN_Comtrade_official_public_preview_reporter_query,2026-09-11T16:05:47+00:00
H6,276,DEU,Germany,796,TCA,Turks and Caicos Isds,False,M,2022,8542,62653.986,False,True,UN_Comtrade_official_public_preview_reporter_query,2026-09-11T16:05:47+00:00
H6,276,DEU,Germany,798,TUV,Tuvalu,False,M,2022,8542,163473.218,False,True,UN_Comtrade_official_public_preview_reporter_query,2026-09-11T16:05:47+00:00
H6,276,DEU,Germany,804,UKR,Ukraine,False,M,2022,8542,25339.021,False,True,UN_Comtrade_official_public_preview_reporter_query,2026-09-11T16:05:47+00:00
H6,276,DEU,Germany,807,MKD,North Macedonia,False,M,2022,8542,491169.341,False,True,UN_Comtrade_official_public_preview_reporter_query,2026-09-11T16:05:47+00:00
H6,276,DEU,Germany,818,EGY,Egypt,False,M,2022,8542,12929.995,False,True,UN_Comtrade_official_public_preview_reporter_query,2026-09-11T16:05:47+00:00
H6,276,DEU,Germany,826,GBR,United Kingdom,False,M,2022,8542,73483984.038,False,True,UN_Comtrade_official_public_preview_reporter_query,2026-09-11T16:05:47+00:00
H6,276,DEU,Germany,834,TZA,United Rep. of Tanzania,False,M,2022,8542,208922.506,False,True,UN_Comtrade_official_public_preview_reporter_query,2026-09-11T16:05:47+00:00
H6,276,DEU,Germany,842,USA,USA,False,M,2022,8542,2177520608.808,False,True,UN_Comtrade_official_public_preview_reporter_query,2026-09-11T16:05:47+00:00
H6,276,DEU,Germany,858,URY,Uruguay,False,M,2022,8542,234458.479,False,True,UN_Comtrade_official_public_preview_reporter_query,2026-09-11T16:05:47+00:00
H6,276,DEU,Germany,860,UZB,Uzbekistan,False,M,2022,8542,16703.847,False,True,UN_Comtrade_official_public_preview_reporter_query,2026-09-11T16:05:47+00:00
H6,276,DEU,Germany,862,VEN,Venezuela,False,M,2022,8542,4520.363,False,True,UN_Comtrade_official_public_preview_reporter_query,2026-09-11T16:05:47+00:00
H6,276,DEU,Germany,876,WLF,Wallis and Futuna Isds,False,M,2022,8542,14149.826,False,True,UN_Comtrade_official_public_preview_reporter_query,2026-09-11T16:05:47+00:00
H6,276,DEU,Germany,8,ALB,Albania,False,X,2022,8542,191260.372,False,True,UN_Comtrade_official_public_preview_reporter_query,2026-09-11T16:05:47+00:00
H6,276,DEU,Germany,12,DZA,Algeria,False,X,2022,8542,813478.937,False,True,UN_Comtrade_official_public_preview_reporter_query,2026-09-11T16:05:47+00:00
H6,276,DEU,Germany,20,AND,Andorra,False,X,2022,8542,54341.77,False,True,UN_Comtrade_official_public_preview_reporter_query,2026-09-11T16:05:47+00:00
H6,276,DEU,Germany,24,AGO,Angola,False,X,2022,8542,40904.571,False,True,UN_Comtrade_official_public_preview_reporter_query,2026-09-11T16:05:47+00:00
H6,276,DEU,Germany,28,ATG,Antigua and Barbuda,False,X,2022,8542,2646.143,False,True,UN_Comtrade_official_public_preview_reporter_query,2026-09-11T16:05:47+00:00
H6,276,DEU,Germany,31,AZE,Azerbaijan,False,X,2022,8542,80704.729,False,True,UN_Comtrade_official_public_preview_reporter_query,2026-09-11T16:05:47+00:00
H6,276,DEU,Germany,32,ARG,Argentina,False,X,2022,8542,696555.184,False,True,UN_Comtrade_official_public_preview_reporter_query,2026-09-11T16:05:47+00:00
H6,276,DEU,Germany,36,AUS,Australia,False,X,2022,8542,7067559.139,False,True,UN_Comtrade_official_public_preview_reporter_query,2026-09-11T16:05:47+00:00
H6,276,DEU,Germany,40,AUT,Austria,False,X,2022,8542,532135688.096,False,True,UN_Comtrade_official_public_preview_reporter_query,2026-09-11T16:05:47+00:00
H6,276,DEU,Germany,44,BHS,Bahamas,False,X,2022,8542,510.381,False,True,UN_Comtrade_official_public_preview_reporter_query,2026-09-11T16:05:47+00:00
H6,276,DEU,Germany,48,BHR,Bahrain,False,X,2022,8542,150181.085,False,True,UN_Comtrade_official_public_preview_reporter_query,2026-09-11T16:05:47+00:00
H6,276,DEU,Germany,50,BGD,Bangladesh,False,X,2022,8542,519575.94,False,True,UN_Comtrade_official_public_preview_reporter_query,2026-09-11T16:05:47+00:00
H6,276,DEU,Germany,51,ARM,Armenia,False,X,2022,8542,2220949.849,False,True,UN_Comtrade_official_public_preview_reporter_query,2026-09-11T16:05:47+00:00
H6,276,DEU,Germany,52,BRB,Barbados,False,X,2022,8542,117.536,False,True,UN_Comtrade_official_public_preview_reporter_query,2026-09-11T16:05:47+00:00
H6,276,DEU,Germany,56,BEL,Belgium,False,X,2022,8542,193285476.116,False,True,UN_Comtrade_official_public_preview_reporter_query,2026-09-11T16:05:47+00:00
H6,276,DEU,Germany,64,BTN,Bhutan,False,X,2022,8542,2016.109,False,True,UN_Comtrade_official_public_preview_reporter_query,2026-09-11T16:05:47+00:00
H6,276,DEU,Germany,68,BOL,Bolivia (Plurinational State of),False,X,2022,8542,26036.824,False,True,UN_Comtrade_official_public_preview_reporter_query,2026-09-11T16:05:47+00:00
H6,276,DEU,Germany,70,BIH,Bosnia Herzegovina,False,X,2022,8542,1468528.105,False,True,UN_Comtrade_official_public_preview_reporter_query,2026-09-11T16:05:47+00:00
H6,276,DEU,Germany,72,BWA,Botswana,False,X,2022,8542,2910.864,False,True,UN_Comtrade_official_public_preview_reporter_query,2026-09-11T16:05:47+00:00
H6,276,DEU,Germany,76,BRA,Brazil,False,X,2022,8542,38539771.214,False,True,UN_Comtrade_official_public_preview_reporter_query,2026-09-11T16:05:47+00:00
H6,276,DEU,Germany,84,BLZ,Belize,False,X,2022,8542,1391.37,False,True,UN_Comtrade_official_public_preview_reporter_query,2026-09-11T16:05:47+00:00
H6,276,DEU,Germany,96,BRN,Brunei Darussalam,False,X,2022,8542,23747.523,False,True,UN_Comtrade_official_public_preview_reporter_query,2026-09-11T16:05:47+00:00
H6,276,DEU,Germany,100,BGR,Bulgaria,False,X,2022,8542,146424956.982,False,True,UN_Comtrade_official_public_preview_reporter_query,2026-09-11T16:05:47+00:00
H6,276,DEU,Germany,104,MMR,Myanmar,False,X,2022,8542,13247.66,False,True,UN_Comtrade_official_public_preview_reporter_query,2026-09-11T16:05:47+00:00
H6,276,DEU,Germany,112,BLR,Belarus,False,X,2022,8542,1194580.779,False,True,UN_Comtrade_official_public_preview_reporter_query,2026-09-11T16:05:47+00:00
H6,276,DEU,Germany,116,KHM,Cambodia,False,X,2022,8542,18965.617,False,True,UN_Comtrade_official_public_preview_reporter_query,2026-09-11T16:05:47+00:00
H6,276,DEU,Germany,120,CMR,Cameroon,False,X,2022,8542,19106.448,False,True,UN_Comtrade_official_public_preview_reporter_query,2026-09-11T16:05:47+00:00
H6,276,DEU,Germany,124,CAN,Canada,False,X,2022,8542,93073996.357,False,True,UN_Comtrade_official_public_preview_reporter_query,2026-09-11T16:05:47+00:00
H6,276,DEU,Germany,136,CYM,Cayman Isds,False,X,2022,8542,1079.0,False,True,UN_Comtrade_official_public_preview_reporter_query,2026-09-11T16:05:47+00:00
H6,276,DEU,Germany,144,LKA,Sri Lanka,False,X,2022,8542,5995585.126,False,True,UN_Comtrade_official_public_preview_reporter_query,2026-09-11T16:05:47+00:00
H6,276,DEU,Germany,148,TCD,Chad,False,X,2022,8542,354.725,False,True,UN_Comtrade_official_public_preview_reporter_query,2026-09-11T16:05:47+00:00
H6,276,DEU,Germany,152,CHL,Chile,False,X,2022,8542,615955.284,False,True,UN_Comtrade_official_public_preview_reporter_query,2026-09-11T16:05:47+00:00
H6,276,DEU,Germany,156,CHN,China,False,X,2022,8542,1651565814.239,False,True,UN_Comtrade_official_public_preview_reporter_query,2026-09-11T16:05:47+00:00
H6,276,DEU,Germany,170,COL,Colombia,False,X,2022,8542,902447.173,False,True,UN_Comtrade_official_public_preview_reporter_query,2026-09-11T16:05:47+00:00
H6,276,DEU,Germany,178,COG,Congo,False,X,2022,8542,14909.044,False,True,UN_Comtrade_official_public_preview_reporter_query,2026-09-11T16:05:47+00:00
H6,276,DEU,Germany,180,COD,Dem. Rep. of the Congo,False,X,2022,8542,968.876,False,True,UN_Comtrade_official_public_preview_reporter_query,2026-09-11T16:05:47+00:00
H6,276,DEU,Germany,188,CRI,Costa Rica,False,X,2022,8542,794847.926,False,True,UN_Comtrade_official_public_preview_reporter_query,2026-09-11T16:05:47+00:00
H6,276,DEU,Germany,191,HRV,Croatia,False,X,2022,8542,11816992.807,False,True,UN_Comtrade_official_public_preview_reporter_query,2026-09-11T16:05:47+00:00
H6,276,DEU,Germany,192,CUB,Cuba,False,X,2022,8542,34910.246,False,True,UN_Comtrade_official_public_preview_reporter_query,2026-09-11T16:05:47+00:00
H6,276,DEU,Germany,196,CYP,Cyprus,False,X,2022,8542,1071045.374,False,True,UN_Comtrade_official_public_preview_reporter_query,2026-09-11T16:05:47+00:00
H6,276,DEU,Germany,203,CZE,Czechia,False,X,2022,8542,740729514.112,False,True,UN_Comtrade_official_public_preview_reporter_query,2026-09-11T16:05:47+00:00
H6,276,DEU,Germany,204,BEN,Benin,False,X,2022,8542,6009.149,False,True,UN_Comtrade_official_public_preview_reporter_query,2026-09-11T16:05:47+00:00
H6,276,DEU,Germany,208,DNK,Denmark,False,X,2022,8542,145616985.285,False,True,UN_Comtrade_official_public_preview_reporter_query,2026-09-11T16:05:47+00:00
H6,276,DEU,Germany,214,DOM,Dominican Rep.,False,X,2022,8542,92643.612,False,True,UN_Comtrade_official_public_preview_reporter_query,2026-09-11T16:05:47+00:00
H6,276,DEU,Germany,218,ECU,Ecuador,False,X,2022,8542,194813.976,False,True,UN_Comtrade_official_public_preview_reporter_query,2026-09-11T16:05:47+00:00
H6,276,DEU,Germany,222,SLV,El Salvador,False,X,2022,8542,102663.803,False,True,UN_Comtrade_official_public_preview_reporter_query,2026-09-11T16:05:47+00:00
H6,276,DEU,Germany,231,ETH,Ethiopia,False,X,2022,8542,17964.974,False,True,UN_Comtrade_official_public_preview_reporter_query,2026-09-11T16:05:47+00:00
H6,276,DEU,Germany,232,ERI,Eritrea,False,X,2022,8542,1098.06,False,True,UN_Comtrade_official_public_preview_reporter_query,2026-09-11T16:05:47+00:00
H6,276,DEU,Germany,233,EST,Estonia,False,X,2022,8542,55696642.414,False,True,UN_Comtrade_official_public_preview_reporter_query,2026-09-11T16:05:47+00:00
H6,276,DEU,Germany,234,FRO,Faroe Isds,False,X,2022,8542,3761.145,False,True,UN_Comtrade_official_public_preview_reporter_query,2026-09-11T16:05:47+00:00
H6,276,DEU,Germany,242,FJI,Fiji,False,X,2022,8542,505.086,False,True,UN_Comtrade_official_public_preview_reporter_query,2026-09-11T16:05:47+00:00
H6,276,DEU,Germany,246,FIN,Finland,False,X,2022,8542,90943219.752,False,True,UN_Comtrade_official_public_preview_reporter_query,2026-09-11T16:05:47+00:00
H6,276,DEU,Germany,251,FRA,France,False,X,2022,8542,916820414.396,False,True,UN_Comtrade_official_public_preview_reporter_query,2026-09-11T16:05:47+00:00
H6,276,DEU,Germany,266,GAB,Gabon,False,X,2022,8542,21785.417,False,True,UN_Comtrade_official_public_preview_reporter_query,2026-09-11T16:05:47+00:00
H6,276,DEU,Germany,268,GEO,Georgia,False,X,2022,8542,417949.841,False,True,UN_Comtrade_official_public_preview_reporter_query,2026-09-11T16:05:47+00:00
H6,276,DEU,Germany,275,PSE,State of Palestine,False,X,2022,8542,27391.132,False,True,UN_Comtrade_official_public_preview_reporter_query,2026-09-11T16:05:47+00:00
H6,276,DEU,Germany,288,GHA,Ghana,False,X,2022,8542,55768.083,False,True,UN_Comtrade_official_public_preview_reporter_query,2026-09-11T16:05:47+00:00
H6,276,DEU,Germany,292,GIB,Gibraltar,False,X,2022,8542,4133.871,False,True,UN_Comtrade_official_public_preview_reporter_query,2026-09-11T16:05:47+00:00
H6,276,DEU,Germany,300,GRC,Greece,False,X,2022,8542,19356825.557,False,True,UN_Comtrade_official_public_preview_reporter_query,2026-09-11T16:05:47+00:00
H6,276,DEU,Germany,316,GUM,Guam,False,X,2022,8542,230114.949,False,True,UN_Comtrade_official_public_preview_reporter_query,2026-09-11T16:05:47+00:00
H6,276,DEU,Germany,320,GTM,Guatemala,False,X,2022,8542,48334.739,False,True,UN_Comtrade_official_public_preview_reporter_query,2026-09-11T16:05:47+00:00
H6,276,DEU,Germany,324,GIN,Guinea,False,X,2022,8542,2085.995,False,True,UN_Comtrade_official_public_preview_reporter_query,2026-09-11T16:05:47+00:00
H6,276,DEU,Germany,328,GUY,Guyana,False,X,2022,8542,6649.772,False,True,UN_Comtrade_official_public_preview_reporter_query,2026-09-11T16:05:47+00:00
H6,276,DEU,Germany,332,HTI,Haiti,False,X,2022,8542,1759.86,False,True,UN_Comtrade_official_public_preview_reporter_query,2026-09-11T16:05:47+00:00
H6,276,DEU,Germany,340,HND,Honduras,False,X,2022,8542,55790.319,False,True,UN_Comtrade_official_public_preview_reporter_query,2026-09-11T16:05:47+00:00
H6,276,DEU,Germany,344,HKG,"China, Hong Kong SAR",False,X,2022,8542,638879957.171,False,True,UN_Comtrade_official_public_preview_reporter_query,2026-09-11T16:05:47+00:00
H6,276,DEU,Germany,348,HUN,Hungary,False,X,2022,8542,1594728067.711,False,True,UN_Comtrade_official_public_preview_reporter_query,2026-09-11T16:05:47+00:00
H6,276,DEU,Germany,352,ISL,Iceland,False,X,2022,8542,849241.582,False,True,UN_Comtrade_official_public_preview_reporter_query,2026-09-11T16:05:47+00:00
H6,276,DEU,Germany,360,IDN,Indonesia,False,X,2022,8542,71913396.751,False,True,UN_Comtrade_official_public_preview_reporter_query,2026-09-11T16:05:47+00:00
H6,276,DEU,Germany,364,IRN,Iran,False,X,2022,8542,7341251.275,False,True,UN_Comtrade_official_public_preview_reporter_query,2026-09-11T16:05:47+00:00
H6,276,DEU,Germany,368,IRQ,Iraq,False,X,2022,8542,171683.781,False,True,UN_Comtrade_official_public_preview_reporter_query,2026-09-11T16:05:47+00:00
H6,276,DEU,Germany,372,IRL,Ireland,False,X,2022,8542,118916391.493,False,True,UN_Comtrade_official_public_preview_reporter_query,2026-09-11T16:05:47+00:00
H6,276,DEU,Germany,376,ISR,Israel,False,X,2022,8542,123709298.578,False,True,UN_Comtrade_official_public_preview_reporter_query,2026-09-11T16:05:47+00:00
H6,276,DEU,Germany,380,ITA,Italy,False,X,2022,8542,522617877.38,False,True,UN_Comtrade_official_public_preview_reporter_query,2026-09-11T16:05:47+00:00
H6,276,DEU,Germany,384,CIV,Côte d'Ivoire,False,X,2022,8542,40631.38,False,True,UN_Comtrade_official_public_preview_reporter_query,2026-09-11T16:05:47+00:00
H6,276,DEU,Germany,388,JAM,Jamaica,False,X,2022,8542,10040.309,False,True,UN_Comtrade_official_public_preview_reporter_query,2026-09-11T16:05:47+00:00
H6,276,DEU,Germany,392,JPN,Japan,False,X,2022,8542,372963690.343,False,True,UN_Comtrade_official_public_preview_reporter_query,2026-09-11T16:05:47+00:00
H6,276,DEU,Germany,398,KAZ,Kazakhstan,False,X,2022,8542,4985700.716,False,True,UN_Comtrade_official_public_preview_reporter_query,2026-09-11T16:05:47+00:00
H6,276,DEU,Germany,400,JOR,Jordan,False,X,2022,8542,136250.447,False,True,UN_Comtrade_official_public_preview_reporter_query,2026-09-11T16:05:47+00:00
H6,276,DEU,Germany,404,KEN,Kenya,False,X,2022,8542,116542.555,False,True,UN_Comtrade_official_public_preview_reporter_query,2026-09-11T16:05:47+00:00
H6,276,DEU,Germany,410,KOR,Rep. of Korea,False,X,2022,8542,640718913.6,False,True,UN_Comtrade_official_public_preview_reporter_query,2026-09-11T16:05:47+00:00
H6,276,DEU,Germany,414,KWT,Kuwait,False,X,2022,8542,574377.265,False,True,UN_Comtrade_official_public_preview_reporter_query,2026-09-11T16:05:47+00:00
H6,276,DEU,Germany,417,KGZ,Kyrgyzstan,False,X,2022,8542,1268108.414,False,True,UN_Comtrade_official_public_preview_reporter_query,2026-09-11T16:05:47+00:00
H6,276,DEU,Germany,418,LAO,Lao People's Dem. Rep.,False,X,2022,8542,22438.746,False,True,UN_Comtrade_official_public_preview_reporter_query,2026-09-11T16:05:47+00:00
H6,276,DEU,Germany,422,LBN,Lebanon,False,X,2022,8542,111413.336,False,True,UN_Comtrade_official_public_preview_reporter_query,2026-09-11T16:05:47+00:00
H6,276,DEU,Germany,426,LSO,Lesotho,False,X,2022,8542,926.521,False,True,UN_Comtrade_official_public_preview_reporter_query,2026-09-11T16:05:47+00:00
H6,276,DEU,Germany,428,LVA,Latvia,False,X,2022,8542,22512044.069,False,True,UN_Comtrade_official_public_preview_reporter_query,2026-09-11T16:05:47+00:00
H6,276,DEU,Germany,430,LBR,Liberia,False,X,2022,8542,2665.203,False,True,UN_Comtrade_official_public_preview_reporter_query,2026-09-11T16:05:47+00:00
H6,276,DEU,Germany,434,LBY,Libya,False,X,2022,8542,129511.729,False,True,UN_Comtrade_official_public_preview_reporter_query,2026-09-11T16:05:47+00:00
H6,276,DEU,Germany,440,LTU,Lithuania,False,X,2022,8542,101866005.598,False,True,UN_Comtrade_official_public_preview_reporter_query,2026-09-11T16:05:47+00:00
H6,276,DEU,Germany,442,LUX,Luxembourg,False,X,2022,8542,3580999.836,False,True,UN_Comtrade_official_public_preview_reporter_query,2026-09-11T16:05:47+00:00
H6,276,DEU,Germany,446,MAC,"China, Macao SAR",False,X,2022,8542,4540.482,False,True,UN_Comtrade_official_public_preview_reporter_query,2026-09-11T16:05:47+00:00
H6,276,DEU,Germany,450,MDG,Madagascar,False,X,2022,8542,21258.094,False,True,UN_Comtrade_official_public_preview_reporter_query,2026-09-11T16:05:47+00:00
H6,276,DEU,Germany,454,MWI,Malawi,False,X,2022,8542,1632.794,False,True,UN_Comtrade_official_public_preview_reporter_query,2026-09-11T16:05:47+00:00
H6,276,DEU,Germany,458,MYS,Malaysia,False,X,2022,8542,1171285120.939,False,True,UN_Comtrade_official_public_preview_reporter_query,2026-09-11T16:05:47+00:00
H6,276,DEU,Germany,462,MDV,Maldives,False,X,2022,8542,19216.571,False,True,UN_Comtrade_official_public_preview_reporter_query,2026-09-11T16:05:47+00:00
H6,276,DEU,Germany,466,MLI,Mali,False,X,2022,8542,38842.93,False,True,UN_Comtrade_official_public_preview_reporter_query,2026-09-11T16:05:47+00:00
H6,276,DEU,Germany,470,MLT,Malta,False,X,2022,8542,5197666.445,False,True,UN_Comtrade_official_public_preview_reporter_query,2026-09-11T16:05:47+00:00
H6,276,DEU,Germany,478,MRT,Mauritania,False,X,2022,8542,1905.986,False,True,UN_Comtrade_official_public_preview_reporter_query,2026-09-11T16:05:47+00:00
H6,276,DEU,Germany,480,MUS,Mauritius,False,X,2022,8542,10251.026,False,True,UN_Comtrade_official_public_preview_reporter_query,2026-09-11T16:05:47+00:00
H6,276,DEU,Germany,484,MEX,Mexico,False,X,2022,8542,251900668.678,False,True,UN_Comtrade_official_public_preview_reporter_query,2026-09-11T16:05:47+00:00
H6,276,DEU,Germany,490,S19,"Other Asia, nes",False,X,2022,8542,2071555824.355,False,True,UN_Comtrade_official_public_preview_reporter_query,2026-09-11T16:05:47+00:00
H6,276,DEU,Germany,496,MNG,Mongolia,False,X,2022,8542,9264.149,False,True,UN_Comtrade_official_public_preview_reporter_query,2026-09-11T16:05:47+00:00
H6,276,DEU,Germany,498,MDA,Rep. of Moldova,False,X,2022,8542,702851.29,False,True,UN_Comtrade_official_public_preview_reporter_query,2026-09-11T16:05:47+00:00
H6,276,DEU,Germany,499,MNE,Montenegro,False,X,2022,8542,196978.329,False,True,UN_Comtrade_official_public_preview_reporter_query,2026-09-11T16:05:47+00:00
H6,276,DEU,Germany,504,MAR,Morocco,False,X,2022,8542,16216895.168,False,True,UN_Comtrade_official_public_preview_reporter_query,2026-09-11T16:05:47+00:00
H6,276,DEU,Germany,508,MOZ,Mozambique,False,X,2022,8542,28499.781,False,True,UN_Comtrade_official_public_preview_reporter_query,2026-09-11T16:05:47+00:00
H6,276,DEU,Germany,512,OMN,Oman,False,X,2022,8542,194579.963,False,True,UN_Comtrade_official_public_preview_reporter_query,2026-09-11T16:05:47+00:00
H6,276,DEU,Germany,516,NAM,Namibia,False,X,2022,8542,29703.728,False,True,UN_Comtrade_official_public_preview_reporter_query,2026-09-11T16:05:47+00:00
H6,276,DEU,Germany,524,NPL,Nepal,False,X,2022,8542,48570.869,False,True,UN_Comtrade_official_public_preview_reporter_query,2026-09-11T16:05:47+00:00
H6,276,DEU,Germany,528,NLD,Netherlands,False,X,2022,8542,1175024238.173,False,True,UN_Comtrade_official_public_preview_reporter_query,2026-09-11T16:05:47+00:00
H6,276,DEU,Germany,531,CUW,Curaçao,False,X,2022,8542,910.638,False,True,UN_Comtrade_official_public_preview_reporter_query,2026-09-11T16:05:47+00:00
H6,276,DEU,Germany,534,SXM,Saint Maarten,False,X,2022,8542,5703.133,False,True,UN_Comtrade_official_public_preview_reporter_query,2026-09-11T16:05:47+00:00
H6,276,DEU,Germany,540,NCL,New Caledonia,False,X,2022,8542,6783.191,False,True,UN_Comtrade_official_public_preview_reporter_query,2026-09-11T16:05:47+00:00
H6,276,DEU,Germany,554,NZL,New Zealand,False,X,2022,8542,662919.831,False,True,UN_Comtrade_official_public_preview_reporter_query,2026-09-11T16:05:47+00:00
H6,276,DEU,Germany,558,NIC,Nicaragua,False,X,2022,8542,16087.578,False,True,UN_Comtrade_official_public_preview_reporter_query,2026-09-11T16:05:47+00:00
H6,276,DEU,Germany,566,NGA,Nigeria,False,X,2022,8542,448529.264,False,True,UN_Comtrade_official_public_preview_reporter_query,2026-09-11T16:05:47+00:00
H6,276,DEU,Germany,579,NOR,Norway,False,X,2022,8542,29042440.314,False,True,UN_Comtrade_official_public_preview_reporter_query,2026-09-11T16:05:47+00:00
H6,276,DEU,Germany,581,UMI,United States Minor Outlying Islands,False,X,2022,8542,18968.793,False,True,UN_Comtrade_official_public_preview_reporter_query,2026-09-11T16:05:47+00:00
H6,276,DEU,Germany,586,PAK,Pakistan,False,X,2022,8542,351430.94,False,True,UN_Comtrade_official_public_preview_reporter_query,2026-09-11T16:05:47+00:00
H6,276,DEU,Germany,591,PAN,Panama,False,X,2022,8542,55218.524,False,True,UN_Comtrade_official_public_preview_reporter_query,2026-09-11T16:05:47+00:00
H6,276,DEU,Germany,598,PNG,Papua New Guinea,False,X,2022,8542,2084.937,False,True,UN_Comtrade_official_public_preview_reporter_query,2026-09-11T16:05:47+00:00
H6,276,DEU,Germany,600,PRY,Paraguay,False,X,2022,8542,32652.712,False,True,UN_Comtrade_official_public_preview_reporter_query,2026-09-11T16:05:47+00:00
H6,276,DEU,Germany,604,PER,Peru,False,X,2022,8542,281052.417,False,True,UN_Comtrade_official_public_preview_reporter_query,2026-09-11T16:05:47+00:00
H6,276,DEU,Germany,608,PHL,Philippines,False,X,2022,8542,294817491.602,False,True,UN_Comtrade_official_public_preview_reporter_query,2026-09-11T16:05:47+00:00
H6,276,DEU,Germany,616,POL,Poland,False,X,2022,8542,789974874.571,False,True,UN_Comtrade_official_public_preview_reporter_query,2026-09-11T16:05:47+00:00
H6,276,DEU,Germany,620,PRT,Portugal,False,X,2022,8542,631465368.861,False,True,UN_Comtrade_official_public_preview_reporter_query,2026-09-11T16:05:47+00:00
H6,276,DEU,Germany,624,GNB,Guinea-Bissau,False,X,2022,8542,1706.916,False,True,UN_Comtrade_official_public_preview_reporter_query,2026-09-11T16:05:47+00:00
H6,276,DEU,Germany,634,QAT,Qatar,False,X,2022,8542,416206.923,False,True,UN_Comtrade_official_public_preview_reporter_query,2026-09-11T16:05:47+00:00
H6,276,DEU,Germany,642,ROU,Romania,False,X,2022,8542,1120485852.687,False,True,UN_Comtrade_official_public_preview_reporter_query,2026-09-11T16:05:47+00:00
H6,276,DEU,Germany,643,RUS,Russian Federation,False,X,2022,8542,17861141.391,False,True,UN_Comtrade_official_public_preview_reporter_query,2026-09-11T16:05:47+00:00
H6,276,DEU,Germany,646,RWA,Rwanda,False,X,2022,8542,68684.313,False,True,UN_Comtrade_official_public_preview_reporter_query,2026-09-11T16:05:47+00:00
H6,276,DEU,Germany,674,SMR,San Marino,False,X,2022,8542,1316450.564,False,True,UN_Comtrade_official_public_preview_reporter_query,2026-09-11T16:05:47+00:00
H6,276,DEU,Germany,682,SAU,Saudi Arabia,False,X,2022,8542,1881174.012,False,True,UN_Comtrade_official_public_preview_reporter_query,2026-09-11T16:05:47+00:00
H6,276,DEU,Germany,686,SEN,Senegal,False,X,2022,8542,93121.167,False,True,UN_Comtrade_official_public_preview_reporter_query,2026-09-11T16:05:47+00:00
H6,276,DEU,Germany,688,SRB,Serbia,False,X,2022,8542,49310345.041,False,True,UN_Comtrade_official_public_preview_reporter_query,2026-09-11T16:05:47+00:00
H6,276,DEU,Germany,690,SYC,Seychelles,False,X,2022,8542,18715.721,False,True,UN_Comtrade_official_public_preview_reporter_query,2026-09-11T16:05:47+00:00
H6,276,DEU,Germany,694,SLE,Sierra Leone,False,X,2022,8542,2362.363,False,True,UN_Comtrade_official_public_preview_reporter_query,2026-09-11T16:05:47+00:00
H6,276,DEU,Germany,699,IND,India,False,X,2022,8542,69822433.01,False,True,UN_Comtrade_official_public_preview_reporter_query,2026-09-11T16:05:47+00:00
H6,276,DEU,Germany,702,SGP,Singapore,False,X,2022,8542,663475218.208,False,True,UN_Comtrade_official_public_preview_reporter_query,2026-09-11T16:05:47+00:00
H6,276,DEU,Germany,703,SVK,Slovakia,False,X,2022,8542,281383696.649,False,True,UN_Comtrade_official_public_preview_reporter_query,2026-09-11T16:05:47+00:00
H6,276,DEU,Germany,704,VNM,Viet Nam,False,X,2022,8542,17963243.986,False,True,UN_Comtrade_official_public_preview_reporter_query,2026-09-11T16:05:47+00:00
H6,276,DEU,Germany,705,SVN,Slovenia,False,X,2022,8542,100857657.623,False,True,UN_Comtrade_official_public_preview_reporter_query,2026-09-11T16:05:47+00:00
H6,276,DEU,Germany,706,SOM,Somalia,False,X,2022,8542,9328.741,False,True,UN_Comtrade_official_public_preview_reporter_query,2026-09-11T16:05:47+00:00
H6,276,DEU,Germany,710,ZAF,South Africa,False,X,2022,8542,18319038.574,False,True,UN_Comtrade_official_public_preview_reporter_query,2026-09-11T16:05:47+00:00
H6,276,DEU,Germany,716,ZWE,Zimbabwe,False,X,2022,8542,11321.555,False,True,UN_Comtrade_official_public_preview_reporter_query,2026-09-11T16:05:47+00:00
H6,276,DEU,Germany,724,ESP,Spain,False,X,2022,8542,420024340.095,False,True,UN_Comtrade_official_public_preview_reporter_query,2026-09-11T16:05:47+00:00
H6,276,DEU,Germany,729,SDN,Sudan,False,X,2022,8542,798708.606,False,True,UN_Comtrade_official_public_preview_reporter_query,2026-09-11T16:05:47+00:00
H6,276,DEU,Germany,732,ESH,Western Sahara,False,X,2022,8542,559.089,False,True,UN_Comtrade_official_public_preview_reporter_query,2026-09-11T16:05:47+00:00
H6,276,DEU,Germany,740,SUR,Suriname,False,X,2022,8542,1058.881,False,True,UN_Comtrade_official_public_preview_reporter_query,2026-09-11T16:05:47+00:00
H6,276,DEU,Germany,752,SWE,Sweden,False,X,2022,8542,265461537.817,False,True,UN_Comtrade_official_public_preview_reporter_query,2026-09-11T16:05:47+00:00
H6,276,DEU,Germany,757,CHE,Switzerland,False,X,2022,8542,337576605.856,False,True,UN_Comtrade_official_public_preview_reporter_query,2026-09-11T16:05:47+00:00
H6,276,DEU,Germany,760,SYR,Syria,False,X,2022,8542,25628.096,False,True,UN_Comtrade_official_public_preview_reporter_query,2026-09-11T16:05:47+00:00
H6,276,DEU,Germany,762,TJK,Tajikistan,False,X,2022,8542,4612.485,False,True,UN_Comtrade_official_public_preview_reporter_query,2026-09-11T16:05:47+00:00
H6,276,DEU,Germany,764,THA,Thailand,False,X,2022,8542,332583537.447,False,True,UN_Comtrade_official_public_preview_reporter_query,2026-09-11T16:05:47+00:00
H6,276,DEU,Germany,768,TGO,Togo,False,X,2022,8542,29621.136,False,True,UN_Comtrade_official_public_preview_reporter_query,2026-09-11T16:05:47+00:00
H6,276,DEU,Germany,780,TTO,Trinidad and Tobago,False,X,2022,8542,39693.211,False,True,UN_Comtrade_official_public_preview_reporter_query,2026-09-11T16:05:47+00:00
H6,276,DEU,Germany,784,ARE,United Arab Emirates,False,X,2022,8542,3415798.525,False,True,UN_Comtrade_official_public_preview_reporter_query,2026-09-11T16:05:47+00:00
H6,276,DEU,Germany,788,TUN,Tunisia,False,X,2022,8542,30514603.558,False,True,UN_Comtrade_official_public_preview_reporter_query,2026-09-11T16:05:47+00:00
H6,276,DEU,Germany,792,TUR,Türkiye,False,X,2022,8542,85077566.73,False,True,UN_Comtrade_official_public_preview_reporter_query,2026-09-11T16:05:47+00:00
H6,276,DEU,Germany,795,TKM,Turkmenistan,False,X,2022,8542,8556.817,False,True,UN_Comtrade_official_public_preview_reporter_query,2026-09-11T16:05:47+00:00
H6,276,DEU,Germany,800,UGA,Uganda,False,X,2022,8542,30359.176,False,True,UN_Comtrade_official_public_preview_reporter_query,2026-09-11T16:05:47+00:00
H6,276,DEU,Germany,804,UKR,Ukraine,False,X,2022,8542,15123891.78,False,True,UN_Comtrade_official_public_preview_reporter_query,2026-09-11T16:05:47+00:00
H6,276,DEU,Germany,807,MKD,North Macedonia,False,X,2022,8542,56404837.876,False,True,UN_Comtrade_official_public_preview_reporter_query,2026-09-11T16:05:47+00:00
H6,276,DEU,Germany,818,EGY,Egypt,False,X,2022,8542,5539486.981,False,True,UN_Comtrade_official_public_preview_reporter_query,2026-09-11T16:05:47+00:00
H6,276,DEU,Germany,826,GBR,United Kingdom,False,X,2022,8542,419447346.335,False,True,UN_Comtrade_official_public_preview_reporter_query,2026-09-11T16:05:47+00:00
H6,276,DEU,Germany,834,TZA,United Rep. of Tanzania,False,X,2022,8542,71836.601,False,True,UN_Comtrade_official_public_preview_reporter_query,2026-09-11T16:05:47+00:00
H6,276,DEU,Germany,837,X1 ,Bunkers,False,X,2022,8542,259495.719,False,True,UN_Comtrade_official_public_preview_reporter_query,2026-09-11T16:05:47+00:00
H6,276,DEU,Germany,842,USA,USA,False,X,2022,8542,550501198.838,False,True,UN_Comtrade_official_public_preview_reporter_query,2026-09-11T16:05:47+00:00
H6,276,DEU,Germany,854,BFA,Burkina Faso,False,X,2022,8542,12922.583,False,True,UN_Comtrade_official_public_preview_reporter_query,2026-09-11T16:05:47+00:00
H6,276,DEU,Germany,858,URY,Uruguay,False,X,2022,8542,1279825.99,False,True,UN_Comtrade_official_public_preview_reporter_query,2026-09-11T16:05:47+00:00
H6,276,DEU,Germany,860,UZB,Uzbekistan,False,X,2022,8542,182395.42,False,True,UN_Comtrade_official_public_preview_reporter_query,2026-09-11T16:05:47+00:00
H6,276,DEU,Germany,862,VEN,Venezuela,False,X,2022,8542,76148.365,False,True,UN_Comtrade_official_public_preview_reporter_query,2026-09-11T16:05:47+00:00
H6,276,DEU,Germany,887,YEM,Yemen,False,X,2022,8542,16891.269,False,True,UN_Comtrade_official_public_preview_reporter_query,2026-09-11T16:05:47+00:00
H6,276,DEU,Germany,894,ZMB,Zambia,False,X,2022,8542,3453.011,False,True,UN_Comtrade_official_public_preview_reporter_query,2026-09-11T16:05:47+00:00
H5,528,NLD,Netherlands,8,ALB,Albania,False,M,2017,8542,12374.354,False,True,UN_Comtrade_official_public_preview_reporter_query,2026-09-11T16:05:47+00:00
H5,528,NLD,Netherlands,24,AGO,Angola,False,M,2017,8542,624.705,False,True,UN_Comtrade_official_public_preview_reporter_query,2026-09-11T16:05:47+00:00
H5,528,NLD,Netherlands,28,ATG,Antigua and Barbuda,False,M,2017,8542,2115.863,False,True,UN_Comtrade_official_public_preview_reporter_query,2026-09-11T16:05:47+00:00
H5,528,NLD,Netherlands,31,AZE,Azerbaijan,False,M,2017,8542,19905.833,False,True,UN_Comtrade_official_public_preview_reporter_query,2026-09-11T16:05:47+00:00
H5,528,NLD,Netherlands,32,ARG,Argentina,False,M,2017,8542,629.224,False,True,UN_Comtrade_official_public_preview_reporter_query,2026-09-11T16:05:47+00:00
H5,528,NLD,Netherlands,36,AUS,Australia,False,M,2017,8542,1908646.409,False,True,UN_Comtrade_official_public_preview_reporter_query,2026-09-11T16:05:47+00:00
H5,528,NLD,Netherlands,40,AUT,Austria,False,M,2017,8542,7143204.937,False,True,UN_Comtrade_official_public_preview_reporter_query,2026-09-11T16:05:47+00:00
H5,528,NLD,Netherlands,48,BHR,Bahrain,False,M,2017,8542,37225.862,False,True,UN_Comtrade_official_public_preview_reporter_query,2026-09-11T16:05:47+00:00
H5,528,NLD,Netherlands,51,ARM,Armenia,False,M,2017,8542,1116.109,False,True,UN_Comtrade_official_public_preview_reporter_query,2026-09-11T16:05:47+00:00
H5,528,NLD,Netherlands,56,BEL,Belgium,False,M,2017,8542,27435653.429,False,True,UN_Comtrade_official_public_preview_reporter_query,2026-09-11T16:05:47+00:00
H5,528,NLD,Netherlands,70,BIH,Bosnia Herzegovina,False,M,2017,8542,14273.322,False,True,UN_Comtrade_official_public_preview_reporter_query,2026-09-11T16:05:47+00:00
H5,528,NLD,Netherlands,72,BWA,Botswana,False,M,2017,8542,7850.044,False,True,UN_Comtrade_official_public_preview_reporter_query,2026-09-11T16:05:47+00:00
H5,528,NLD,Netherlands,76,BRA,Brazil,False,M,2017,8542,59827.076,False,True,UN_Comtrade_official_public_preview_reporter_query,2026-09-11T16:05:47+00:00
H5,528,NLD,Netherlands,100,BGR,Bulgaria,False,M,2017,8542,393368.676,False,True,UN_Comtrade_official_public_preview_reporter_query,2026-09-11T16:05:47+00:00
H5,528,NLD,Netherlands,104,MMR,Myanmar,False,M,2017,8542,521.905,False,True,UN_Comtrade_official_public_preview_reporter_query,2026-09-11T16:05:47+00:00
H5,528,NLD,Netherlands,112,BLR,Belarus,False,M,2017,8542,7532.608,False,True,UN_Comtrade_official_public_preview_reporter_query,2026-09-11T16:05:47+00:00
H5,528,NLD,Netherlands,124,CAN,Canada,False,M,2017,8542,2786086.85,False,True,UN_Comtrade_official_public_preview_reporter_query,2026-09-11T16:05:47+00:00
H5,528,NLD,Netherlands,152,CHL,Chile,False,M,2017,8542,624.705,False,True,UN_Comtrade_official_public_preview_reporter_query,2026-09-11T16:05:47+00:00
H5,528,NLD,Netherlands,156,CHN,China,False,M,2017,8542,269982936.647,False,True,UN_Comtrade_official_public_preview_reporter_query,2026-09-11T16:05:47+00:00
H5,528,NLD,Netherlands,170,COL,Colombia,False,M,2017,8542,343.418,False,True,UN_Comtrade_official_public_preview_reporter_query,2026-09-11T16:05:47+00:00
H5,528,NLD,Netherlands,178,COG,Congo,False,M,2017,8542,291.454,False,True,UN_Comtrade_official_public_preview_reporter_query,2026-09-11T16:05:47+00:00
H5,528,NLD,Netherlands,180,COD,Dem. Rep. of the Congo,False,M,2017,8542,2506.727,False,True,UN_Comtrade_official_public_preview_reporter_query,2026-09-11T16:05:47+00:00
H5,528,NLD,Netherlands,188,CRI,Costa Rica,False,M,2017,8542,42861.762,False,True,UN_Comtrade_official_public_preview_reporter_query,2026-09-11T16:05:47+00:00
H5,528,NLD,Netherlands,191,HRV,Croatia,False,M,2017,8542,212824.431,False,True,UN_Comtrade_official_public_preview_reporter_query,2026-09-11T16:05:47+00:00
H5,528,NLD,Netherlands,196,CYP,Cyprus,False,M,2017,8542,166661.787,False,True,UN_Comtrade_official_public_preview_reporter_query,2026-09-11T16:05:47+00:00
H5,528,NLD,Netherlands,203,CZE,Czechia,False,M,2017,8542,8459340.745,False,True,UN_Comtrade_official_public_preview_reporter_query,2026-09-11T16:05:47+00:00
H5,528,NLD,Netherlands,208,DNK,Denmark,False,M,2017,8542,1774802.53,False,True,UN_Comtrade_official_public_preview_reporter_query,2026-09-11T16:05:47+00:00
H5,528,NLD,Netherlands,218,ECU,Ecuador,False,M,2017,8542,5089.142,False,True,UN_Comtrade_official_public_preview_reporter_query,2026-09-11T16:05:47+00:00
H5,528,NLD,Netherlands,231,ETH,Ethiopia,False,M,2017,8542,1347.691,False,True,UN_Comtrade_official_public_preview_reporter_query,2026-09-11T16:05:47+00:00
H5,528,NLD,Netherlands,233,EST,Estonia,False,M,2017,8542,94651.27,False,True,UN_Comtrade_official_public_preview_reporter_query,2026-09-11T16:05:47+00:00
H5,528,NLD,Netherlands,234,FRO,Faroe Isds,False,M,2017,8542,399.902,False,True,UN_Comtrade_official_public_preview_reporter_query,2026-09-11T16:05:47+00:00
H5,528,NLD,Netherlands,242,FJI,Fiji,False,M,2017,8542,1016.699,False,True,UN_Comtrade_official_public_preview_reporter_query,2026-09-11T16:05:47+00:00
H5,528,NLD,Netherlands,246,FIN,Finland,False,M,2017,8542,6402739.807,False,True,UN_Comtrade_official_public_preview_reporter_query,2026-09-11T16:05:47+00:00
H5,528,NLD,Netherlands,251,FRA,France,False,M,2017,8542,487461370.088,False,True,UN_Comtrade_official_public_preview_reporter_query,2026-09-11T16:05:47+00:00
H5,528,NLD,Netherlands,258,PYF,French Polynesia,False,M,2017,8542,10.167,False,True,UN_Comtrade_official_public_preview_reporter_query,2026-09-11T16:05:47+00:00
H5,528,NLD,Netherlands,268,GEO,Georgia,False,M,2017,8542,20991.441,False,True,UN_Comtrade_official_public_preview_reporter_query,2026-09-11T16:05:47+00:00
H5,528,NLD,Netherlands,276,DEU,Germany,False,M,2017,8542,2091374486.363,False,True,UN_Comtrade_official_public_preview_reporter_query,2026-09-11T16:05:47+00:00
H5,528,NLD,Netherlands,288,GHA,Ghana,False,M,2017,8542,13814.677,False,True,UN_Comtrade_official_public_preview_reporter_query,2026-09-11T16:05:47+00:00
H5,528,NLD,Netherlands,300,GRC,Greece,False,M,2017,8542,152665.233,False,True,UN_Comtrade_official_public_preview_reporter_query,2026-09-11T16:05:47+00:00
H5,528,NLD,Netherlands,320,GTM,Guatemala,False,M,2017,8542,160.412,False,True,UN_Comtrade_official_public_preview_reporter_query,2026-09-11T16:05:47+00:00
H5,528,NLD,Netherlands,340,HND,Honduras,False,M,2017,8542,5302.649,False,True,UN_Comtrade_official_public_preview_reporter_query,2026-09-11T16:05:47+00:00
H5,528,NLD,Netherlands,344,HKG,"China, Hong Kong SAR",False,M,2017,8542,345499066.248,False,True,UN_Comtrade_official_public_preview_reporter_query,2026-09-11T16:05:47+00:00
H5,528,NLD,Netherlands,348,HUN,Hungary,False,M,2017,8542,2009187.754,False,True,UN_Comtrade_official_public_preview_reporter_query,2026-09-11T16:05:47+00:00
H5,528,NLD,Netherlands,352,ISL,Iceland,False,M,2017,8542,33154.548,False,True,UN_Comtrade_official_public_preview_reporter_query,2026-09-11T16:05:47+00:00
H5,528,NLD,Netherlands,360,IDN,Indonesia,False,M,2017,8542,780681.216,False,True,UN_Comtrade_official_public_preview_reporter_query,2026-09-11T16:05:47+00:00
H5,528,NLD,Netherlands,364,IRN,Iran,False,M,2017,8542,2401.669,False,True,UN_Comtrade_official_public_preview_reporter_query,2026-09-11T16:05:47+00:00
H5,528,NLD,Netherlands,368,IRQ,Iraq,False,M,2017,8542,170.579,False,True,UN_Comtrade_official_public_preview_reporter_query,2026-09-11T16:05:47+00:00
H5,528,NLD,Netherlands,372,IRL,Ireland,False,M,2017,8542,470944994.055,False,True,UN_Comtrade_official_public_preview_reporter_query,2026-09-11T16:05:47+00:00
H5,528,NLD,Netherlands,376,ISR,Israel,False,M,2017,8542,8217272.667,False,True,UN_Comtrade_official_public_preview_reporter_query,2026-09-11T16:05:47+00:00
H5,528,NLD,Netherlands,380,ITA,Italy,False,M,2017,8542,5797752.053,False,True,UN_Comtrade_official_public_preview_reporter_query,2026-09-11T16:05:47+00:00
H5,528,NLD,Netherlands,384,CIV,Côte d'Ivoire,False,M,2017,8542,390.864,False,True,UN_Comtrade_official_public_preview_reporter_query,2026-09-11T16:05:47+00:00
H5,528,NLD,Netherlands,388,JAM,Jamaica,False,M,2017,8542,729.764,False,True,UN_Comtrade_official_public_preview_reporter_query,2026-09-11T16:05:47+00:00
H5,528,NLD,Netherlands,392,JPN,Japan,False,M,2017,8542,21403638.156,False,True,UN_Comtrade_official_public_preview_reporter_query,2026-09-11T16:05:47+00:00
H5,528,NLD,Netherlands,398,KAZ,Kazakhstan,False,M,2017,8542,8615.958,False,True,UN_Comtrade_official_public_preview_reporter_query,2026-09-11T16:05:47+00:00
H5,528,NLD,Netherlands,400,JOR,Jordan,False,M,2017,8542,47743.046,False,True,UN_Comtrade_official_public_preview_reporter_query,2026-09-11T16:05:47+00:00
H5,528,NLD,Netherlands,404,KEN,Kenya,False,M,2017,8542,59816.909,False,True,UN_Comtrade_official_public_preview_reporter_query,2026-09-11T16:05:47+00:00
H5,528,NLD,Netherlands,408,PRK,Dem. People's Rep. of Korea,False,M,2017,8542,3.389,False,True,UN_Comtrade_official_public_preview_reporter_query,2026-09-11T16:05:47+00:00
H5,528,NLD,Netherlands,410,KOR,Rep. of Korea,False,M,2017,8542,198188645.403,False,True,UN_Comtrade_official_public_preview_reporter_query,2026-09-11T16:05:47+00:00
H5,528,NLD,Netherlands,414,KWT,Kuwait,False,M,2017,8542,22891.538,False,True,UN_Comtrade_official_public_preview_reporter_query,2026-09-11T16:05:47+00:00
H5,528,NLD,Netherlands,422,LBN,Lebanon,False,M,2017,8542,163950.59,False,True,UN_Comtrade_official_public_preview_reporter_query,2026-09-11T16:05:47+00:00
H5,528,NLD,Netherlands,428,LVA,Latvia,False,M,2017,8542,64997.555,False,True,UN_Comtrade_official_public_preview_reporter_query,2026-09-11T16:05:47+00:00
H5,528,NLD,Netherlands,440,LTU,Lithuania,False,M,2017,8542,1564577.459,False,True,UN_Comtrade_official_public_preview_reporter_query,2026-09-11T16:05:47+00:00
H5,528,NLD,Netherlands,442,LUX,Luxembourg,False,M,2017,8542,66849.076,False,True,UN_Comtrade_official_public_preview_reporter_query,2026-09-11T16:05:47+00:00
H5,528,NLD,Netherlands,458,MYS,Malaysia,False,M,2017,8542,3771020895.716,False,True,UN_Comtrade_official_public_preview_reporter_query,2026-09-11T16:05:47+00:00
H5,528,NLD,Netherlands,470,MLT,Malta,False,M,2017,8542,52692.11,False,True,UN_Comtrade_official_public_preview_reporter_query,2026-09-11T16:05:47+00:00
H5,528,NLD,Netherlands,480,MUS,Mauritius,False,M,2017,8542,12285.111,False,True,UN_Comtrade_official_public_preview_reporter_query,2026-09-11T16:05:47+00:00
H5,528,NLD,Netherlands,484,MEX,Mexico,False,M,2017,8542,837908.932,False,True,UN_Comtrade_official_public_preview_reporter_query,2026-09-11T16:05:47+00:00
H5,528,NLD,Netherlands,490,S19,"Other Asia, nes",False,M,2017,8542,176805573.934,False,True,UN_Comtrade_official_public_preview_reporter_query,2026-09-11T16:05:47+00:00
H5,528,NLD,Netherlands,498,MDA,Rep. of Moldova,False,M,2017,8542,22541.342,False,True,UN_Comtrade_official_public_preview_reporter_query,2026-09-11T16:05:47+00:00
H5,528,NLD,Netherlands,499,MNE,Montenegro,False,M,2017,8542,3663.505,False,True,UN_Comtrade_official_public_preview_reporter_query,2026-09-11T16:05:47+00:00
H5,528,NLD,Netherlands,504,MAR,Morocco,False,M,2017,8542,4980.694,False,True,UN_Comtrade_official_public_preview_reporter_query,2026-09-11T16:05:47+00:00
H5,528,NLD,Netherlands,512,OMN,Oman,False,M,2017,8542,54089.506,False,True,UN_Comtrade_official_public_preview_reporter_query,2026-09-11T16:05:47+00:00
H5,528,NLD,Netherlands,516,NAM,Namibia,False,M,2017,8542,2968.761,False,True,UN_Comtrade_official_public_preview_reporter_query,2026-09-11T16:05:47+00:00
H5,528,NLD,Netherlands,531,CUW,Curaçao,False,M,2017,8542,202.21,False,True,UN_Comtrade_official_public_preview_reporter_query,2026-09-11T16:05:47+00:00
H5,528,NLD,Netherlands,534,SXM,Saint Maarten,False,M,2017,8542,3112.228,False,True,UN_Comtrade_official_public_preview_reporter_query,2026-09-11T16:05:47+00:00
H5,528,NLD,Netherlands,535,BES,Bonaire,False,M,2017,8542,257.564,False,True,UN_Comtrade_official_public_preview_reporter_query,2026-09-11T16:05:47+00:00
H5,528,NLD,Netherlands,554,NZL,New Zealand,False,M,2017,8542,98248.124,False,True,UN_Comtrade_official_public_preview_reporter_query,2026-09-11T16:05:47+00:00
H5,528,NLD,Netherlands,566,NGA,Nigeria,False,M,2017,8542,8901.763,False,True,UN_Comtrade_official_public_preview_reporter_query,2026-09-11T16:05:47+00:00
H5,528,NLD,Netherlands,568,E19,"Other Europe, nes",False,M,2017,8542,2386116.41,False,True,UN_Comtrade_official_public_preview_reporter_query,2026-09-11T16:05:47+00:00
H5,528,NLD,Netherlands,579,NOR,Norway,False,M,2017,8542,964629.141,False,True,UN_Comtrade_official_public_preview_reporter_query,2026-09-11T16:05:47+00:00
H5,528,NLD,Netherlands,584,MHL,Marshall Isds,False,M,2017,8542,5126049.653,False,True,UN_Comtrade_official_public_preview_reporter_query,2026-09-11T16:05:47+00:00
H5,528,NLD,Netherlands,586,PAK,Pakistan,False,M,2017,8542,5220.184,False,True,UN_Comtrade_official_public_preview_reporter_query,2026-09-11T16:05:47+00:00
H5,528,NLD,Netherlands,591,PAN,Panama,False,M,2017,8542,1400.785,False,True,UN_Comtrade_official_public_preview_reporter_query,2026-09-11T16:05:47+00:00
H5,528,NLD,Netherlands,604,PER,Peru,False,M,2017,8542,982.809,False,True,UN_Comtrade_official_public_preview_reporter_query,2026-09-11T16:05:47+00:00
H5,528,NLD,Netherlands,608,PHL,Philippines,False,M,2017,8542,80998339.013,False,True,UN_Comtrade_official_public_preview_reporter_query,2026-09-11T16:05:47+00:00
H5,528,NLD,Netherlands,616,POL,Poland,False,M,2017,8542,5529677.949,False,True,UN_Comtrade_official_public_preview_reporter_query,2026-09-11T16:05:47+00:00
H5,528,NLD,Netherlands,620,PRT,Portugal,False,M,2017,8542,719227.421,False,True,UN_Comtrade_official_public_preview_reporter_query,2026-09-11T16:05:47+00:00
H5,528,NLD,Netherlands,624,GNB,Guinea-Bissau,False,M,2017,8542,8034.18,False,True,UN_Comtrade_official_public_preview_reporter_query,2026-09-11T16:05:47+00:00
H5,528,NLD,Netherlands,634,QAT,Qatar,False,M,2017,8542,33668.546,False,True,UN_Comtrade_official_public_preview_reporter_query,2026-09-11T16:05:47+00:00
H5,528,NLD,Netherlands,642,ROU,Romania,False,M,2017,8542,1559382.128,False,True,UN_Comtrade_official_public_preview_reporter_query,2026-09-11T16:05:47+00:00
H5,528,NLD,Netherlands,643,RUS,Russian Federation,False,M,2017,8542,860567.759,False,True,UN_Comtrade_official_public_preview_reporter_query,2026-09-11T16:05:47+00:00
H5,528,NLD,Netherlands,662,LCA,Saint Lucia,False,M,2017,8542,269.99,False,True,UN_Comtrade_official_public_preview_reporter_query,2026-09-11T16:05:47+00:00
H5,528,NLD,Netherlands,682,SAU,Saudi Arabia,False,M,2017,8542,198228.026,False,True,UN_Comtrade_official_public_preview_reporter_query,2026-09-11T16:05:47+00:00
H5,528,NLD,Netherlands,686,SEN,Senegal,False,M,2017,8542,4976.176,False,True,UN_Comtrade_official_public_preview_reporter_query,2026-09-11T16:05:47+00:00
H5,528,NLD,Netherlands,688,SRB,Serbia,False,M,2017,8542,1390185.372,False,True,UN_Comtrade_official_public_preview_reporter_query,2026-09-11T16:05:47+00:00
H5,528,NLD,Netherlands,699,IND,India,False,M,2017,8542,409646.024,False,True,UN_Comtrade_official_public_preview_reporter_query,2026-09-11T16:05:47+00:00
H5,528,NLD,Netherlands,702,SGP,Singapore,False,M,2017,8542,475931002.485,False,True,UN_Comtrade_official_public_preview_reporter_query,2026-09-11T16:05:47+00:00
H5,528,NLD,Netherlands,703,SVK,Slovakia,False,M,2017,8542,639758.853,False,True,UN_Comtrade_official_public_preview_reporter_query,2026-09-11T16:05:47+00:00
H5,528,NLD,Netherlands,704,VNM,Viet Nam,False,M,2017,8542,1546424930.62,False,True,UN_Comtrade_official_public_preview_reporter_query,2026-09-11T16:05:47+00:00
H5,528,NLD,Netherlands,705,SVN,Slovenia,False,M,2017,8542,205655.575,False,True,UN_Comtrade_official_public_preview_reporter_query,2026-09-11T16:05:47+00:00
H5,528,NLD,Netherlands,710,ZAF,South Africa,False,M,2017,8542,869019.915,False,True,UN_Comtrade_official_public_preview_reporter_query,2026-09-11T16:05:47+00:00
H5,528,NLD,Netherlands,716,ZWE,Zimbabwe,False,M,2017,8542,195.432,False,True,UN_Comtrade_official_public_preview_reporter_query,2026-09-11T16:05:47+00:00
H5,528,NLD,Netherlands,724,ESP,Spain,False,M,2017,8542,3452358.949,False,True,UN_Comtrade_official_public_preview_reporter_query,2026-09-11T16:05:47+00:00
H5,528,NLD,Netherlands,748,SWZ,Eswatini,False,M,2017,8542,222.544,False,True,UN_Comtrade_official_public_preview_reporter_query,2026-09-11T16:05:47+00:00
H5,528,NLD,Netherlands,752,SWE,Sweden,False,M,2017,8542,8108906.131,False,True,UN_Comtrade_official_public_preview_reporter_query,2026-09-11T16:05:47+00:00
H5,528,NLD,Netherlands,757,CHE,Switzerland,False,M,2017,8542,5040584.822,False,True,UN_Comtrade_official_public_preview_reporter_query,2026-09-11T16:05:47+00:00
H5,528,NLD,Netherlands,762,TJK,Tajikistan,False,M,2017,8542,140.079,False,True,UN_Comtrade_official_public_preview_reporter_query,2026-09-11T16:05:47+00:00
H5,528,NLD,Netherlands,764,THA,Thailand,False,M,2017,8542,75604488.635,False,True,UN_Comtrade_official_public_preview_reporter_query,2026-09-11T16:05:47+00:00
H5,528,NLD,Netherlands,784,ARE,United Arab Emirates,False,M,2017,8542,32117342.443,False,True,UN_Comtrade_official_public_preview_reporter_query,2026-09-11T16:05:47+00:00
H5,528,NLD,Netherlands,788,TUN,Tunisia,False,M,2017,8542,98524.892,False,True,UN_Comtrade_official_public_preview_reporter_query,2026-09-11T16:05:47+00:00
H5,528,NLD,Netherlands,792,TUR,Türkiye,False,M,2017,8542,1060471.079,False,True,UN_Comtrade_official_public_preview_reporter_query,2026-09-11T16:05:47+00:00
H5,528,NLD,Netherlands,800,UGA,Uganda,False,M,2017,8542,2163.309,False,True,UN_Comtrade_official_public_preview_reporter_query,2026-09-11T16:05:47+00:00
H5,528,NLD,Netherlands,804,UKR,Ukraine,False,M,2017,8542,73052.069,False,True,UN_Comtrade_official_public_preview_reporter_query,2026-09-11T16:05:47+00:00
H5,528,NLD,Netherlands,807,MKD,North Macedonia,False,M,2017,8542,31174.245,False,True,UN_Comtrade_official_public_preview_reporter_query,2026-09-11T16:05:47+00:00
H5,528,NLD,Netherlands,818,EGY,Egypt,False,M,2017,8542,61495.592,False,True,UN_Comtrade_official_public_preview_reporter_query,2026-09-11T16:05:47+00:00
H5,528,NLD,Netherlands,826,GBR,United Kingdom,False,M,2017,8542,56450951.793,False,True,UN_Comtrade_official_public_preview_reporter_query,2026-09-11T16:05:47+00:00
H5,528,NLD,Netherlands,834,TZA,United Rep. of Tanzania,False,M,2017,8542,43624.286,False,True,UN_Comtrade_official_public_preview_reporter_query,2026-09-11T16:05:47+00:00
H5,528,NLD,Netherlands,842,USA,USA,False,M,2017,8542,409409112.427,False,True,UN_Comtrade_official_public_preview_reporter_query,2026-09-11T16:05:47+00:00
H5,528,NLD,Netherlands,858,URY,Uruguay,False,M,2017,8542,904.862,False,True,UN_Comtrade_official_public_preview_reporter_query,2026-09-11T16:05:47+00:00
H5,528,NLD,Netherlands,860,UZB,Uzbekistan,False,M,2017,8542,79601.868,False,True,UN_Comtrade_official_public_preview_reporter_query,2026-09-11T16:05:47+00:00
H5,528,NLD,Netherlands,862,VEN,Venezuela,False,M,2017,8542,1238.113,False,True,UN_Comtrade_official_public_preview_reporter_query,2026-09-11T16:05:47+00:00
H5,528,NLD,Netherlands,894,ZMB,Zambia,False,M,2017,8542,13127.841,False,True,UN_Comtrade_official_public_preview_reporter_query,2026-09-11T16:05:47+00:00
H5,528,NLD,Netherlands,899,_X ,"Areas, nes",False,M,2017,8542,47.446,False,True,UN_Comtrade_official_public_preview_reporter_query,2026-09-11T16:05:47+00:00
H5,528,NLD,Netherlands,8,ALB,Albania,False,X,2017,8542,22089.425,False,True,UN_Comtrade_official_public_preview_reporter_query,2026-09-11T16:05:47+00:00
H5,528,NLD,Netherlands,12,DZA,Algeria,False,X,2017,8542,76325.35,False,True,UN_Comtrade_official_public_preview_reporter_query,2026-09-11T16:05:47+00:00
H5,528,NLD,Netherlands,24,AGO,Angola,False,X,2017,8542,10651.126,False,True,UN_Comtrade_official_public_preview_reporter_query,2026-09-11T16:05:47+00:00
H5,528,NLD,Netherlands,28,ATG,Antigua and Barbuda,False,X,2017,8542,17823.78,False,True,UN_Comtrade_official_public_preview_reporter_query,2026-09-11T16:05:47+00:00
H5,528,NLD,Netherlands,31,AZE,Azerbaijan,False,X,2017,8542,19813.737,False,True,UN_Comtrade_official_public_preview_reporter_query,2026-09-11T16:05:47+00:00
H5,528,NLD,Netherlands,32,ARG,Argentina,False,X,2017,8542,141190.943,False,True,UN_Comtrade_official_public_preview_reporter_query,2026-09-11T16:05:47+00:00
H5,528,NLD,Netherlands,36,AUS,Australia,False,X,2017,8542,807591.595,False,True,UN_Comtrade_official_public_preview_reporter_query,2026-09-11T16:05:47+00:00
H5,528,NLD,Netherlands,40,AUT,Austria,False,X,2017,8542,39098022.65,False,True,UN_Comtrade_official_public_preview_reporter_query,2026-09-11T16:05:47+00:00
H5,528,NLD,Netherlands,44,BHS,Bahamas,False,X,2017,8542,9580.479,False,True,UN_Comtrade_official_public_preview_reporter_query,2026-09-11T16:05:47+00:00
H5,528,NLD,Netherlands,48,BHR,Bahrain,False,X,2017,8542,126418.732,False,True,UN_Comtrade_official_public_preview_reporter_query,2026-09-11T16:05:47+00:00
H5,528,NLD,Netherlands,50,BGD,Bangladesh,False,X,2017,8542,63561.166,False,True,UN_Comtrade_official_public_preview_reporter_query,2026-09-11T16:05:47+00:00
H5,528,NLD,Netherlands,51,ARM,Armenia,False,X,2017,8542,1603.711,False,True,UN_Comtrade_official_public_preview_reporter_query,2026-09-11T16:05:47+00:00
H5,528,NLD,Netherlands,52,BRB,Barbados,False,X,2017,8542,2258.748,False,True,UN_Comtrade_official_public_preview_reporter_query,2026-09-11T16:05:47+00:00
H5,528,NLD,Netherlands,56,BEL,Belgium,False,X,2017,8542,121743459.112,False,True,UN_Comtrade_official_public_preview_reporter_query,2026-09-11T16:05:47+00:00
H5,528,NLD,Netherlands,68,BOL,Bolivia (Plurinational State of),False,X,2017,8542,4489.261,False,True,UN_Comtrade_official_public_preview_reporter_query,2026-09-11T16:05:47+00:00
H5,528,NLD,Netherlands,70,BIH,Bosnia Herzegovina,False,X,2017,8542,139422.344,False,True,UN_Comtrade_official_public_preview_reporter_query,2026-09-11T16:05:47+00:00
H5,528,NLD,Netherlands,72,BWA,Botswana,False,X,2017,8542,8209.419,False,True,UN_Comtrade_official_public_preview_reporter_query,2026-09-11T16:05:47+00:00
H5,528,NLD,Netherlands,76,BRA,Brazil,False,X,2017,8542,30300511.287,False,True,UN_Comtrade_official_public_preview_reporter_query,2026-09-11T16:05:47+00:00
H5,528,NLD,Netherlands,90,SLB,Solomon Isds,False,X,2017,8542,1666.956,False,True,UN_Comtrade_official_public_preview_reporter_query,2026-09-11T16:05:47+00:00
H5,528,NLD,Netherlands,92,VGB,Br. Virgin Isds,False,X,2017,8542,2555.773,False,True,UN_Comtrade_official_public_preview_reporter_query,2026-09-11T16:05:47+00:00
H5,528,NLD,Netherlands,96,BRN,Brunei Darussalam,False,X,2017,8542,79826.41,False,True,UN_Comtrade_official_public_preview_reporter_query,2026-09-11T16:05:47+00:00
H5,528,NLD,Netherlands,100,BGR,Bulgaria,False,X,2017,8542,16576240.462,False,True,UN_Comtrade_official_public_preview_reporter_query,2026-09-11T16:05:47+00:00
H5,528,NLD,Netherlands,104,MMR,Myanmar,False,X,2017,8542,656.166,False,True,UN_Comtrade_official_public_preview_reporter_query,2026-09-11T16:05:47+00:00
H5,528,NLD,Netherlands,112,BLR,Belarus,False,X,2017,8542,2236328.698,False,True,UN_Comtrade_official_public_preview_reporter_query,2026-09-11T16:05:47+00:00
H5,528,NLD,Netherlands,124,CAN,Canada,False,X,2017,8542,4053347.953,False,True,UN_Comtrade_official_public_preview_reporter_query,2026-09-11T16:05:47+00:00
H5,528,NLD,Netherlands,144,LKA,Sri Lanka,False,X,2017,8542,754908.559,False,True,UN_Comtrade_official_public_preview_reporter_query,2026-09-11T16:05:47+00:00
H5,528,NLD,Netherlands,152,CHL,Chile,False,X,2017,8542,26719.858,False,True,UN_Comtrade_official_public_preview_reporter_query,2026-09-11T16:05:47+00:00
H5,528,NLD,Netherlands,156,CHN,China,False,X,2017,8542,266766905.614,False,True,UN_Comtrade_official_public_preview_reporter_query,2026-09-11T16:05:47+00:00
H5,528,NLD,Netherlands,170,COL,Colombia,False,X,2017,8542,44322.281,False,True,UN_Comtrade_official_public_preview_reporter_query,2026-09-11T16:05:47+00:00
H5,528,NLD,Netherlands,178,COG,Congo,False,X,2017,8542,4683.514,False,True,UN_Comtrade_official_public_preview_reporter_query,2026-09-11T16:05:47+00:00
H5,528,NLD,Netherlands,180,COD,Dem. Rep. of the Congo,False,X,2017,8542,20098.339,False,True,UN_Comtrade_official_public_preview_reporter_query,2026-09-11T16:05:47+00:00
H5,528,NLD,Netherlands,188,CRI,Costa Rica,False,X,2017,8542,54034.897,False,True,UN_Comtrade_official_public_preview_reporter_query,2026-09-11T16:05:47+00:00
H5,528,NLD,Netherlands,191,HRV,Croatia,False,X,2017,8542,956359.508,False,True,UN_Comtrade_official_public_preview_reporter_query,2026-09-11T16:05:47+00:00
H5,528,NLD,Netherlands,192,CUB,Cuba,False,X,2017,8542,90.35,False,True,UN_Comtrade_official_public_preview_reporter_query,2026-09-11T16:05:47+00:00
H5,528,NLD,Netherlands,196,CYP,Cyprus,False,X,2017,8542,547361.249,False,True,UN_Comtrade_official_public_preview_reporter_query,2026-09-11T16:05:47+00:00
H5,528,NLD,Netherlands,203,CZE,Czechia,False,X,2017,8542,1843145569.733,False,True,UN_Comtrade_official_public_preview_reporter_query,2026-09-11T16:05:47+00:00
H5,528,NLD,Netherlands,204,BEN,Benin,False,X,2017,8542,831.219,False,True,UN_Comtrade_official_public_preview_reporter_query,2026-09-11T16:05:47+00:00
H5,528,NLD,Netherlands,208,DNK,Denmark,False,X,2017,8542,59348935.367,False,True,UN_Comtrade_official_public_preview_reporter_query,2026-09-11T16:05:47+00:00
H5,528,NLD,Netherlands,214,DOM,Dominican Rep.,False,X,2017,8542,7919.17,False,True,UN_Comtrade_official_public_preview_reporter_query,2026-09-11T16:05:47+00:00
H5,528,NLD,Netherlands,218,ECU,Ecuador,False,X,2017,8542,10758.416,False,True,UN_Comtrade_official_public_preview_reporter_query,2026-09-11T16:05:47+00:00
H5,528,NLD,Netherlands,226,GNQ,Equatorial Guinea,False,X,2017,8542,474.337,False,True,UN_Comtrade_official_public_preview_reporter_query,2026-09-11T16:05:47+00:00
H5,528,NLD,Netherlands,231,ETH,Ethiopia,False,X,2017,8542,23182.659,False,True,UN_Comtrade_official_public_preview_reporter_query,2026-09-11T16:05:47+00:00
H5,528,NLD,Netherlands,232,ERI,Eritrea,False,X,2017,8542,7670.708,False,True,UN_Comtrade_official_public_preview_reporter_query,2026-09-11T16:05:47+00:00
H5,528,NLD,Netherlands,233,EST,Estonia,False,X,2017,8542,257336208.487,False,True,UN_Comtrade_official_public_preview_reporter_query,2026-09-11T16:05:47+00:00
H5,528,NLD,Netherlands,242,FJI,Fiji,False,X,2017,8542,1293.133,False,True,UN_Comtrade_official_public_preview_reporter_query,2026-09-11T16:05:47+00:00
H5,528,NLD,Netherlands,246,FIN,Finland,False,X,2017,8542,47618294.167,False,True,UN_Comtrade_official_public_preview_reporter_query,2026-09-11T16:05:47+00:00
H5,528,NLD,Netherlands,251,FRA,France,False,X,2017,8542,249246173.106,False,True,UN_Comtrade_official_public_preview_reporter_query,2026-09-11T16:05:47+00:00
H5,528,NLD,Netherlands,266,GAB,Gabon,False,X,2017,8542,1100.01,False,True,UN_Comtrade_official_public_preview_reporter_query,2026-09-11T16:05:47+00:00
H5,528,NLD,Netherlands,268,GEO,Georgia,False,X,2017,8542,47718.308,False,True,UN_Comtrade_official_public_preview_reporter_query,2026-09-11T16:05:47+00:00
H5,528,NLD,Netherlands,270,GMB,Gambia,False,X,2017,8542,1540.466,False,True,UN_Comtrade_official_public_preview_reporter_query,2026-09-11T16:05:47+00:00
H5,528,NLD,Netherlands,276,DEU,Germany,False,X,2017,8542,1523081910.484,False,True,UN_Comtrade_official_public_preview_reporter_query,2026-09-11T16:05:47+00:00
H5,528,NLD,Netherlands,288,GHA,Ghana,False,X,2017,8542,54054.096,False,True,UN_Comtrade_official_public_preview_reporter_query,2026-09-11T16:05:47+00:00
H5,528,NLD,Netherlands,292,GIB,Gibraltar,False,X,2017,8542,946.415,False,True,UN_Comtrade_official_public_preview_reporter_query,2026-09-11T16:05:47+00:00
H5,528,NLD,Netherlands,300,GRC,Greece,False,X,2017,8542,8335281.193,False,True,UN_Comtrade_official_public_preview_reporter_query,2026-09-11T16:05:47+00:00
H5,528,NLD,Netherlands,320,GTM,Guatemala,False,X,2017,8542,3677.242,False,True,UN_Comtrade_official_public_preview_reporter_query,2026-09-11T16:05:47+00:00
H5,528,NLD,Netherlands,324,GIN,Guinea,False,X,2017,8542,149.077,False,True,UN_Comtrade_official_public_preview_reporter_query,2026-09-11T16:05:47+00:00
H5,528,NLD,Netherlands,328,GUY,Guyana,False,X,2017,8542,13779.492,False,True,UN_Comtrade_official_public_preview_reporter_query,2026-09-11T16:05:47+00:00
H5,528,NLD,Netherlands,334,HMD,Heard Island and McDonald Islands,False,X,2017,8542,61030.239,False,True,UN_Comtrade_official_public_preview_reporter_query,2026-09-11T16:05:47+00:00
H5,528,NLD,Netherlands,344,HKG,"China, Hong Kong SAR",False,X,2017,8542,76913455.962,False,True,UN_Comtrade_official_public_preview_reporter_query,2026-09-11T16:05:47+00:00
H5,528,NLD,Netherlands,348,HUN,Hungary,False,X,2017,8542,597863327.501,False,True,UN_Comtrade_official_public_preview_reporter_query,2026-09-11T16:05:47+00:00
H5,528,NLD,Netherlands,352,ISL,Iceland,False,X,2017,8542,276652.572,False,True,UN_Comtrade_official_public_preview_reporter_query,2026-09-11T16:05:47+00:00
H5,528,NLD,Netherlands,360,IDN,Indonesia,False,X,2017,8542,130599.674,False,True,UN_Comtrade_official_public_preview_reporter_query,2026-09-11T16:05:47+00:00
H5,528,NLD,Netherlands,364,IRN,Iran,False,X,2017,8542,16527.258,False,True,UN_Comtrade_official_public_preview_reporter_query,2026-09-11T16:05:47+00:00
H5,528,NLD,Netherlands,368,IRQ,Iraq,False,X,2017,8542,28348.416,False,True,UN_Comtrade_official_public_preview_reporter_query,2026-09-11T16:05:47+00:00
H5,528,NLD,Netherlands,372,IRL,Ireland,False,X,2017,8542,17807238.868,False,True,UN_Comtrade_official_public_preview_reporter_query,2026-09-11T16:05:47+00:00
H5,528,NLD,Netherlands,376,ISR,Israel,False,X,2017,8542,147128295.743,False,True,UN_Comtrade_official_public_preview_reporter_query,2026-09-11T16:05:47+00:00
H5,528,NLD,Netherlands,380,ITA,Italy,False,X,2017,8542,253589033.812,False,True,UN_Comtrade_official_public_preview_reporter_query,2026-09-11T16:05:47+00:00
H5,528,NLD,Netherlands,384,CIV,Côte d'Ivoire,False,X,2017,8542,40942.064,False,True,UN_Comtrade_official_public_preview_reporter_query,2026-09-11T16:05:47+00:00
H5,528,NLD,Netherlands,392,JPN,Japan,False,X,2017,8542,2875719.242,False,True,UN_Comtrade_official_public_preview_reporter_query,2026-09-11T16:05:47+00:00
H5,528,NLD,Netherlands,398,KAZ,Kazakhstan,False,X,2017,8542,667522.12,False,True,UN_Comtrade_official_public_preview_reporter_query,2026-09-11T16:05:47+00:00
H5,528,NLD,Netherlands,400,JOR,Jordan,False,X,2017,8542,154600.0,False,True,UN_Comtrade_official_public_preview_reporter_query,2026-09-11T16:05:47+00:00
H5,528,NLD,Netherlands,404,KEN,Kenya,False,X,2017,8542,167788.829,False,True,UN_Comtrade_official_public_preview_reporter_query,2026-09-11T16:05:47+00:00
H5,528,NLD,Netherlands,410,KOR,Rep. of Korea,False,X,2017,8542,40148417.221,False,True,UN_Comtrade_official_public_preview_reporter_query,2026-09-11T16:05:47+00:00
H5,528,NLD,Netherlands,414,KWT,Kuwait,False,X,2017,8542,237998.619,False,True,UN_Comtrade_official_public_preview_reporter_query,2026-09-11T16:05:47+00:00
H5,528,NLD,Netherlands,417,KGZ,Kyrgyzstan,False,X,2017,8542,41267.324,False,True,UN_Comtrade_official_public_preview_reporter_query,2026-09-11T16:05:47+00:00
H5,528,NLD,Netherlands,422,LBN,Lebanon,False,X,2017,8542,1304478.863,False,True,UN_Comtrade_official_public_preview_reporter_query,2026-09-11T16:05:47+00:00
H5,528,NLD,Netherlands,428,LVA,Latvia,False,X,2017,8542,18129370.2,False,True,UN_Comtrade_official_public_preview_reporter_query,2026-09-11T16:05:47+00:00
H5,528,NLD,Netherlands,430,LBR,Liberia,False,X,2017,8542,1003041.051,False,True,UN_Comtrade_official_public_preview_reporter_query,2026-09-11T16:05:47+00:00
H5,528,NLD,Netherlands,434,LBY,Libya,False,X,2017,8542,155.854,False,True,UN_Comtrade_official_public_preview_reporter_query,2026-09-11T16:05:47+00:00
H5,528,NLD,Netherlands,440,LTU,Lithuania,False,X,2017,8542,10244519.478,False,True,UN_Comtrade_official_public_preview_reporter_query,2026-09-11T16:05:47+00:00
H5,528,NLD,Netherlands,442,LUX,Luxembourg,False,X,2017,8542,1176535.477,False,True,UN_Comtrade_official_public_preview_reporter_query,2026-09-11T16:05:47+00:00
H5,528,NLD,Netherlands,450,MDG,Madagascar,False,X,2017,8542,1526.914,False,True,UN_Comtrade_official_public_preview_reporter_query,2026-09-11T16:05:47+00:00
H5,528,NLD,Netherlands,454,MWI,Malawi,False,X,2017,8542,158.112,False,True,UN_Comtrade_official_public_preview_reporter_query,2026-09-11T16:05:47+00:00
H5,528,NLD,Netherlands,458,MYS,Malaysia,False,X,2017,8542,67498838.861,False,True,UN_Comtrade_official_public_preview_reporter_query,2026-09-11T16:05:47+00:00
H5,528,NLD,Netherlands,466,MLI,Mali,False,X,2017,8542,2809.882,False,True,UN_Comtrade_official_public_preview_reporter_query,2026-09-11T16:05:47+00:00
H5,528,NLD,Netherlands,470,MLT,Malta,False,X,2017,8542,3009792.87,False,True,UN_Comtrade_official_public_preview_reporter_query,2026-09-11T16:05:47+00:00
H5,528,NLD,Netherlands,478,MRT,Mauritania,False,X,2017,8542,8429.647,False,True,UN_Comtrade_official_public_preview_reporter_query,2026-09-11T16:05:47+00:00
H5,528,NLD,Netherlands,480,MUS,Mauritius,False,X,2017,8542,88437.886,False,True,UN_Comtrade_official_public_preview_reporter_query,2026-09-11T16:05:47+00:00
H5,528,NLD,Netherlands,484,MEX,Mexico,False,X,2017,8542,78314181.203,False,True,UN_Comtrade_official_public_preview_reporter_query,2026-09-11T16:05:47+00:00
H5,528,NLD,Netherlands,490,S19,"Other Asia, nes",False,X,2017,8542,53344413.216,False,True,UN_Comtrade_official_public_preview_reporter_query,2026-09-11T16:05:47+00:00
H5,528,NLD,Netherlands,496,MNG,Mongolia,False,X,2017,8542,2768.096,False,True,UN_Comtrade_official_public_preview_reporter_query,2026-09-11T16:05:47+00:00
H5,528,NLD,Netherlands,498,MDA,Rep. of Moldova,False,X,2017,8542,1627867.188,False,True,UN_Comtrade_official_public_preview_reporter_query,2026-09-11T16:05:47+00:00
H5,528,NLD,Netherlands,499,MNE,Montenegro,False,X,2017,8542,12384.715,False,True,UN_Comtrade_official_public_preview_reporter_query,2026-09-11T16:05:47+00:00
H5,528,NLD,Netherlands,504,MAR,Morocco,False,X,2017,8542,1303273.821,False,True,UN_Comtrade_official_public_preview_reporter_query,2026-09-11T16:05:47+00:00
H5,528,NLD,Netherlands,508,MOZ,Mozambique,False,X,2017,8542,1650.015,False,True,UN_Comtrade_official_public_preview_reporter_query,2026-09-11T16:05:47+00:00
H5,528,NLD,Netherlands,512,OMN,Oman,False,X,2017,8542,150338.872,False,True,UN_Comtrade_official_public_preview_reporter_query,2026-09-11T16:05:47+00:00
H5,528,NLD,Netherlands,516,NAM,Namibia,False,X,2017,8542,12971.989,False,True,UN_Comtrade_official_public_preview_reporter_query,2026-09-11T16:05:47+00:00
H5,528,NLD,Netherlands,524,NPL,Nepal,False,X,2017,8542,28387.944,False,True,UN_Comtrade_official_public_preview_reporter_query,2026-09-11T16:05:47+00:00
H5,528,NLD,Netherlands,531,CUW,Curaçao,False,X,2017,8542,812347.388,False,True,UN_Comtrade_official_public_preview_reporter_query,2026-09-11T16:05:47+00:00
H5,528,NLD,Netherlands,533,ABW,Aruba,False,X,2017,8542,501650.968,False,True,UN_Comtrade_official_public_preview_reporter_query,2026-09-11T16:05:47+00:00
H5,528,NLD,Netherlands,534,SXM,Saint Maarten,False,X,2017,8542,1046973.697,False,True,UN_Comtrade_official_public_preview_reporter_query,2026-09-11T16:05:47+00:00
H5,528,NLD,Netherlands,535,BES,Bonaire,False,X,2017,8542,646332.806,False,True,UN_Comtrade_official_public_preview_reporter_query,2026-09-11T16:05:47+00:00
H5,528,NLD,Netherlands,540,NCL,New Caledonia,False,X,2017,8542,3254.856,False,True,UN_Comtrade_official_public_preview_reporter_query,2026-09-11T16:05:47+00:00
H5,528,NLD,Netherlands,554,NZL,New Zealand,False,X,2017,8542,93542.656,False,True,UN_Comtrade_official_public_preview_reporter_query,2026-09-11T16:05:47+00:00
H5,528,NLD,Netherlands,562,NER,Niger,False,X,2017,8542,2309.57,False,True,UN_Comtrade_official_public_preview_reporter_query,2026-09-11T16:05:47+00:00
H5,528,NLD,Netherlands,566,NGA,Nigeria,False,X,2017,8542,323335.244,False,True,UN_Comtrade_official_public_preview_reporter_query,2026-09-11T16:05:47+00:00
H5,528,NLD,Netherlands,568,E19,"Other Europe, nes",False,X,2017,8542,337308.988,False,True,UN_Comtrade_official_public_preview_reporter_query,2026-09-11T16:05:47+00:00
H5,528,NLD,Netherlands,579,NOR,Norway,False,X,2017,8542,57211852.664,False,True,UN_Comtrade_official_public_preview_reporter_query,2026-09-11T16:05:47+00:00
H5,528,NLD,Netherlands,586,PAK,Pakistan,False,X,2017,8542,112141.186,False,True,UN_Comtrade_official_public_preview_reporter_query,2026-09-11T16:05:47+00:00
H5,528,NLD,Netherlands,591,PAN,Panama,False,X,2017,8542,10018.676,False,True,UN_Comtrade_official_public_preview_reporter_query,2026-09-11T16:05:47+00:00
H5,528,NLD,Netherlands,598,PNG,Papua New Guinea,False,X,2017,8542,12320.34,False,True,UN_Comtrade_official_public_preview_reporter_query,2026-09-11T16:05:47+00:00
H5,528,NLD,Netherlands,604,PER,Peru,False,X,2017,8542,18670.81,False,True,UN_Comtrade_official_public_preview_reporter_query,2026-09-11T16:05:47+00:00
H5,528,NLD,Netherlands,608,PHL,Philippines,False,X,2017,8542,8267445.347,False,True,UN_Comtrade_official_public_preview_reporter_query,2026-09-11T16:05:47+00:00
H5,528,NLD,Netherlands,616,POL,Poland,False,X,2017,8542,1532204208.337,False,True,UN_Comtrade_official_public_preview_reporter_query,2026-09-11T16:05:47+00:00
H5,528,NLD,Netherlands,620,PRT,Portugal,False,X,2017,8542,22234787.939,False,True,UN_Comtrade_official_public_preview_reporter_query,2026-09-11T16:05:47+00:00
H5,528,NLD,Netherlands,634,QAT,Qatar,False,X,2017,8542,313667.803,False,True,UN_Comtrade_official_public_preview_reporter_query,2026-09-11T16:05:47+00:00
H5,528,NLD,Netherlands,642,ROU,Romania,False,X,2017,8542,117573913.262,False,True,UN_Comtrade_official_public_preview_reporter_query,2026-09-11T16:05:47+00:00
H5,528,NLD,Netherlands,643,RUS,Russian Federation,False,X,2017,8542,214280621.218,False,True,UN_Comtrade_official_public_preview_reporter_query,2026-09-11T16:05:47+00:00
H5,528,NLD,Netherlands,674,SMR,San Marino,False,X,2017,8542,273412.398,False,True,UN_Comtrade_official_public_preview_reporter_query,2026-09-11T16:05:47+00:00
H5,528,NLD,Netherlands,682,SAU,Saudi Arabia,False,X,2017,8542,1390697.53,False,True,UN_Comtrade_official_public_preview_reporter_query,2026-09-11T16:05:47+00:00
H5,528,NLD,Netherlands,686,SEN,Senegal,False,X,2017,8542,59813.903,False,True,UN_Comtrade_official_public_preview_reporter_query,2026-09-11T16:05:47+00:00
H5,528,NLD,Netherlands,688,SRB,Serbia,False,X,2017,8542,2315313.724,False,True,UN_Comtrade_official_public_preview_reporter_query,2026-09-11T16:05:47+00:00
H5,528,NLD,Netherlands,699,IND,India,False,X,2017,8542,5297445.967,False,True,UN_Comtrade_official_public_preview_reporter_query,2026-09-11T16:05:47+00:00
H5,528,NLD,Netherlands,702,SGP,Singapore,False,X,2017,8542,39722002.887,False,True,UN_Comtrade_official_public_preview_reporter_query,2026-09-11T16:05:47+00:00
H5,528,NLD,Netherlands,703,SVK,Slovakia,False,X,2017,8542,24571190.462,False,True,UN_Comtrade_official_public_preview_reporter_query,2026-09-11T16:05:47+00:00
H5,528,NLD,Netherlands,704,VNM,Viet Nam,False,X,2017,8542,16752006.059,False,True,UN_Comtrade_official_public_preview_reporter_query,2026-09-11T16:05:47+00:00
H5,528,NLD,Netherlands,705,SVN,Slovenia,False,X,2017,8542,9522901.475,False,True,UN_Comtrade_official_public_preview_reporter_query,2026-09-11T16:05:47+00:00
H5,528,NLD,Netherlands,710,ZAF,South Africa,False,X,2017,8542,18905578.751,False,True,UN_Comtrade_official_public_preview_reporter_query,2026-09-11T16:05:47+00:00
H5,528,NLD,Netherlands,716,ZWE,Zimbabwe,False,X,2017,8542,14723.648,False,True,UN_Comtrade_official_public_preview_reporter_query,2026-09-11T16:05:47+00:00
H5,528,NLD,Netherlands,724,ESP,Spain,False,X,2017,8542,90364731.127,False,True,UN_Comtrade_official_public_preview_reporter_query,2026-09-11T16:05:47+00:00
H5,528,NLD,Netherlands,729,SDN,Sudan,False,X,2017,8542,591.792,False,True,UN_Comtrade_official_public_preview_reporter_query,2026-09-11T16:05:47+00:00
H5,528,NLD,Netherlands,740,SUR,Suriname,False,X,2017,8542,617510.053,False,True,UN_Comtrade_official_public_preview_reporter_query,2026-09-11T16:05:47+00:00
H5,528,NLD,Netherlands,748,SWZ,Eswatini,False,X,2017,8542,18713.726,False,True,UN_Comtrade_official_public_preview_reporter_query,2026-09-11T16:05:47+00:00
H5,528,NLD,Netherlands,752,SWE,Sweden,False,X,2017,8542,140537246.783,False,True,UN_Comtrade_official_public_preview_reporter_query,2026-09-11T16:05:47+00:00
H5,528,NLD,Netherlands,757,CHE,Switzerland,False,X,2017,8542,80292767.566,False,True,UN_Comtrade_official_public_preview_reporter_query,2026-09-11T16:05:47+00:00
H5,528,NLD,Netherlands,764,THA,Thailand,False,X,2017,8542,151130147.631,False,True,UN_Comtrade_official_public_preview_reporter_query,2026-09-11T16:05:47+00:00
H5,528,NLD,Netherlands,780,TTO,Trinidad and Tobago,False,X,2017,8542,4392.135,False,True,UN_Comtrade_official_public_preview_reporter_query,2026-09-11T16:05:47+00:00
H5,528,NLD,Netherlands,784,ARE,United Arab Emirates,False,X,2017,8542,188278284.699,False,True,UN_Comtrade_official_public_preview_reporter_query,2026-09-11T16:05:47+00:00
H5,528,NLD,Netherlands,788,TUN,Tunisia,False,X,2017,8542,31567779.537,False,True,UN_Comtrade_official_public_preview_reporter_query,2026-09-11T16:05:47+00:00
H5,528,NLD,Netherlands,792,TUR,Türkiye,False,X,2017,8542,56174078.847,False,True,UN_Comtrade_official_public_preview_reporter_query,2026-09-11T16:05:47+00:00
H5,528,NLD,Netherlands,795,TKM,Turkmenistan,False,X,2017,8542,203.287,False,True,UN_Comtrade_official_public_preview_reporter_query,2026-09-11T16:05:47+00:00
H5,528,NLD,Netherlands,800,UGA,Uganda,False,X,2017,8542,41349.768,False,True,UN_Comtrade_official_public_preview_reporter_query,2026-09-11T16:05:47+00:00
H5,528,NLD,Netherlands,804,UKR,Ukraine,False,X,2017,8542,10947736.591,False,True,UN_Comtrade_official_public_preview_reporter_query,2026-09-11T16:05:47+00:00
H5,528,NLD,Netherlands,807,MKD,North Macedonia,False,X,2017,8542,150899.042,False,True,UN_Comtrade_official_public_preview_reporter_query,2026-09-11T16:05:47+00:00
H5,528,NLD,Netherlands,818,EGY,Egypt,False,X,2017,8542,2542647.665,False,True,UN_Comtrade_official_public_preview_reporter_query,2026-09-11T16:05:47+00:00
H5,528,NLD,Netherlands,826,GBR,United Kingdom,False,X,2017,8542,356759548.682,False,True,UN_Comtrade_official_public_preview_reporter_query,2026-09-11T16:05:47+00:00
H5,528,NLD,Netherlands,834,TZA,United Rep. of Tanzania,False,X,2017,8542,40097.293,False,True,UN_Comtrade_official_public_preview_reporter_query,2026-09-11T16:05:47+00:00
H5,528,NLD,Netherlands,837,X1 ,Bunkers,False,X,2017,8542,58275.696,False,True,UN_Comtrade_official_public_preview_reporter_query,2026-09-11T16:05:47+00:00
H5,528,NLD,Netherlands,842,USA,USA,False,X,2017,8542,273298229.891,False,True,UN_Comtrade_official_public_preview_reporter_query,2026-09-11T16:05:47+00:00
H5,528,NLD,Netherlands,854,BFA,Burkina Faso,False,X,2017,8542,4676.738,False,True,UN_Comtrade_official_public_preview_reporter_query,2026-09-11T16:05:47+00:00
H5,528,NLD,Netherlands,858,URY,Uruguay,False,X,2017,8542,17831.685,False,True,UN_Comtrade_official_public_preview_reporter_query,2026-09-11T16:05:47+00:00
H5,528,NLD,Netherlands,860,UZB,Uzbekistan,False,X,2017,8542,17905.095,False,True,UN_Comtrade_official_public_preview_reporter_query,2026-09-11T16:05:47+00:00
H5,528,NLD,Netherlands,887,YEM,Yemen,False,X,2017,8542,5809.5,False,True,UN_Comtrade_official_public_preview_reporter_query,2026-09-11T16:05:47+00:00
H5,528,NLD,Netherlands,894,ZMB,Zambia,False,X,2017,8542,879.782,False,True,UN_Comtrade_official_public_preview_reporter_query,2026-09-11T16:05:47+00:00
H5,528,NLD,Netherlands,899,_X ,"Areas, nes",False,X,2017,8542,61530.552,False,True,UN_Comtrade_official_public_preview_reporter_query,2026-09-11T16:05:47+00:00
H6,528,NLD,Netherlands,8,ALB,Albania,False,M,2022,8542,2899.043,False,True,UN_Comtrade_official_public_preview_reporter_query,2026-09-11T16:05:47+00:00
H6,528,NLD,Netherlands,12,DZA,Algeria,False,M,2022,8542,2658.948,False,True,UN_Comtrade_official_public_preview_reporter_query,2026-09-11T16:05:47+00:00
H6,528,NLD,Netherlands,24,AGO,Angola,False,M,2022,8542,24830.887,False,True,UN_Comtrade_official_public_preview_reporter_query,2026-09-11T16:05:47+00:00
H6,528,NLD,Netherlands,31,AZE,Azerbaijan,False,M,2022,8542,3818.354,False,True,UN_Comtrade_official_public_preview_reporter_query,2026-09-11T16:05:47+00:00
H6,528,NLD,Netherlands,32,ARG,Argentina,False,M,2022,8542,2700.017,False,True,UN_Comtrade_official_public_preview_reporter_query,2026-09-11T16:05:47+00:00
H6,528,NLD,Netherlands,36,AUS,Australia,False,M,2022,8542,5202260.311,False,True,UN_Comtrade_official_public_preview_reporter_query,2026-09-11T16:05:47+00:00
H6,528,NLD,Netherlands,40,AUT,Austria,False,M,2022,8542,14873467.354,False,True,UN_Comtrade_official_public_preview_reporter_query,2026-09-11T16:05:47+00:00
H6,528,NLD,Netherlands,48,BHR,Bahrain,False,M,2022,8542,2169.28,False,True,UN_Comtrade_official_public_preview_reporter_query,2026-09-11T16:05:47+00:00
H6,528,NLD,Netherlands,50,BGD,Bangladesh,False,M,2022,8542,104.252,False,True,UN_Comtrade_official_public_preview_reporter_query,2026-09-11T16:05:47+00:00
H6,528,NLD,Netherlands,51,ARM,Armenia,False,M,2022,8542,1066.738,False,True,UN_Comtrade_official_public_preview_reporter_query,2026-09-11T16:05:47+00:00
H6,528,NLD,Netherlands,56,BEL,Belgium,False,M,2022,8542,64514673.652,False,True,UN_Comtrade_official_public_preview_reporter_query,2026-09-11T16:05:47+00:00
H6,528,NLD,Netherlands,70,BIH,Bosnia Herzegovina,False,M,2022,8542,6152.963,False,True,UN_Comtrade_official_public_preview_reporter_query,2026-09-11T16:05:47+00:00
H6,528,NLD,Netherlands,72,BWA,Botswana,False,M,2022,8542,653.943,False,True,UN_Comtrade_official_public_preview_reporter_query,2026-09-11T16:05:47+00:00
H6,528,NLD,Netherlands,76,BRA,Brazil,False,M,2022,8542,175493.713,False,True,UN_Comtrade_official_public_preview_reporter_query,2026-09-11T16:05:47+00:00
H6,528,NLD,Netherlands,92,VGB,Br. Virgin Isds,False,M,2022,8542,128.472,False,True,UN_Comtrade_official_public_preview_reporter_query,2026-09-11T16:05:47+00:00
H6,528,NLD,Netherlands,100,BGR,Bulgaria,False,M,2022,8542,1562597.801,False,True,UN_Comtrade_official_public_preview_reporter_query,2026-09-11T16:05:47+00:00
H6,528,NLD,Netherlands,104,MMR,Myanmar,False,M,2022,8542,44727.188,False,True,UN_Comtrade_official_public_preview_reporter_query,2026-09-11T16:05:47+00:00
H6,528,NLD,Netherlands,112,BLR,Belarus,False,M,2022,8542,530.737,False,True,UN_Comtrade_official_public_preview_reporter_query,2026-09-11T16:05:47+00:00
H6,528,NLD,Netherlands,120,CMR,Cameroon,False,M,2022,8542,14225.634,False,True,UN_Comtrade_official_public_preview_reporter_query,2026-09-11T16:05:47+00:00
H6,528,NLD,Netherlands,124,CAN,Canada,False,M,2022,8542,23929417.044,False,True,UN_Comtrade_official_public_preview_reporter_query,2026-09-11T16:05:47+00:00
H6,528,NLD,Netherlands,144,LKA,Sri Lanka,False,M,2022,8542,954.062,False,True,UN_Comtrade_official_public_preview_reporter_query,2026-09-11T16:05:47+00:00
H6,528,NLD,Netherlands,152,CHL,Chile,False,M,2022,8542,3118.077,False,True,UN_Comtrade_official_public_preview_reporter_query,2026-09-11T16:05:47+00:00
H6,528,NLD,Netherlands,156,CHN,China,False,M,2022,8542,443141325.553,False,True,UN_Comtrade_official_public_preview_reporter_query,2026-09-11T16:05:47+00:00
H6,528,NLD,Netherlands,170,COL,Colombia,False,M,2022,8542,148847.371,False,True,UN_Comtrade_official_public_preview_reporter_query,2026-09-11T16:05:47+00:00
H6,528,NLD,Netherlands,180,COD,Dem. Rep. of the Congo,False,M,2022,8542,9100.446,False,True,UN_Comtrade_official_public_preview_reporter_query,2026-09-11T16:05:47+00:00
H6,528,NLD,Netherlands,188,CRI,Costa Rica,False,M,2022,8542,393184915.473,False,True,UN_Comtrade_official_public_preview_reporter_query,2026-09-11T16:05:47+00:00
H6,528,NLD,Netherlands,191,HRV,Croatia,False,M,2022,8542,724467.972,False,True,UN_Comtrade_official_public_preview_reporter_query,2026-09-11T16:05:47+00:00
H6,528,NLD,Netherlands,196,CYP,Cyprus,False,M,2022,8542,47656.769,False,True,UN_Comtrade_official_public_preview_reporter_query,2026-09-11T16:05:47+00:00
H6,528,NLD,Netherlands,203,CZE,Czechia,False,M,2022,8542,52897203.177,False,True,UN_Comtrade_official_public_preview_reporter_query,2026-09-11T16:05:47+00:00
H6,528,NLD,Netherlands,208,DNK,Denmark,False,M,2022,8542,4576492.481,False,True,UN_Comtrade_official_public_preview_reporter_query,2026-09-11T16:05:47+00:00
H6,528,NLD,Netherlands,214,DOM,Dominican Rep.,False,M,2022,8542,988.813,False,True,UN_Comtrade_official_public_preview_reporter_query,2026-09-11T16:05:47+00:00
H6,528,NLD,Netherlands,231,ETH,Ethiopia,False,M,2022,8542,1.053,False,True,UN_Comtrade_official_public_preview_reporter_query,2026-09-11T16:05:47+00:00
H6,528,NLD,Netherlands,233,EST,Estonia,False,M,2022,8542,2348143.647,False,True,UN_Comtrade_official_public_preview_reporter_query,2026-09-11T16:05:47+00:00
H6,528,NLD,Netherlands,246,FIN,Finland,False,M,2022,8542,3339734.253,False,True,UN_Comtrade_official_public_preview_reporter_query,2026-09-11T16:05:47+00:00
H6,528,NLD,Netherlands,251,FRA,France,False,M,2022,8542,314663007.006,False,True,UN_Comtrade_official_public_preview_reporter_query,2026-09-11T16:05:47+00:00
H6,528,NLD,Netherlands,258,PYF,French Polynesia,False,M,2022,8542,176.912,False,True,UN_Comtrade_official_public_preview_reporter_query,2026-09-11T16:05:47+00:00
H6,528,NLD,Netherlands,268,GEO,Georgia,False,M,2022,8542,12611.31,False,True,UN_Comtrade_official_public_preview_reporter_query,2026-09-11T16:05:47+00:00
H6,528,NLD,Netherlands,276,DEU,Germany,False,M,2022,8542,209206552.39,False,True,UN_Comtrade_official_public_preview_reporter_query,2026-09-11T16:05:47+00:00
H6,528,NLD,Netherlands,288,GHA,Ghana,False,M,2022,8542,135374.667,False,True,UN_Comtrade_official_public_preview_reporter_query,2026-09-11T16:05:47+00:00
H6,528,NLD,Netherlands,300,GRC,Greece,False,M,2022,8542,342597.788,False,True,UN_Comtrade_official_public_preview_reporter_query,2026-09-11T16:05:47+00:00
H6,528,NLD,Netherlands,328,GUY,Guyana,False,M,2022,8542,1276.295,False,True,UN_Comtrade_official_public_preview_reporter_query,2026-09-11T16:05:47+00:00
H6,528,NLD,Netherlands,344,HKG,"China, Hong Kong SAR",False,M,2022,8542,725719596.195,False,True,UN_Comtrade_official_public_preview_reporter_query,2026-09-11T16:05:47+00:00
H6,528,NLD,Netherlands,348,HUN,Hungary,False,M,2022,8542,6191454.179,False,True,UN_Comtrade_official_public_preview_reporter_query,2026-09-11T16:05:47+00:00
H6,528,NLD,Netherlands,352,ISL,Iceland,False,M,2022,8542,210484.413,False,True,UN_Comtrade_official_public_preview_reporter_query,2026-09-11T16:05:47+00:00
H6,528,NLD,Netherlands,360,IDN,Indonesia,False,M,2022,8542,27600.405,False,True,UN_Comtrade_official_public_preview_reporter_query,2026-09-11T16:05:47+00:00
H6,528,NLD,Netherlands,368,IRQ,Iraq,False,M,2022,8542,2397.792,False,True,UN_Comtrade_official_public_preview_reporter_query,2026-09-11T16:05:47+00:00
H6,528,NLD,Netherlands,372,IRL,Ireland,False,M,2022,8542,15327084.9,False,True,UN_Comtrade_official_public_preview_reporter_query,2026-09-11T16:05:47+00:00
H6,528,NLD,Netherlands,376,ISR,Israel,False,M,2022,8542,14653213.808,False,True,UN_Comtrade_official_public_preview_reporter_query,2026-09-11T16:05:47+00:00
H6,528,NLD,Netherlands,380,ITA,Italy,False,M,2022,8542,23076649.839,False,True,UN_Comtrade_official_public_preview_reporter_query,2026-09-11T16:05:47+00:00
H6,528,NLD,Netherlands,384,CIV,Côte d'Ivoire,False,M,2022,8542,2783.208,False,True,UN_Comtrade_official_public_preview_reporter_query,2026-09-11T16:05:47+00:00
H6,528,NLD,Netherlands,392,JPN,Japan,False,M,2022,8542,54534918.096,False,True,UN_Comtrade_official_public_preview_reporter_query,2026-09-11T16:05:47+00:00
H6,528,NLD,Netherlands,398,KAZ,Kazakhstan,False,M,2022,8542,28931.458,False,True,UN_Comtrade_official_public_preview_reporter_query,2026-09-11T16:05:47+00:00
H6,528,NLD,Netherlands,400,JOR,Jordan,False,M,2022,8542,4281.696,False,True,UN_Comtrade_official_public_preview_reporter_query,2026-09-11T16:05:47+00:00
H6,528,NLD,Netherlands,404,KEN,Kenya,False,M,2022,8542,20434.409,False,True,UN_Comtrade_official_public_preview_reporter_query,2026-09-11T16:05:47+00:00
H6,528,NLD,Netherlands,410,KOR,Rep. of Korea,False,M,2022,8542,172585971.222,False,True,UN_Comtrade_official_public_preview_reporter_query,2026-09-11T16:05:47+00:00
H6,528,NLD,Netherlands,414,KWT,Kuwait,False,M,2022,8542,11121.247,False,True,UN_Comtrade_official_public_preview_reporter_query,2026-09-11T16:05:47+00:00
H6,528,NLD,Netherlands,422,LBN,Lebanon,False,M,2022,8542,5423.2,False,True,UN_Comtrade_official_public_preview_reporter_query,2026-09-11T16:05:47+00:00
H6,528,NLD,Netherlands,428,LVA,Latvia,False,M,2022,8542,1164343.234,False,True,UN_Comtrade_official_public_preview_reporter_query,2026-09-11T16:05:47+00:00
H6,528,NLD,Netherlands,430,LBR,Liberia,False,M,2022,8542,84.244,False,True,UN_Comtrade_official_public_preview_reporter_query,2026-09-11T16:05:47+00:00
H6,528,NLD,Netherlands,434,LBY,Libya,False,M,2022,8542,3290.777,False,True,UN_Comtrade_official_public_preview_reporter_query,2026-09-11T16:05:47+00:00
H6,528,NLD,Netherlands,440,LTU,Lithuania,False,M,2022,8542,782625.742,False,True,UN_Comtrade_official_public_preview_reporter_query,2026-09-11T16:05:47+00:00
H6,528,NLD,Netherlands,442,LUX,Luxembourg,False,M,2022,8542,1318930.772,False,True,UN_Comtrade_official_public_preview_reporter_query,2026-09-11T16:05:47+00:00
H6,528,NLD,Netherlands,446,MAC,"China, Macao SAR",False,M,2022,8542,12739.782,False,True,UN_Comtrade_official_public_preview_reporter_query,2026-09-11T16:05:47+00:00
H6,528,NLD,Netherlands,450,MDG,Madagascar,False,M,2022,8542,262.209,False,True,UN_Comtrade_official_public_preview_reporter_query,2026-09-11T16:05:47+00:00
H6,528,NLD,Netherlands,454,MWI,Malawi,False,M,2022,8542,402.265,False,True,UN_Comtrade_official_public_preview_reporter_query,2026-09-11T16:05:47+00:00
H6,528,NLD,Netherlands,458,MYS,Malaysia,False,M,2022,8542,721944600.087,False,True,UN_Comtrade_official_public_preview_reporter_query,2026-09-11T16:05:47+00:00
H6,528,NLD,Netherlands,470,MLT,Malta,False,M,2022,8542,50560.024,False,True,UN_Comtrade_official_public_preview_reporter_query,2026-09-11T16:05:47+00:00
H6,528,NLD,Netherlands,478,MRT,Mauritania,False,M,2022,8542,3024.356,False,True,UN_Comtrade_official_public_preview_reporter_query,2026-09-11T16:05:47+00:00
H6,528,NLD,Netherlands,480,MUS,Mauritius,False,M,2022,8542,14662.649,False,True,UN_Comtrade_official_public_preview_reporter_query,2026-09-11T16:05:47+00:00
H6,528,NLD,Netherlands,484,MEX,Mexico,False,M,2022,8542,28125132.406,False,True,UN_Comtrade_official_public_preview_reporter_query,2026-09-11T16:05:47+00:00
H6,528,NLD,Netherlands,490,S19,"Other Asia, nes",False,M,2022,8542,389444918.49,False,True,UN_Comtrade_official_public_preview_reporter_query,2026-09-11T16:05:47+00:00
H6,528,NLD,Netherlands,498,MDA,Rep. of Moldova,False,M,2022,8542,22466.793,False,True,UN_Comtrade_official_public_preview_reporter_query,2026-09-11T16:05:47+00:00
H6,528,NLD,Netherlands,499,MNE,Montenegro,False,M,2022,8542,43542.508,False,True,UN_Comtrade_official_public_preview_reporter_query,2026-09-11T16:05:47+00:00
H6,528,NLD,Netherlands,504,MAR,Morocco,False,M,2022,8542,3673.034,False,True,UN_Comtrade_official_public_preview_reporter_query,2026-09-11T16:05:47+00:00
H6,528,NLD,Netherlands,508,MOZ,Mozambique,False,M,2022,8542,8189.559,False,True,UN_Comtrade_official_public_preview_reporter_query,2026-09-11T16:05:47+00:00
H6,528,NLD,Netherlands,512,OMN,Oman,False,M,2022,8542,5394.768,False,True,UN_Comtrade_official_public_preview_reporter_query,2026-09-11T16:05:47+00:00
H6,528,NLD,Netherlands,516,NAM,Namibia,False,M,2022,8542,9.477,False,True,UN_Comtrade_official_public_preview_reporter_query,2026-09-11T16:05:47+00:00
H6,528,NLD,Netherlands,531,CUW,Curaçao,False,M,2022,8542,494.933,False,True,UN_Comtrade_official_public_preview_reporter_query,2026-09-11T16:05:47+00:00
H6,528,NLD,Netherlands,534,SXM,Saint Maarten,False,M,2022,8542,47.387,False,True,UN_Comtrade_official_public_preview_reporter_query,2026-09-11T16:05:47+00:00
H6,528,NLD,Netherlands,535,BES,Bonaire,False,M,2022,8542,465.447,False,True,UN_Comtrade_official_public_preview_reporter_query,2026-09-11T16:05:47+00:00
H6,528,NLD,Netherlands,540,NCL,New Caledonia,False,M,2022,8542,2588.394,False,True,UN_Comtrade_official_public_preview_reporter_query,2026-09-11T16:05:47+00:00
H6,528,NLD,Netherlands,554,NZL,New Zealand,False,M,2022,8542,270299.681,False,True,UN_Comtrade_official_public_preview_reporter_query,2026-09-11T16:05:47+00:00
H6,528,NLD,Netherlands,566,NGA,Nigeria,False,M,2022,8542,19506.673,False,True,UN_Comtrade_official_public_preview_reporter_query,2026-09-11T16:05:47+00:00
H6,528,NLD,Netherlands,568,E19,"Other Europe, nes",False,M,2022,8542,1298557.441,False,True,UN_Comtrade_official_public_preview_reporter_query,2026-09-11T16:05:47+00:00
H6,528,NLD,Netherlands,579,NOR,Norway,False,M,2022,8542,573372.342,False,True,UN_Comtrade_official_public_preview_reporter_query,2026-09-11T16:05:47+00:00
H6,528,NLD,Netherlands,584,MHL,Marshall Isds,False,M,2022,8542,99185.597,False,True,UN_Comtrade_official_public_preview_reporter_query,2026-09-11T16:05:47+00:00
H6,528,NLD,Netherlands,586,PAK,Pakistan,False,M,2022,8542,692.906,False,True,UN_Comtrade_official_public_preview_reporter_query,2026-09-11T16:05:47+00:00
H6,528,NLD,Netherlands,591,PAN,Panama,False,M,2022,8542,67951.122,False,True,UN_Comtrade_official_public_preview_reporter_query,2026-09-11T16:05:47+00:00
H6,528,NLD,Netherlands,598,PNG,Papua New Guinea,False,M,2022,8542,946669.657,False,True,UN_Comtrade_official_public_preview_reporter_query,2026-09-11T16:05:47+00:00
H6,528,NLD,Netherlands,608,PHL,Philippines,False,M,2022,8542,389492622.646,False,True,UN_Comtrade_official_public_preview_reporter_query,2026-09-11T16:05:47+00:00
H6,528,NLD,Netherlands,616,POL,Poland,False,M,2022,8542,37604258.113,False,True,UN_Comtrade_official_public_preview_reporter_query,2026-09-11T16:05:47+00:00
H6,528,NLD,Netherlands,620,PRT,Portugal,False,M,2022,8542,3177709.031,False,True,UN_Comtrade_official_public_preview_reporter_query,2026-09-11T16:05:47+00:00
H6,528,NLD,Netherlands,634,QAT,Qatar,False,M,2022,8542,54994.412,False,True,UN_Comtrade_official_public_preview_reporter_query,2026-09-11T16:05:47+00:00
H6,528,NLD,Netherlands,642,ROU,Romania,False,M,2022,8542,22834263.318,False,True,UN_Comtrade_official_public_preview_reporter_query,2026-09-11T16:05:47+00:00
H6,528,NLD,Netherlands,643,RUS,Russian Federation,False,M,2022,8542,49323.745,False,True,UN_Comtrade_official_public_preview_reporter_query,2026-09-11T16:05:47+00:00
H6,528,NLD,Netherlands,682,SAU,Saudi Arabia,False,M,2022,8542,191296.814,False,True,UN_Comtrade_official_public_preview_reporter_query,2026-09-11T16:05:47+00:00
H6,528,NLD,Netherlands,686,SEN,Senegal,False,M,2022,8542,2427.277,False,True,UN_Comtrade_official_public_preview_reporter_query,2026-09-11T16:05:47+00:00
H6,528,NLD,Netherlands,688,SRB,Serbia,False,M,2022,8542,48419.176,False,True,UN_Comtrade_official_public_preview_reporter_query,2026-09-11T16:05:47+00:00
H6,528,NLD,Netherlands,699,IND,India,False,M,2022,8542,605774.649,False,True,UN_Comtrade_official_public_preview_reporter_query,2026-09-11T16:05:47+00:00
H6,528,NLD,Netherlands,702,SGP,Singapore,False,M,2022,8542,589451791.635,False,True,UN_Comtrade_official_public_preview_reporter_query,2026-09-11T16:05:47+00:00
H6,528,NLD,Netherlands,703,SVK,Slovakia,False,M,2022,8542,4983525.262,False,True,UN_Comtrade_official_public_preview_reporter_query,2026-09-11T16:05:47+00:00
H6,528,NLD,Netherlands,704,VNM,Viet Nam,False,M,2022,8542,358128824.435,False,True,UN_Comtrade_official_public_preview_reporter_query,2026-09-11T16:05:47+00:00
H6,528,NLD,Netherlands,705,SVN,Slovenia,False,M,2022,8542,1281963.5,False,True,UN_Comtrade_official_public_preview_reporter_query,2026-09-11T16:05:47+00:00
H6,528,NLD,Netherlands,710,ZAF,South Africa,False,M,2022,8542,603621.164,False,True,UN_Comtrade_official_public_preview_reporter_query,2026-09-11T16:05:47+00:00
H6,528,NLD,Netherlands,716,ZWE,Zimbabwe,False,M,2022,8542,145.321,False,True,UN_Comtrade_official_public_preview_reporter_query,2026-09-11T16:05:47+00:00
H6,528,NLD,Netherlands,724,ESP,Spain,False,M,2022,8542,12165009.429,False,True,UN_Comtrade_official_public_preview_reporter_query,2026-09-11T16:05:47+00:00
H6,528,NLD,Netherlands,748,SWZ,Eswatini,False,M,2022,8542,3626.699,False,True,UN_Comtrade_official_public_preview_reporter_query,2026-09-11T16:05:47+00:00
H6,528,NLD,Netherlands,752,SWE,Sweden,False,M,2022,8542,7847034.068,False,True,UN_Comtrade_official_public_preview_reporter_query,2026-09-11T16:05:47+00:00
H6,528,NLD,Netherlands,757,CHE,Switzerland,False,M,2022,8542,11431774.827,False,True,UN_Comtrade_official_public_preview_reporter_query,2026-09-11T16:05:47+00:00
H6,528,NLD,Netherlands,764,THA,Thailand,False,M,2022,8542,72842214.862,False,True,UN_Comtrade_official_public_preview_reporter_query,2026-09-11T16:05:47+00:00
H6,528,NLD,Netherlands,784,ARE,United Arab Emirates,False,M,2022,8542,10862818.97,False,True,UN_Comtrade_official_public_preview_reporter_query,2026-09-11T16:05:47+00:00
H6,528,NLD,Netherlands,788,TUN,Tunisia,False,M,2022,8542,19228.668,False,True,UN_Comtrade_official_public_preview_reporter_query,2026-09-11T16:05:47+00:00
H6,528,NLD,Netherlands,792,TUR,Türkiye,False,M,2022,8542,1374546.483,False,True,UN_Comtrade_official_public_preview_reporter_query,2026-09-11T16:05:47+00:00
H6,528,NLD,Netherlands,800,UGA,Uganda,False,M,2022,8542,2300.911,False,True,UN_Comtrade_official_public_preview_reporter_query,2026-09-11T16:05:47+00:00
H6,528,NLD,Netherlands,804,UKR,Ukraine,False,M,2022,8542,7318.688,False,True,UN_Comtrade_official_public_preview_reporter_query,2026-09-11T16:05:47+00:00
H6,528,NLD,Netherlands,807,MKD,North Macedonia,False,M,2022,8542,6992.243,False,True,UN_Comtrade_official_public_preview_reporter_query,2026-09-11T16:05:47+00:00
H6,528,NLD,Netherlands,818,EGY,Egypt,False,M,2022,8542,61302.173,False,True,UN_Comtrade_official_public_preview_reporter_query,2026-09-11T16:05:47+00:00
H6,528,NLD,Netherlands,826,GBR,United Kingdom,False,M,2022,8542,92948123.954,False,True,UN_Comtrade_official_public_preview_reporter_query,2026-09-11T16:05:47+00:00
H6,528,NLD,Netherlands,834,TZA,United Rep. of Tanzania,False,M,2022,8542,7051.214,False,True,UN_Comtrade_official_public_preview_reporter_query,2026-09-11T16:05:47+00:00
H6,528,NLD,Netherlands,842,USA,USA,False,M,2022,8542,374730767.916,False,True,UN_Comtrade_official_public_preview_reporter_query,2026-09-11T16:05:47+00:00
H6,528,NLD,Netherlands,854,BFA,Burkina Faso,False,M,2022,8542,289.588,False,True,UN_Comtrade_official_public_preview_reporter_query,2026-09-11T16:05:47+00:00
H6,528,NLD,Netherlands,858,URY,Uruguay,False,M,2022,8542,982.494,False,True,UN_Comtrade_official_public_preview_reporter_query,2026-09-11T16:05:47+00:00
H6,528,NLD,Netherlands,860,UZB,Uzbekistan,False,M,2022,8542,5279.986,False,True,UN_Comtrade_official_public_preview_reporter_query,2026-09-11T16:05:47+00:00
H6,528,NLD,Netherlands,862,VEN,Venezuela,False,M,2022,8542,111.623,False,True,UN_Comtrade_official_public_preview_reporter_query,2026-09-11T16:05:47+00:00
H6,528,NLD,Netherlands,894,ZMB,Zambia,False,M,2022,8542,4763.992,False,True,UN_Comtrade_official_public_preview_reporter_query,2026-09-11T16:05:47+00:00
H6,528,NLD,Netherlands,899,_X ,"Areas, nes",False,M,2022,8542,17260.52,False,True,UN_Comtrade_official_public_preview_reporter_query,2026-09-11T16:05:47+00:00
H6,528,NLD,Netherlands,4,AFG,Afghanistan,False,X,2022,8542,155.851,False,True,UN_Comtrade_official_public_preview_reporter_query,2026-09-11T16:05:47+00:00
H6,528,NLD,Netherlands,8,ALB,Albania,False,X,2022,8542,11397.145,False,True,UN_Comtrade_official_public_preview_reporter_query,2026-09-11T16:05:47+00:00
H6,528,NLD,Netherlands,12,DZA,Algeria,False,X,2022,8542,51798.409,False,True,UN_Comtrade_official_public_preview_reporter_query,2026-09-11T16:05:47+00:00
H6,528,NLD,Netherlands,20,AND,Andorra,False,X,2022,8542,81519.654,False,True,UN_Comtrade_official_public_preview_reporter_query,2026-09-11T16:05:47+00:00
H6,528,NLD,Netherlands,24,AGO,Angola,False,X,2022,8542,73426.975,False,True,UN_Comtrade_official_public_preview_reporter_query,2026-09-11T16:05:47+00:00
H6,528,NLD,Netherlands,28,ATG,Antigua and Barbuda,False,X,2022,8542,24710.839,False,True,UN_Comtrade_official_public_preview_reporter_query,2026-09-11T16:05:47+00:00
H6,528,NLD,Netherlands,31,AZE,Azerbaijan,False,X,2022,8542,71650.482,False,True,UN_Comtrade_official_public_preview_reporter_query,2026-09-11T16:05:47+00:00
H6,528,NLD,Netherlands,32,ARG,Argentina,False,X,2022,8542,124961.069,False,True,UN_Comtrade_official_public_preview_reporter_query,2026-09-11T16:05:47+00:00
H6,528,NLD,Netherlands,36,AUS,Australia,False,X,2022,8542,5000664.682,False,True,UN_Comtrade_official_public_preview_reporter_query,2026-09-11T16:05:47+00:00
H6,528,NLD,Netherlands,40,AUT,Austria,False,X,2022,8542,28019714.867,False,True,UN_Comtrade_official_public_preview_reporter_query,2026-09-11T16:05:47+00:00
H6,528,NLD,Netherlands,48,BHR,Bahrain,False,X,2022,8542,54350.999,False,True,UN_Comtrade_official_public_preview_reporter_query,2026-09-11T16:05:47+00:00
H6,528,NLD,Netherlands,50,BGD,Bangladesh,False,X,2022,8542,28395.456,False,True,UN_Comtrade_official_public_preview_reporter_query,2026-09-11T16:05:47+00:00
H6,528,NLD,Netherlands,51,ARM,Armenia,False,X,2022,8542,473656.009,False,True,UN_Comtrade_official_public_preview_reporter_query,2026-09-11T16:05:47+00:00
H6,528,NLD,Netherlands,52,BRB,Barbados,False,X,2022,8542,437.015,False,True,UN_Comtrade_official_public_preview_reporter_query,2026-09-11T16:05:47+00:00
H6,528,NLD,Netherlands,56,BEL,Belgium,False,X,2022,8542,59862875.557,False,True,UN_Comtrade_official_public_preview_reporter_query,2026-09-11T16:05:47+00:00
H6,528,NLD,Netherlands,60,BMU,Bermuda,False,X,2022,8542,4707.127,False,True,UN_Comtrade_official_public_preview_reporter_query,2026-09-11T16:05:47+00:00
H6,528,NLD,Netherlands,68,BOL,Bolivia (Plurinational State of),False,X,2022,8542,1951.299,False,True,UN_Comtrade_official_public_preview_reporter_query,2026-09-11T16:05:47+00:00
H6,528,NLD,Netherlands,70,BIH,Bosnia Herzegovina,False,X,2022,8542,310884.176,False,True,UN_Comtrade_official_public_preview_reporter_query,2026-09-11T16:05:47+00:00
H6,528,NLD,Netherlands,72,BWA,Botswana,False,X,2022,8542,14185.618,False,True,UN_Comtrade_official_public_preview_reporter_query,2026-09-11T16:05:47+00:00
H6,528,NLD,Netherlands,76,BRA,Brazil,False,X,2022,8542,1264992.569,False,True,UN_Comtrade_official_public_preview_reporter_query,2026-09-11T16:05:47+00:00
H6,528,NLD,Netherlands,92,VGB,Br. Virgin Isds,False,X,2022,8542,2232.463,False,True,UN_Comtrade_official_public_preview_reporter_query,2026-09-11T16:05:47+00:00
H6,528,NLD,Netherlands,96,BRN,Brunei Darussalam,False,X,2022,8542,4996.716,False,True,UN_Comtrade_official_public_preview_reporter_query,2026-09-11T16:05:47+00:00
H6,528,NLD,Netherlands,100,BGR,Bulgaria,False,X,2022,8542,3705588.62,False,True,UN_Comtrade_official_public_preview_reporter_query,2026-09-11T16:05:47+00:00
H6,528,NLD,Netherlands,112,BLR,Belarus,False,X,2022,8542,44509.206,False,True,UN_Comtrade_official_public_preview_reporter_query,2026-09-11T16:05:47+00:00
H6,528,NLD,Netherlands,116,KHM,Cambodia,False,X,2022,8542,1429987.387,False,True,UN_Comtrade_official_public_preview_reporter_query,2026-09-11T16:05:47+00:00
H6,528,NLD,Netherlands,120,CMR,Cameroon,False,X,2022,8542,1112.019,False,True,UN_Comtrade_official_public_preview_reporter_query,2026-09-11T16:05:47+00:00
H6,528,NLD,Netherlands,124,CAN,Canada,False,X,2022,8542,39434954.724,False,True,UN_Comtrade_official_public_preview_reporter_query,2026-09-11T16:05:47+00:00
H6,528,NLD,Netherlands,144,LKA,Sri Lanka,False,X,2022,8542,39033.354,False,True,UN_Comtrade_official_public_preview_reporter_query,2026-09-11T16:05:47+00:00
H6,528,NLD,Netherlands,152,CHL,Chile,False,X,2022,8542,102105.701,False,True,UN_Comtrade_official_public_preview_reporter_query,2026-09-11T16:05:47+00:00
H6,528,NLD,Netherlands,156,CHN,China,False,X,2022,8542,704810520.594,False,True,UN_Comtrade_official_public_preview_reporter_query,2026-09-11T16:05:47+00:00
H6,528,NLD,Netherlands,170,COL,Colombia,False,X,2022,8542,268959.151,False,True,UN_Comtrade_official_public_preview_reporter_query,2026-09-11T16:05:47+00:00
H6,528,NLD,Netherlands,178,COG,Congo,False,X,2022,8542,45294.781,False,True,UN_Comtrade_official_public_preview_reporter_query,2026-09-11T16:05:47+00:00
H6,528,NLD,Netherlands,180,COD,Dem. Rep. of the Congo,False,X,2022,8542,67910.053,False,True,UN_Comtrade_official_public_preview_reporter_query,2026-09-11T16:05:47+00:00
H6,528,NLD,Netherlands,188,CRI,Costa Rica,False,X,2022,8542,847533.553,False,True,UN_Comtrade_official_public_preview_reporter_query,2026-09-11T16:05:47+00:00
H6,528,NLD,Netherlands,191,HRV,Croatia,False,X,2022,8542,4009380.513,False,True,UN_Comtrade_official_public_preview_reporter_query,2026-09-11T16:05:47+00:00
H6,528,NLD,Netherlands,196,CYP,Cyprus,False,X,2022,8542,1004347.237,False,True,UN_Comtrade_official_public_preview_reporter_query,2026-09-11T16:05:47+00:00
H6,528,NLD,Netherlands,203,CZE,Czechia,False,X,2022,8542,165454899.653,False,True,UN_Comtrade_official_public_preview_reporter_query,2026-09-11T16:05:47+00:00
H6,528,NLD,Netherlands,204,BEN,Benin,False,X,2022,8542,60579.782,False,True,UN_Comtrade_official_public_preview_reporter_query,2026-09-11T16:05:47+00:00
H6,528,NLD,Netherlands,208,DNK,Denmark,False,X,2022,8542,24351401.01,False,True,UN_Comtrade_official_public_preview_reporter_query,2026-09-11T16:05:47+00:00
H6,528,NLD,Netherlands,212,DMA,Dominica,False,X,2022,8542,30871.174,False,True,UN_Comtrade_official_public_preview_reporter_query,2026-09-11T16:05:47+00:00
H6,528,NLD,Netherlands,214,DOM,Dominican Rep.,False,X,2022,8542,53038.9,False,True,UN_Comtrade_official_public_preview_reporter_query,2026-09-11T16:05:47+00:00
H6,528,NLD,Netherlands,218,ECU,Ecuador,False,X,2022,8542,107387.793,False,True,UN_Comtrade_official_public_preview_reporter_query,2026-09-11T16:05:47+00:00
H6,528,NLD,Netherlands,222,SLV,El Salvador,False,X,2022,8542,40368.619,False,True,UN_Comtrade_official_public_preview_reporter_query,2026-09-11T16:05:47+00:00
H6,528,NLD,Netherlands,226,GNQ,Equatorial Guinea,False,X,2022,8542,3545.615,False,True,UN_Comtrade_official_public_preview_reporter_query,2026-09-11T16:05:47+00:00
H6,528,NLD,Netherlands,233,EST,Estonia,False,X,2022,8542,19410748.516,False,True,UN_Comtrade_official_public_preview_reporter_query,2026-09-11T16:05:47+00:00
H6,528,NLD,Netherlands,234,FRO,Faroe Isds,False,X,2022,8542,4528.109,False,True,UN_Comtrade_official_public_preview_reporter_query,2026-09-11T16:05:47+00:00
H6,528,NLD,Netherlands,246,FIN,Finland,False,X,2022,8542,11299468.744,False,True,UN_Comtrade_official_public_preview_reporter_query,2026-09-11T16:05:47+00:00
H6,528,NLD,Netherlands,251,FRA,France,False,X,2022,8542,110661357.026,False,True,UN_Comtrade_official_public_preview_reporter_query,2026-09-11T16:05:47+00:00
H6,528,NLD,Netherlands,258,PYF,French Polynesia,False,X,2022,8542,13335.808,False,True,UN_Comtrade_official_public_preview_reporter_query,2026-09-11T16:05:47+00:00
H6,528,NLD,Netherlands,262,DJI,Djibouti,False,X,2022,8542,1373.175,False,True,UN_Comtrade_official_public_preview_reporter_query,2026-09-11T16:05:47+00:00
H6,528,NLD,Netherlands,266,GAB,Gabon,False,X,2022,8542,2298.805,False,True,UN_Comtrade_official_public_preview_reporter_query,2026-09-11T16:05:47+00:00
H6,528,NLD,Netherlands,268,GEO,Georgia,False,X,2022,8542,60677.715,False,True,UN_Comtrade_official_public_preview_reporter_query,2026-09-11T16:05:47+00:00
H6,528,NLD,Netherlands,275,PSE,State of Palestine,False,X,2022,8542,2610.508,False,True,UN_Comtrade_official_public_preview_reporter_query,2026-09-11T16:05:47+00:00
H6,528,NLD,Netherlands,276,DEU,Germany,False,X,2022,8542,777992942.824,False,True,UN_Comtrade_official_public_preview_reporter_query,2026-09-11T16:05:47+00:00
H6,528,NLD,Netherlands,288,GHA,Ghana,False,X,2022,8542,56295.98,False,True,UN_Comtrade_official_public_preview_reporter_query,2026-09-11T16:05:47+00:00
H6,528,NLD,Netherlands,292,GIB,Gibraltar,False,X,2022,8542,2446.232,False,True,UN_Comtrade_official_public_preview_reporter_query,2026-09-11T16:05:47+00:00
H6,528,NLD,Netherlands,300,GRC,Greece,False,X,2022,8542,6111348.769,False,True,UN_Comtrade_official_public_preview_reporter_query,2026-09-11T16:05:47+00:00
H6,528,NLD,Netherlands,320,GTM,Guatemala,False,X,2022,8542,35980.566,False,True,UN_Comtrade_official_public_preview_reporter_query,2026-09-11T16:05:47+00:00
H6,528,NLD,Netherlands,324,GIN,Guinea,False,X,2022,8542,7442.948,False,True,UN_Comtrade_official_public_preview_reporter_query,2026-09-11T16:05:47+00:00
H6,528,NLD,Netherlands,328,GUY,Guyana,False,X,2022,8542,2010.27,False,True,UN_Comtrade_official_public_preview_reporter_query,2026-09-11T16:05:47+00:00
H6,528,NLD,Netherlands,340,HND,Honduras,False,X,2022,8542,3066.478,False,True,UN_Comtrade_official_public_preview_reporter_query,2026-09-11T16:05:47+00:00
H6,528,NLD,Netherlands,344,HKG,"China, Hong Kong SAR",False,X,2022,8542,193492778.556,False,True,UN_Comtrade_official_public_preview_reporter_query,2026-09-11T16:05:47+00:00
H6,528,NLD,Netherlands,348,HUN,Hungary,False,X,2022,8542,157420281.821,False,True,UN_Comtrade_official_public_preview_reporter_query,2026-09-11T16:05:47+00:00
H6,528,NLD,Netherlands,352,ISL,Iceland,False,X,2022,8542,234012.679,False,True,UN_Comtrade_official_public_preview_reporter_query,2026-09-11T16:05:47+00:00
H6,528,NLD,Netherlands,360,IDN,Indonesia,False,X,2022,8542,361831.721,False,True,UN_Comtrade_official_public_preview_reporter_query,2026-09-11T16:05:47+00:00
H6,528,NLD,Netherlands,364,IRN,Iran,False,X,2022,8542,6717.397,False,True,UN_Comtrade_official_public_preview_reporter_query,2026-09-11T16:05:47+00:00
H6,528,NLD,Netherlands,368,IRQ,Iraq,False,X,2022,8542,111411.492,False,True,UN_Comtrade_official_public_preview_reporter_query,2026-09-11T16:05:47+00:00
H6,528,NLD,Netherlands,372,IRL,Ireland,False,X,2022,8542,38137984.228,False,True,UN_Comtrade_official_public_preview_reporter_query,2026-09-11T16:05:47+00:00
H6,528,NLD,Netherlands,376,ISR,Israel,False,X,2022,8542,196577922.506,False,True,UN_Comtrade_official_public_preview_reporter_query,2026-09-11T16:05:47+00:00
H6,528,NLD,Netherlands,380,ITA,Italy,False,X,2022,8542,51222420.946,False,True,UN_Comtrade_official_public_preview_reporter_query,2026-09-11T16:05:47+00:00
H6,528,NLD,Netherlands,384,CIV,Côte d'Ivoire,False,X,2022,8542,17991.336,False,True,UN_Comtrade_official_public_preview_reporter_query,2026-09-11T16:05:47+00:00
H6,528,NLD,Netherlands,392,JPN,Japan,False,X,2022,8542,14621146.372,False,True,UN_Comtrade_official_public_preview_reporter_query,2026-09-11T16:05:47+00:00
H6,528,NLD,Netherlands,398,KAZ,Kazakhstan,False,X,2022,8542,2183596.374,False,True,UN_Comtrade_official_public_preview_reporter_query,2026-09-11T16:05:47+00:00
H6,528,NLD,Netherlands,400,JOR,Jordan,False,X,2022,8542,524838.384,False,True,UN_Comtrade_official_public_preview_reporter_query,2026-09-11T16:05:47+00:00
H6,528,NLD,Netherlands,404,KEN,Kenya,False,X,2022,8542,103331.45,False,True,UN_Comtrade_official_public_preview_reporter_query,2026-09-11T16:05:47+00:00
H6,528,NLD,Netherlands,410,KOR,Rep. of Korea,False,X,2022,8542,199841274.93,False,True,UN_Comtrade_official_public_preview_reporter_query,2026-09-11T16:05:47+00:00
H6,528,NLD,Netherlands,414,KWT,Kuwait,False,X,2022,8542,750865.795,False,True,UN_Comtrade_official_public_preview_reporter_query,2026-09-11T16:05:47+00:00
H6,528,NLD,Netherlands,417,KGZ,Kyrgyzstan,False,X,2022,8542,448.599,False,True,UN_Comtrade_official_public_preview_reporter_query,2026-09-11T16:05:47+00:00
H6,528,NLD,Netherlands,418,LAO,Lao People's Dem. Rep.,False,X,2022,8542,1546.928,False,True,UN_Comtrade_official_public_preview_reporter_query,2026-09-11T16:05:47+00:00
H6,528,NLD,Netherlands,422,LBN,Lebanon,False,X,2022,8542,305875.876,False,True,UN_Comtrade_official_public_preview_reporter_query,2026-09-11T16:05:47+00:00
H6,528,NLD,Netherlands,428,LVA,Latvia,False,X,2022,8542,16098504.098,False,True,UN_Comtrade_official_public_preview_reporter_query,2026-09-11T16:05:47+00:00
H6,528,NLD,Netherlands,430,LBR,Liberia,False,X,2022,8542,749.771,False,True,UN_Comtrade_official_public_preview_reporter_query,2026-09-11T16:05:47+00:00
H6,528,NLD,Netherlands,434,LBY,Libya,False,X,2022,8542,19272.896,False,True,UN_Comtrade_official_public_preview_reporter_query,2026-09-11T16:05:47+00:00
H6,528,NLD,Netherlands,440,LTU,Lithuania,False,X,2022,8542,20370050.545,False,True,UN_Comtrade_official_public_preview_reporter_query,2026-09-11T16:05:47+00:00
H6,528,NLD,Netherlands,442,LUX,Luxembourg,False,X,2022,8542,3998495.149,False,True,UN_Comtrade_official_public_preview_reporter_query,2026-09-11T16:05:47+00:00
H6,528,NLD,Netherlands,446,MAC,"China, Macao SAR",False,X,2022,8542,93954.052,False,True,UN_Comtrade_official_public_preview_reporter_query,2026-09-11T16:05:47+00:00
H6,528,NLD,Netherlands,450,MDG,Madagascar,False,X,2022,8542,2775.836,False,True,UN_Comtrade_official_public_preview_reporter_query,2026-09-11T16:05:47+00:00
H6,528,NLD,Netherlands,454,MWI,Malawi,False,X,2022,8542,1874.427,False,True,UN_Comtrade_official_public_preview_reporter_query,2026-09-11T16:05:47+00:00
H6,528,NLD,Netherlands,458,MYS,Malaysia,False,X,2022,8542,103864113.456,False,True,UN_Comtrade_official_public_preview_reporter_query,2026-09-11T16:05:47+00:00
H6,528,NLD,Netherlands,462,MDV,Maldives,False,X,2022,8542,1571356.007,False,True,UN_Comtrade_official_public_preview_reporter_query,2026-09-11T16:05:47+00:00
H6,528,NLD,Netherlands,466,MLI,Mali,False,X,2022,8542,3557.198,False,True,UN_Comtrade_official_public_preview_reporter_query,2026-09-11T16:05:47+00:00
H6,528,NLD,Netherlands,470,MLT,Malta,False,X,2022,8542,1747118.247,False,True,UN_Comtrade_official_public_preview_reporter_query,2026-09-11T16:05:47+00:00
H6,528,NLD,Netherlands,478,MRT,Mauritania,False,X,2022,8542,816.113,False,True,UN_Comtrade_official_public_preview_reporter_query,2026-09-11T16:05:47+00:00
H6,528,NLD,Netherlands,480,MUS,Mauritius,False,X,2022,8542,68951.518,False,True,UN_Comtrade_official_public_preview_reporter_query,2026-09-11T16:05:47+00:00
H6,528,NLD,Netherlands,484,MEX,Mexico,False,X,2022,8542,16749980.004,False,True,UN_Comtrade_official_public_preview_reporter_query,2026-09-11T16:05:47+00:00
H6,528,NLD,Netherlands,490,S19,"Other Asia, nes",False,X,2022,8542,54040466.483,False,True,UN_Comtrade_official_public_preview_reporter_query,2026-09-11T16:05:47+00:00
H6,528,NLD,Netherlands,496,MNG,Mongolia,False,X,2022,8542,17741.763,False,True,UN_Comtrade_official_public_preview_reporter_query,2026-09-11T16:05:47+00:00
H6,528,NLD,Netherlands,498,MDA,Rep. of Moldova,False,X,2022,8542,26443.104,False,True,UN_Comtrade_official_public_preview_reporter_query,2026-09-11T16:05:47+00:00
H6,528,NLD,Netherlands,499,MNE,Montenegro,False,X,2022,8542,227333.191,False,True,UN_Comtrade_official_public_preview_reporter_query,2026-09-11T16:05:47+00:00
H6,528,NLD,Netherlands,504,MAR,Morocco,False,X,2022,8542,6923669.429,False,True,UN_Comtrade_official_public_preview_reporter_query,2026-09-11T16:05:47+00:00
H6,528,NLD,Netherlands,508,MOZ,Mozambique,False,X,2022,8542,177290.214,False,True,UN_Comtrade_official_public_preview_reporter_query,2026-09-11T16:05:47+00:00
H6,528,NLD,Netherlands,512,OMN,Oman,False,X,2022,8542,264570.044,False,True,UN_Comtrade_official_public_preview_reporter_query,2026-09-11T16:05:47+00:00
H6,528,NLD,Netherlands,516,NAM,Namibia,False,X,2022,8542,8964.603,False,True,UN_Comtrade_official_public_preview_reporter_query,2026-09-11T16:05:47+00:00
H6,528,NLD,Netherlands,524,NPL,Nepal,False,X,2022,8542,2337.768,False,True,UN_Comtrade_official_public_preview_reporter_query,2026-09-11T16:05:47+00:00
H6,528,NLD,Netherlands,531,CUW,Curaçao,False,X,2022,8542,1112550.09,False,True,UN_Comtrade_official_public_preview_reporter_query,2026-09-11T16:05:47+00:00
H6,528,NLD,Netherlands,533,ABW,Aruba,False,X,2022,8542,933531.823,False,True,UN_Comtrade_official_public_preview_reporter_query,2026-09-11T16:05:47+00:00
H6,528,NLD,Netherlands,534,SXM,Saint Maarten,False,X,2022,8542,449852.897,False,True,UN_Comtrade_official_public_preview_reporter_query,2026-09-11T16:05:47+00:00
H6,528,NLD,Netherlands,535,BES,Bonaire,False,X,2022,8542,731519.186,False,True,UN_Comtrade_official_public_preview_reporter_query,2026-09-11T16:05:47+00:00
H6,528,NLD,Netherlands,540,NCL,New Caledonia,False,X,2022,8542,13495.871,False,True,UN_Comtrade_official_public_preview_reporter_query,2026-09-11T16:05:47+00:00
H6,528,NLD,Netherlands,554,NZL,New Zealand,False,X,2022,8542,189396.061,False,True,UN_Comtrade_official_public_preview_reporter_query,2026-09-11T16:05:47+00:00
H6,528,NLD,Netherlands,566,NGA,Nigeria,False,X,2022,8542,176890.056,False,True,UN_Comtrade_official_public_preview_reporter_query,2026-09-11T16:05:47+00:00
H6,528,NLD,Netherlands,568,E19,"Other Europe, nes",False,X,2022,8542,2373876.996,False,True,UN_Comtrade_official_public_preview_reporter_query,2026-09-11T16:05:47+00:00
H6,528,NLD,Netherlands,579,NOR,Norway,False,X,2022,8542,5527471.214,False,True,UN_Comtrade_official_public_preview_reporter_query,2026-09-11T16:05:47+00:00
H6,528,NLD,Netherlands,586,PAK,Pakistan,False,X,2022,8542,391678.279,False,True,UN_Comtrade_official_public_preview_reporter_query,2026-09-11T16:05:47+00:00
H6,528,NLD,Netherlands,591,PAN,Panama,False,X,2022,8542,58794.864,False,True,UN_Comtrade_official_public_preview_reporter_query,2026-09-11T16:05:47+00:00
H6,528,NLD,Netherlands,600,PRY,Paraguay,False,X,2022,8542,8504.421,False,True,UN_Comtrade_official_public_preview_reporter_query,2026-09-11T16:05:47+00:00
H6,528,NLD,Netherlands,604,PER,Peru,False,X,2022,8542,44640.838,False,True,UN_Comtrade_official_public_preview_reporter_query,2026-09-11T16:05:47+00:00
H6,528,NLD,Netherlands,608,PHL,Philippines,False,X,2022,8542,11815215.106,False,True,UN_Comtrade_official_public_preview_reporter_query,2026-09-11T16:05:47+00:00
H6,528,NLD,Netherlands,616,POL,Poland,False,X,2022,8542,127608454.044,False,True,UN_Comtrade_official_public_preview_reporter_query,2026-09-11T16:05:47+00:00
H6,528,NLD,Netherlands,620,PRT,Portugal,False,X,2022,8542,32846507.53,False,True,UN_Comtrade_official_public_preview_reporter_query,2026-09-11T16:05:47+00:00
H6,528,NLD,Netherlands,634,QAT,Qatar,False,X,2022,8542,783708.276,False,True,UN_Comtrade_official_public_preview_reporter_query,2026-09-11T16:05:47+00:00
H6,528,NLD,Netherlands,642,ROU,Romania,False,X,2022,8542,65374693.203,False,True,UN_Comtrade_official_public_preview_reporter_query,2026-09-11T16:05:47+00:00
H6,528,NLD,Netherlands,643,RUS,Russian Federation,False,X,2022,8542,41064495.88,False,True,UN_Comtrade_official_public_preview_reporter_query,2026-09-11T16:05:47+00:00
H6,528,NLD,Netherlands,646,RWA,Rwanda,False,X,2022,8542,7386.083,False,True,UN_Comtrade_official_public_preview_reporter_query,2026-09-11T16:05:47+00:00
H6,528,NLD,Netherlands,674,SMR,San Marino,False,X,2022,8542,835893.154,False,True,UN_Comtrade_official_public_preview_reporter_query,2026-09-11T16:05:47+00:00
H6,528,NLD,Netherlands,682,SAU,Saudi Arabia,False,X,2022,8542,1130769.937,False,True,UN_Comtrade_official_public_preview_reporter_query,2026-09-11T16:05:47+00:00
H6,528,NLD,Netherlands,686,SEN,Senegal,False,X,2022,8542,11829.948,False,True,UN_Comtrade_official_public_preview_reporter_query,2026-09-11T16:05:47+00:00
H6,528,NLD,Netherlands,688,SRB,Serbia,False,X,2022,8542,4265436.659,False,True,UN_Comtrade_official_public_preview_reporter_query,2026-09-11T16:05:47+00:00
H6,528,NLD,Netherlands,690,SYC,Seychelles,False,X,2022,8542,1994.474,False,True,UN_Comtrade_official_public_preview_reporter_query,2026-09-11T16:05:47+00:00
H6,528,NLD,Netherlands,694,SLE,Sierra Leone,False,X,2022,8542,5897.072,False,True,UN_Comtrade_official_public_preview_reporter_query,2026-09-11T16:05:47+00:00
H6,528,NLD,Netherlands,699,IND,India,False,X,2022,8542,16408328.907,False,True,UN_Comtrade_official_public_preview_reporter_query,2026-09-11T16:05:47+00:00
H6,528,NLD,Netherlands,702,SGP,Singapore,False,X,2022,8542,68269011.052,False,True,UN_Comtrade_official_public_preview_reporter_query,2026-09-11T16:05:47+00:00
H6,528,NLD,Netherlands,703,SVK,Slovakia,False,X,2022,8542,21253830.032,False,True,UN_Comtrade_official_public_preview_reporter_query,2026-09-11T16:05:47+00:00
H6,528,NLD,Netherlands,704,VNM,Viet Nam,False,X,2022,8542,25878208.847,False,True,UN_Comtrade_official_public_preview_reporter_query,2026-09-11T16:05:47+00:00
H6,528,NLD,Netherlands,705,SVN,Slovenia,False,X,2022,8542,5384819.981,False,True,UN_Comtrade_official_public_preview_reporter_query,2026-09-11T16:05:47+00:00
H6,528,NLD,Netherlands,710,ZAF,South Africa,False,X,2022,8542,16895810.391,False,True,UN_Comtrade_official_public_preview_reporter_query,2026-09-11T16:05:47+00:00
H6,528,NLD,Netherlands,716,ZWE,Zimbabwe,False,X,2022,8542,2366.2,False,True,UN_Comtrade_official_public_preview_reporter_query,2026-09-11T16:05:47+00:00
H6,528,NLD,Netherlands,724,ESP,Spain,False,X,2022,8542,39981124.714,False,True,UN_Comtrade_official_public_preview_reporter_query,2026-09-11T16:05:47+00:00
H6,528,NLD,Netherlands,729,SDN,Sudan,False,X,2022,8542,25537.482,False,True,UN_Comtrade_official_public_preview_reporter_query,2026-09-11T16:05:47+00:00
H6,528,NLD,Netherlands,740,SUR,Suriname,False,X,2022,8542,798758.447,False,True,UN_Comtrade_official_public_preview_reporter_query,2026-09-11T16:05:47+00:00
H6,528,NLD,Netherlands,748,SWZ,Eswatini,False,X,2022,8542,16728.731,False,True,UN_Comtrade_official_public_preview_reporter_query,2026-09-11T16:05:47+00:00
H6,528,NLD,Netherlands,752,SWE,Sweden,False,X,2022,8542,101242399.359,False,True,UN_Comtrade_official_public_preview_reporter_query,2026-09-11T16:05:47+00:00
H6,528,NLD,Netherlands,757,CHE,Switzerland,False,X,2022,8542,74984447.486,False,True,UN_Comtrade_official_public_preview_reporter_query,2026-09-11T16:05:47+00:00
H6,528,NLD,Netherlands,760,SYR,Syria,False,X,2022,8542,8787.691,False,True,UN_Comtrade_official_public_preview_reporter_query,2026-09-11T16:05:47+00:00
H6,528,NLD,Netherlands,764,THA,Thailand,False,X,2022,8542,216004178.217,False,True,UN_Comtrade_official_public_preview_reporter_query,2026-09-11T16:05:47+00:00
H6,528,NLD,Netherlands,768,TGO,Togo,False,X,2022,8542,14281.446,False,True,UN_Comtrade_official_public_preview_reporter_query,2026-09-11T16:05:47+00:00
H6,528,NLD,Netherlands,780,TTO,Trinidad and Tobago,False,X,2022,8542,17334.233,False,True,UN_Comtrade_official_public_preview_reporter_query,2026-09-11T16:05:47+00:00
H6,528,NLD,Netherlands,784,ARE,United Arab Emirates,False,X,2022,8542,76468494.178,False,True,UN_Comtrade_official_public_preview_reporter_query,2026-09-11T16:05:47+00:00
H6,528,NLD,Netherlands,788,TUN,Tunisia,False,X,2022,8542,14447086.91,False,True,UN_Comtrade_official_public_preview_reporter_query,2026-09-11T16:05:47+00:00
H6,528,NLD,Netherlands,792,TUR,Türkiye,False,X,2022,8542,39646637.507,False,True,UN_Comtrade_official_public_preview_reporter_query,2026-09-11T16:05:47+00:00
H6,528,NLD,Netherlands,800,UGA,Uganda,False,X,2022,8542,43398.24,False,True,UN_Comtrade_official_public_preview_reporter_query,2026-09-11T16:05:47+00:00
H6,528,NLD,Netherlands,804,UKR,Ukraine,False,X,2022,8542,2517471.76,False,True,UN_Comtrade_official_public_preview_reporter_query,2026-09-11T16:05:47+00:00
H6,528,NLD,Netherlands,807,MKD,North Macedonia,False,X,2022,8542,2011681.973,False,True,UN_Comtrade_official_public_preview_reporter_query,2026-09-11T16:05:47+00:00
H6,528,NLD,Netherlands,818,EGY,Egypt,False,X,2022,8542,791889.411,False,True,UN_Comtrade_official_public_preview_reporter_query,2026-09-11T16:05:47+00:00
H6,528,NLD,Netherlands,826,GBR,United Kingdom,False,X,2022,8542,492996330.208,False,True,UN_Comtrade_official_public_preview_reporter_query,2026-09-11T16:05:47+00:00
H6,528,NLD,Netherlands,834,TZA,United Rep. of Tanzania,False,X,2022,8542,35587.778,False,True,UN_Comtrade_official_public_preview_reporter_query,2026-09-11T16:05:47+00:00
H6,528,NLD,Netherlands,837,X1 ,Bunkers,False,X,2022,8542,63382.997,False,True,UN_Comtrade_official_public_preview_reporter_query,2026-09-11T16:05:47+00:00
H6,528,NLD,Netherlands,842,USA,USA,False,X,2022,8542,669361505.521,False,True,UN_Comtrade_official_public_preview_reporter_query,2026-09-11T16:05:47+00:00
H6,528,NLD,Netherlands,854,BFA,Burkina Faso,False,X,2022,8542,11579.323,False,True,UN_Comtrade_official_public_preview_reporter_query,2026-09-11T16:05:47+00:00
H6,528,NLD,Netherlands,858,URY,Uruguay,False,X,2022,8542,42414.693,False,True,UN_Comtrade_official_public_preview_reporter_query,2026-09-11T16:05:47+00:00
H6,528,NLD,Netherlands,860,UZB,Uzbekistan,False,X,2022,8542,83067.635,False,True,UN_Comtrade_official_public_preview_reporter_query,2026-09-11T16:05:47+00:00
H6,528,NLD,Netherlands,862,VEN,Venezuela,False,X,2022,8542,82.138,False,True,UN_Comtrade_official_public_preview_reporter_query,2026-09-11T16:05:47+00:00
H6,528,NLD,Netherlands,887,YEM,Yemen,False,X,2022,8542,6880.62,False,True,UN_Comtrade_official_public_preview_reporter_query,2026-09-11T16:05:47+00:00
H6,528,NLD,Netherlands,894,ZMB,Zambia,False,X,2022,8542,9846.005,False,True,UN_Comtrade_official_public_preview_reporter_query,2026-09-11T16:05:47+00:00
H6,528,NLD,Netherlands,899,_X ,"Areas, nes",False,X,2022,8542,26155.622,False,True,UN_Comtrade_official_public_preview_reporter_query,2026-09-11T16:05:47+00:00
